source_model,question_id,prompt_id,question,prompt,reasoning_content,response,judge_model,score,correct,reason,raw_judge_response,qwen_reasoning
Gemma-4-26B,1,P1,జనెత్ బాతులు ప్రతిరోజూ 16 గుడ్లు పెడతాయి. ఆమె ప్రతిరోజూ ఉదయం అల్పాహారం కొరకు మూడు గుడ్లు తింటుంది మరియు ప్రతిరోజూ నాలుగింటితో తన స్నేహితుల కొరకు మఫిన్‌లు బేక్ చేస్తుంది. ఆమె మిగిలిన వాటిని రోజూ రైతు మార్కెట్ వద్ద ప్రతి తాజా బాతు గుడ్డును $2కు విక్రయిస్తుంది. ఆమె రైతు మార్కెట్ వద్ద ప్రతిరోజూ ఎన్ని డాలర్లు సంపాదిస్తుంది?,"Solve the following math problem step by step. Show your reasoning clearly and provide the final answer.

Problem:
జనెత్ బాతులు ప్రతిరోజూ 16 గుడ్లు పెడతాయి. ఆమె ప్రతిరోజూ ఉదయం అల్పాహారం కొరకు మూడు గుడ్లు తింటుంది మరియు ప్రతిరోజూ నాలుగింటితో తన స్నేహితుల కొరకు మఫిన్‌లు బేక్ చేస్తుంది. ఆమె మిగిలిన వాటిని రోజూ రైతు మార్కెట్ వద్ద ప్రతి తాజా బాతు గుడ్డును $2కు విక్రయిస్తుంది. ఆమె రైతు మార్కెట్ వద్ద ప్రతిరోజూ ఎన్ని డాలర్లు సంపాదిస్తుంది?","*   Zenith (జనెత్) has ducks.
    *   Total eggs produced per day: 16.
    *   Eggs used for breakfast per day: 3.
    *   Eggs used for baking muffins per day: 4.
    *   Eggs sold at the farmer's market: The remaining eggs.
    *   Price per egg at the farmer's market: $2.
    *   Goal: Find the total daily income from selling the eggs.

    *   Total eggs = 16.
    *   Eggs used = Breakfast eggs + Baking eggs.
    *   Breakfast eggs = 3.
    *   Baking eggs = 4.
    *   Total eggs used = 3 + 4 = 7.

    *   Remaining eggs = Total eggs - Total eggs used.
    *   Remaining eggs = 16 - 7 = 9.

    *   Price per egg = $2.
    *   Number of eggs sold = 9.
    *   Total income = Number of eggs sold × Price per egg.
    *   Total income = 9 × 2 = 18.

    *   Step 1: Total eggs = 16.
    *   Step 2: Eggs consumed (breakfast + muffins) = 3 + 4 = 7.
    *   Step 3: Eggs left for sale = 16 - 7 = 9.
    *   Step 4: Income = 9 eggs * $2/egg = $18.

    *   జనెత్ బాతులు ప్రతిరోజూ ఇచ్చే మొత్తం గుడ్లు = 16 (Total eggs = 16).
    *   అల్పాహారం కోసం వాడే గుడ్లు = 3 (Eggs for breakfast = 3).
    *   మఫిన్‌ల కోసం వాడే గుడ్లు = 4 (Eggs for muffins = 4).
    *   మొత్తం వాడేసిన గుడ్లు = 3 + 4 = 7 (Total eggs used = 3 + 4 = 7).
    *   అమ్మకానికి మిగిలిన గుడ్లు = 16 - 7 = 9 (Eggs left for sale = 16 - 7 = 9).
    *   ఒక్కో గుడ్డు ధర = $2 (Price per egg = $2).
    *   మొత్తం సంపాదన = 9 * 2 = $18 (Total income = 9 * 2 = $18).

    *   Present the steps clearly as requested.","To solve this problem, we need to determine how many eggs are left for sale after Zenith uses some for breakfast and baking, and then calculate the total income from selling those remaining eggs.

**Step-by-Step Reasoning:**

1.  **Find the total number of eggs produced each day:**
    Zenith's ducks produce a total of **16 eggs** every day.

2.  **Calculate the total number of eggs used at home:**
    *   Eggs used for breakfast: **3 eggs**
    *   Eggs used for baking muffins: **4 eggs**
    *   Total eggs used = $3 + 4 = 7$ eggs.

3.  **Calculate the number of eggs left to sell at the farmer's market:**
    *   Total eggs produced - Total eggs used = Remaining eggs
    *   $16 - 7 = 9$ eggs.
    So, Zenith has **9 eggs** left to sell.

4.  **Calculate the total daily income:**
    *   Each egg is sold for **$2**.
    *   Total income = Number of eggs sold $\times$ Price per egg
    *   Total income = $9 \times \$2 = \$18$.

**Final Answer:**
జనెత్ రైతు మార్కెట్ వద్ద ప్రతిరోజూ **$18** సంపాదిస్తుంది. (Zenith earns **$18** at the farmer's market every day.)",Qwen3.5-27B,,,"JUDGE_ERROR: Invalid JSON returned by Qwen.
Response:
",,"The user wants me to evaluate a mathematical solution provided by an AI candidate.

**1. Analyze the Question:**
*   **Language:** Telugu.
*   **Problem Statement:**
    *   Zenith's ducks lay 16 eggs every day. (జనెత్ బాతులు ప్రతిరోజూ 16 గుడ్లు పెడతాయి)
    *   She eats 3 eggs for breakfast every morning. (ఆమె ప్రతిరోజూ ఉదయం అల్పాహారం కొరకు మూడు గుడ్లు తింటుంది)
    *   She bakes muffins for her friends with 4 eggs every day. (మరియు ప్రతిరోజూ నాలుగింటితో తన స్నేహితుల కొరకు మఫిన్‌లు బేక్ చేస్తుంది)
    *   She sells the remaining eggs at the farmer's market for $2 per fresh duck egg. (ఆమె మిగిలిన వాటిని రోజూ రైతు మార్కెట్ వద్ద ప్రతి తాజా బాతు గుడ్డును $2కు విక్రయిస్తుంది)
    *   **Question:** How many dollars does she earn at the farmer's market every day? (ఆమె రైతు మార్కెట్ వద్ద ప్రతిరోజూ ఎన్ని డాలర్లు సంపాదిస్తుంది?)

**2. Solve the Problem Independently:**
*   Total eggs produced = 16
*   Eggs used for breakfast = 3
*   Eggs used for baking = 4
*   Total eggs used = 3 + 4 = 7
*   Eggs remaining for sale = Total produced - Total used = 16 - 7 = 9
*   Price per egg = $2
*   Total earnings = Eggs remaining * Price per egg = 9 * $2 = $18

**3. Evaluate the Candidate Solution:**
*   **Step 1:** Identifies total eggs produced as 16. (Correct)
*   **Step 2:** Calculates eggs used at home: 3 (breakfast) + 4 (baking) = 7. (Correct)
*   **Step 3:** Calculates eggs left to sell: 16 - 7 = 9. (Correct)
*   **Step 4:** Calculates total income: 9 * $2 = $18. (Correct)
*   **Final Answer:** States $18. (Correct)
*   **Reasoning:** The logic follows the arithmetic operations required by the word problem accurately.

**4. Check for Errors:**
*   Are there any misinterpretations of the Telugu text?
    *   ""జనెత్ బాతులు"" -> Zenith's ducks.
    *   ""16 గుడ్లు"" -> 16 eggs.
    *   ""మూడు గుడ్లు"" -> 3 eggs.
    *   ""నాలుగింటితో"" -> with 4 (eggs).
    *   ""$2కు"" -> for $2.
    *   ""ఎన్ని డాలర్లు"" -> how many dollars.
*   The candidate solution correctly interprets the numbers and the operations.
*   The calculation $16 - (3 + 4) = 9$ is correct.
*   The calculation $9 \times 2 = 18$ is correct.

**5. Conclusion:**
The candidate solution is mathematically correct.

**6. Formatting:**
Return a JSON object with ""score"","
Gemma-4-26B,1,P1,జనెత్ బాతులు ప్రతిరోజూ 16 గుడ్లు పెడతాయి. ఆమె ప్రతిరోజూ ఉదయం అల్పాహారం కొరకు మూడు గుడ్లు తింటుంది మరియు ప్రతిరోజూ నాలుగింటితో తన స్నేహితుల కొరకు మఫిన్‌లు బేక్ చేస్తుంది. ఆమె మిగిలిన వాటిని రోజూ రైతు మార్కెట్ వద్ద ప్రతి తాజా బాతు గుడ్డును $2కు విక్రయిస్తుంది. ఆమె రైతు మార్కెట్ వద్ద ప్రతిరోజూ ఎన్ని డాలర్లు సంపాదిస్తుంది?,"Solve the following math problem step by step. Show your reasoning clearly and provide the final answer.

Problem:
జనెత్ బాతులు ప్రతిరోజూ 16 గుడ్లు పెడతాయి. ఆమె ప్రతిరోజూ ఉదయం అల్పాహారం కొరకు మూడు గుడ్లు తింటుంది మరియు ప్రతిరోజూ నాలుగింటితో తన స్నేహితుల కొరకు మఫిన్‌లు బేక్ చేస్తుంది. ఆమె మిగిలిన వాటిని రోజూ రైతు మార్కెట్ వద్ద ప్రతి తాజా బాతు గుడ్డును $2కు విక్రయిస్తుంది. ఆమె రైతు మార్కెట్ వద్ద ప్రతిరోజూ ఎన్ని డాలర్లు సంపాదిస్తుంది?","*   Zenith (జనెత్) has ducks.
    *   Total eggs produced per day: 16.
    *   Eggs used for breakfast per day: 3.
    *   Eggs used for baking muffins per day: 4.
    *   Eggs sold at the farmer's market: The remaining eggs.
    *   Price per egg at the farmer's market: $2.
    *   Goal: Find the total daily income from selling the eggs.

    *   Total eggs = 16.
    *   Eggs used = Breakfast eggs + Baking eggs.
    *   Breakfast eggs = 3.
    *   Baking eggs = 4.
    *   Total eggs used = 3 + 4 = 7.

    *   Remaining eggs = Total eggs - Total eggs used.
    *   Remaining eggs = 16 - 7 = 9.

    *   Price per egg = $2.
    *   Number of eggs sold = 9.
    *   Total income = Number of eggs sold × Price per egg.
    *   Total income = 9 × 2 = 18.

    *   Step 1: Total eggs = 16.
    *   Step 2: Eggs consumed (breakfast + muffins) = 3 + 4 = 7.
    *   Step 3: Eggs left for sale = 16 - 7 = 9.
    *   Step 4: Income = 9 eggs * $2/egg = $18.

    *   జనెత్ బాతులు ప్రతిరోజూ ఇచ్చే మొత్తం గుడ్లు = 16 (Total eggs = 16).
    *   అల్పాహారం కోసం వాడే గుడ్లు = 3 (Eggs for breakfast = 3).
    *   మఫిన్‌ల కోసం వాడే గుడ్లు = 4 (Eggs for muffins = 4).
    *   మొత్తం వాడేసిన గుడ్లు = 3 + 4 = 7 (Total eggs used = 3 + 4 = 7).
    *   అమ్మకానికి మిగిలిన గుడ్లు = 16 - 7 = 9 (Eggs left for sale = 16 - 7 = 9).
    *   ఒక్కో గుడ్డు ధర = $2 (Price per egg = $2).
    *   మొత్తం సంపాదన = 9 * 2 = $18 (Total income = 9 * 2 = $18).

    *   Present the steps clearly as requested.","To solve this problem, we need to determine how many eggs are left for sale after Zenith uses some for breakfast and baking, and then calculate the total income from selling those remaining eggs.

**Step-by-Step Reasoning:**

1.  **Find the total number of eggs produced each day:**
    Zenith's ducks produce a total of **16 eggs** every day.

2.  **Calculate the total number of eggs used at home:**
    *   Eggs used for breakfast: **3 eggs**
    *   Eggs used for baking muffins: **4 eggs**
    *   Total eggs used = $3 + 4 = 7$ eggs.

3.  **Calculate the number of eggs left to sell at the farmer's market:**
    *   Total eggs produced - Total eggs used = Remaining eggs
    *   $16 - 7 = 9$ eggs.
    So, Zenith has **9 eggs** left to sell.

4.  **Calculate the total daily income:**
    *   Each egg is sold for **$2**.
    *   Total income = Number of eggs sold $\times$ Price per egg
    *   Total income = $9 \times \$2 = \$18$.

**Final Answer:**
జనెత్ రైతు మార్కెట్ వద్ద ప్రతిరోజూ **$18** సంపాదిస్తుంది. (Zenith earns **$18** at the farmer's market every day.)",Qwen3.5-27B,1.0,True,"The candidate correctly interpreted the problem statement, calculated the remaining eggs (16 - 3 - 4 = 9), and multiplied by the selling price ($2) to arrive at the correct total earnings of $18.","*   **Step 3:** Calculates remaining eggs: 16 - 7 = 9. (Correct)
*   **Step 4:** Calculates income: 9 * $2 = $18. (Correct)
*   **Final Answer:** States $18. (Correct)

**4. Check for Errors:**
*   The logic is sound.
*   The arithmetic is correct.
*   The interpretation of the Telugu text is accurate (16 total, 3 breakfast, 4 baking, $2 price).
*   The final answer matches the independent calculation.

**5. Formulate the Output:**
*   Score: 1.0
*   Correct: true
*   Reason: The candidate correctly identified the total eggs (16), subtracted the used eggs (3 + 4 = 7) to find the remaining eggs (9), and multiplied by the price per egg ($2) to get the correct total earnings ($18).

**6. JSON Construction:**
```json
{
  ""score"": 1.0,
  ""correct"": true,
  ""reason"": ""The candidate correctly interpreted the problem statement, calculated the remaining eggs (16 - 3 - 4 = 9), and multiplied by the selling price ($2) to arrive at the correct total earnings of $18.""
}
```
Wait, I need","The user wants me to evaluate a mathematical solution provided by an AI candidate.

**1. Analyze the Question:**
*   **Language:** Telugu.
*   **Problem Statement:**
    *   Zenith's ducks lay 16 eggs every day. (జనెత్ బాతులు ప్రతిరోజూ 16 గుడ్లు పెడతాయి)
    *   She eats 3 eggs for breakfast every morning. (ఆమె ప్రతిరోజూ ఉదయం అల్పాహారం కొరకు మూడు గుడ్లు తింటుంది)
    *   She bakes muffins for her friends with 4 eggs every day. (మరియు ప్రతిరోజూ నాలుగింటితో తన స్నేహితుల కొరకు మఫిన్‌లు బేక్ చేస్తుంది)
    *   She sells the remaining eggs at the farmer's market for $2 per fresh duck egg. (ఆమె మిగిలిన వాటిని రోజూ రైతు మార్కెట్ వద్ద ప్రతి తాజా బాతు గుడ్డును $2కు విక్రయిస్తుంది)
    *   **Question:** How many dollars does she earn at the farmer's market every day? (ఆమె రైతు మార్కెట్ వద్ద ప్రతిరోజూ ఎన్ని డాలర్లు సంపాదిస్తుంది?)

**2. Solve the Problem Independently:**
*   Total eggs produced = 16
*   Eggs used for breakfast = 3
*   Eggs used for baking = 4
*   Total eggs used = 3 + 4 = 7
*   Eggs remaining for sale = Total produced - Total used = 16 - 7 = 9
*   Price per egg = $2
*   Total earnings = Eggs remaining * Price per egg = 9 * $2 = $18

**3. Evaluate the Candidate Solution:**
*   **Step 1:** Identifies total eggs produced as 16. (Correct)
*   **Step 2:** Calculates eggs used at home: 3 (breakfast) + 4 (baking) = 7. (Correct)
*   **"
Gemma-4-26B,1,P2,జనెత్ బాతులు ప్రతిరోజూ 16 గుడ్లు పెడతాయి. ఆమె ప్రతిరోజూ ఉదయం అల్పాహారం కొరకు మూడు గుడ్లు తింటుంది మరియు ప్రతిరోజూ నాలుగింటితో తన స్నేహితుల కొరకు మఫిన్‌లు బేక్ చేస్తుంది. ఆమె మిగిలిన వాటిని రోజూ రైతు మార్కెట్ వద్ద ప్రతి తాజా బాతు గుడ్డును $2కు విక్రయిస్తుంది. ఆమె రైతు మార్కెట్ వద్ద ప్రతిరోజూ ఎన్ని డాలర్లు సంపాదిస్తుంది?,"Please solve the following math problem carefully. Explain your solution step by step and clearly state the final answer.

Problem:
జనెత్ బాతులు ప్రతిరోజూ 16 గుడ్లు పెడతాయి. ఆమె ప్రతిరోజూ ఉదయం అల్పాహారం కొరకు మూడు గుడ్లు తింటుంది మరియు ప్రతిరోజూ నాలుగింటితో తన స్నేహితుల కొరకు మఫిన్‌లు బేక్ చేస్తుంది. ఆమె మిగిలిన వాటిని రోజూ రైతు మార్కెట్ వద్ద ప్రతి తాజా బాతు గుడ్డును $2కు విక్రయిస్తుంది. ఆమె రైతు మార్కెట్ వద్ద ప్రతిరోజూ ఎన్ని డాలర్లు సంపాదిస్తుంది?","*   Zenith the duck lays 16 eggs every day.
    *   She eats 3 eggs for breakfast every day.
    *   She uses 4 eggs to bake muffins for friends every day.
    *   She sells the remaining eggs at the farmer's market for $2 each.
    *   Question: How many dollars does she earn at the farmer's market every day?

    *   Total eggs laid per day = 16
    *   Eggs eaten = 3
    *   Eggs used for muffins = 4
    *   Selling price per egg = $2

    *   Total eggs used = Eggs eaten + Eggs for muffins
    *   Total eggs used = 3 + 4 = 7

    *   Remaining eggs = Total eggs laid - Total eggs used
    *   Remaining eggs = 16 - 7 = 9

    *   Earnings = Number of eggs sold $\times$ Selling price per egg
    *   Earnings = 9 eggs $\times$ $2/egg
    *   Earnings = $18

    *   Eggs laid: 16
    *   Subtract eggs eaten: 16 - 3 = 13
    *   Subtract eggs for muffins: 13 - 4 = 9
    *   Multiply remaining eggs by price: 9 * 2 = 18
    *   The logic is sound.

    *   The problem is in Telugu. I should provide the explanation clearly.
    *   Step 1: Find total eggs. (మొత్తం గుడ్లు = 16)
    *   Step 2: Find total eggs used. (వాడే గుడ్లు = 3 + 4 = 7)
    *   Step 3: Find remaining eggs. (మిగిలిన గుడ్లు = 16 - 7 = 9)
    *   Step 4: Calculate earnings. (సంపాదన = 9 * 2 = 18)

    *   Zenith's daily production: 16 eggs.
    *   Eggs consumed (breakfast + muffins): 3 + 4 = 7 eggs.
    *   Eggs left to sell: 16 - 7 = 9 eggs.
    *   Selling price per egg: $2.
    *   Total money earned: 9 * 2 = $18.","To find out how much Zenith earns at the farmer's market each day, we can follow these steps:

**Step 1: Determine the total number of eggs Zenith lays each day.**
Zenith lays **16 eggs** every day.

**Step 2: Calculate the total number of eggs used for breakfast and muffins.**
*   Eggs eaten for breakfast: 3 eggs
*   Eggs used for muffins: 4 eggs
*   Total eggs used = $3 + 4 = 7$ eggs.

**Step 3: Calculate the number of eggs remaining to be sold.**
To find the remaining eggs, subtract the eggs used from the total eggs laid:
*   Remaining eggs = Total eggs - Total eggs used
*   Remaining eggs = $16 - 7 = 9$ eggs.

**Step 4: Calculate the total daily earnings from selling the eggs.**
She sells each egg for $2.
*   Total earnings = Number of eggs sold $\times$ Price per egg
*   Total earnings = $9 \times \$2 = \$18$.

**Final Answer:**
Zenith earns **$18** at the farmer's market every day.",Qwen3.5-27B,,,"JUDGE_ERROR: Invalid JSON returned by Qwen.
Response:
:** The candidate identifies the total eggs as 16. Correct.
*   **Step 2:** The candidate calculates eggs used for breakfast (3) and muffins (4). Total used = 7. Correct.
*   **Step 3:** The candidate calculates remaining eggs = 16 - 7 = 9. Correct.
*   **Step 4:** The candidate calculates earnings = 9 * $2 = $18. Correct.
*   **Final Answer:** $18. Correct.

The reasoning is sound, the calculations are correct, and the final answer matches the independent solution. The language of the solution is English, while the question is Telugu, but the mathematical content is accurate.

**4. Formulate the Output:**
*   Score: 1.0
*   Correct: true
*   Reason: The candidate correctly identified the total eggs (16), subtracted the eggs used for consumption (3 + 4 = 7), found the remaining eggs for sale (9), and multiplied by the price per egg ($2) to get the correct total earnings ($18).

Let's double check the Telugu translation to ensure no nuance was missed.
""జనెత్ బాతులు"" -> Zenith ducks (or Zenith's ducks).
""ప్రతిరోజూ 16 గుడ్లు పెడతాయి"" -> lay 1",":** The candidate identifies the total eggs as 16. Correct.
*   **Step 2:** The candidate calculates eggs used for breakfast (3) and muffins (4). Total used = 7. Correct.
*   **Step 3:** The candidate calculates remaining eggs = 16 - 7 = 9. Correct.
*   **Step 4:** The candidate calculates earnings = 9 * $2 = $18. Correct.
*   **Final Answer:** $18. Correct.

The reasoning is sound, the calculations are correct, and the final answer matches the independent solution. The language of the solution is English, while the question is Telugu, but the mathematical content is accurate.

**4. Formulate the Output:**
*   Score: 1.0
*   Correct: true
*   Reason: The candidate correctly identified the total eggs (16), subtracted the eggs used for consumption (3 + 4 = 7), found the remaining eggs for sale (9), and multiplied by the price per egg ($2) to get the correct total earnings ($18).

Let's double check the Telugu translation to ensure no nuance was missed.
""జనెత్ బాతులు"" -> Zenith ducks (or Zenith's ducks).
""ప్రతిరోజూ 16 గుడ్లు పెడతాయి"" -> lay 1","The user wants me to evaluate a mathematical solution provided by an AI candidate.

**1. Analyze the Question:**
The question is in Telugu. Let's translate it to understand the problem.
""జనెత్ బాతులు ప్రతిరోజూ 16 గుడ్లు పెడతాయి."" -> Zenith ducks lay 16 eggs every day. (Actually, it says ""Zenith ducks"" or ""Zenith's ducks"", likely meaning Zenith has ducks that lay 16 eggs).
""ఆమె ప్రతిరోజూ ఉదయం అల్పాహారం కొరకు మూడు గుడ్లు తింటుంది"" -> She eats 3 eggs for breakfast every morning.
""మరియు ప్రతిరోజూ నాలుగింటితో తన స్నేహితుల కొరకు మఫిన్‌లు బేక్ చేస్తుంది."" -> And bakes muffins for her friends with 4 [eggs] every day. (The Telugu says ""నాలుగింటితో"" which implies ""with four"", contextually meaning 4 eggs).
""ఆమె మిగిలిన వాటిని రోజూ రైతు మార్కెట్ వద్ద ప్రతి తాజా బాతు గుడ్డును $2కు విక్రయిస్తుంది."" -> She sells the remaining ones at the farmer's market every day at $2 per fresh duck egg.
""ఆమె రైతు మార్కెట్ వద్ద ప్రతిరోజూ ఎన్ని డాలర్లు సంపాదిస్తుంది?"" -> How many dollars does she earn at the farmer's market every day?

**2. Solve the Problem Independently:**
*   Total eggs laid per day = 16
*   Eggs used for breakfast = 3
*   Eggs used for muffins = 4
*   Total eggs used = 3 + 4 = 7
*   Eggs remaining for sale = Total eggs - Used eggs = 16 - 7 = 9
*   Price per egg = $2
*   Total earnings = Eggs for sale * Price per egg = 9 * $2 = $18

**3. Evaluate the Candidate Solution:**
*   **Step "
Gemma-4-26B,1,P3,జనెత్ బాతులు ప్రతిరోజూ 16 గుడ్లు పెడతాయి. ఆమె ప్రతిరోజూ ఉదయం అల్పాహారం కొరకు మూడు గుడ్లు తింటుంది మరియు ప్రతిరోజూ నాలుగింటితో తన స్నేహితుల కొరకు మఫిన్‌లు బేక్ చేస్తుంది. ఆమె మిగిలిన వాటిని రోజూ రైతు మార్కెట్ వద్ద ప్రతి తాజా బాతు గుడ్డును $2కు విక్రయిస్తుంది. ఆమె రైతు మార్కెట్ వద్ద ప్రతిరోజూ ఎన్ని డాలర్లు సంపాదిస్తుంది?,"Work through the following math problem step by step. Show how you arrive at the answer and give the final result.

Problem:
జనెత్ బాతులు ప్రతిరోజూ 16 గుడ్లు పెడతాయి. ఆమె ప్రతిరోజూ ఉదయం అల్పాహారం కొరకు మూడు గుడ్లు తింటుంది మరియు ప్రతిరోజూ నాలుగింటితో తన స్నేహితుల కొరకు మఫిన్‌లు బేక్ చేస్తుంది. ఆమె మిగిలిన వాటిని రోజూ రైతు మార్కెట్ వద్ద ప్రతి తాజా బాతు గుడ్డును $2కు విక్రయిస్తుంది. ఆమె రైతు మార్కెట్ వద్ద ప్రతిరోజూ ఎన్ని డాలర్లు సంపాదిస్తుంది?","*   Zenith's ducks lay 16 eggs every day.
    *   She eats 3 eggs for breakfast every day.
    *   She uses 4 eggs to bake muffins for friends every day.
    *   She sells the remaining eggs at the farmer's market.
    *   The selling price is $2 per egg.
    *   Goal: Calculate how many dollars she earns every day.

    *   Total eggs laid = 16
    *   Eggs eaten = 3
    *   Eggs used for muffins = 4
    *   Price per egg = $2

    *   **Step 1: Calculate the total number of eggs used/consumed.**
        Eggs used = Eggs eaten + Eggs for muffins
        Eggs used = 3 + 4 = 7

    *   **Step 2: Calculate the number of eggs remaining to be sold.**
        Remaining eggs = Total eggs - Eggs used
        Remaining eggs = 16 - 7 = 9

    *   **Step 3: Calculate the total earnings from selling the remaining eggs.**
        Total earnings = Remaining eggs × Price per egg
        Total earnings = 9 × $2 = $18

    *   Step 1: Total eggs = 16.
    *   Step 2: Eggs consumed = 3 (breakfast) + 4 (muffins) = 7.
    *   Step 3: Eggs left to sell = 16 - 7 = 9.
    *   Step 4: Revenue = 9 * 2 = 18.

    *   The problem is in Telugu, so I should provide the steps clearly in English (as requested by the prompt's logic, though the prompt asks to ""work through... step by step"" and doesn't explicitly mandate the output language, responding in English is standard unless specified otherwise, but I will ensure the logic is sound).
    *   *Wait, the user provided the problem in Telugu. I should probably explain the solution clearly.*

    *Drafting the response:*
    - Total eggs laid: 16
    - Eggs eaten: 3
    - Eggs used for muffins: 4
    - Total eggs used: 3 + 4 = 7
    - Remaining eggs: 16 - 7 = 9
    - Price per egg: $2
    - Total earnings: 9 * $2 = $18

    *   ""జనెత్ బాతులు ప్రతిరోజూ 16 గుడ్లు పెడతాయి"" -> Zenith's ducks lay 16 eggs daily.
    *   ""అమె ప్రతిరోజూ ఉదయం అల్పాహారం కొరకు మూడు గుడ్లు తింటుంది"" -> She eats 3 eggs for breakfast.
    *   ""ప్రతిరోజూ నాలుగింటితో తన స్నేహితుల కొరకు మఫిన్‌లు బేక్ చేస్తుంది"" -> Bakes muffins with 4 eggs.
    *   ""మిగిలిన వాటిని... $2కు విక్రయిస్తుంది"" -> Sells the rest at $2 each.
    *   ""ఎన్ని డాలర్లు సంపాదిస్తుంది?"" -> How many dollars does she earn?

    1. Calculate total eggs used: 3 + 4 = 7.
    2. Subtract used eggs from total eggs: 16 - 7 = 9.
    3. Multiply remaining eggs by price per egg: 9 * 2 = 18.

    Result: $18.","To find out how much Zenith earns every day, we can follow these steps:

**Step 1: Determine the total number of eggs laid each day.**
Zenith's ducks lay **16 eggs** every day.

**Step 2: Calculate the total number of eggs used or eaten.**
*   Eggs eaten for breakfast: 3
*   Eggs used for baking muffins: 4
*   Total eggs used = $3 + 4 = 7$ eggs.

**Step 3: Calculate the number of remaining eggs to be sold.**
Subtract the eggs used from the total eggs laid:
*   Remaining eggs = $16 - 7 = 9$ eggs.

**Step 4: Calculate the total earnings from selling the remaining eggs.**
Each egg is sold for $2.
*   Total earnings = $9 \text{ eggs} \times \$2/\text{egg} = \$18$.

**Final Result:**
Zenith earns **$18** every day.",Qwen3.5-27B,1.0,True,"The candidate solution correctly interprets the Telugu word problem. It accurately identifies the total eggs (16), subtracts the eggs used for breakfast (3) and muffins (4) to find the remaining eggs (9), and multiplies the remaining eggs by the selling price ($2) to calculate the total earnings ($18). The arithmetic and logical steps are mathematically valid.","{
  ""score"": 1.0,
  ""correct"": true,
  ""reason"": ""The candidate solution correctly interprets the Telugu word problem. It accurately identifies the total eggs (16), subtracts the eggs used for breakfast (3) and muffins (4) to find the remaining eggs (9), and multiplies the remaining eggs by the selling price ($2) to calculate the total earnings ($18). The arithmetic and logical steps are mathematically valid.""
}","The user wants me to evaluate a mathematical solution provided by an AI candidate.

**1. Analyze the Question:**
The question is in Telugu. Let's translate it to understand the problem.
""జనెత్ బాతులు ప్రతిరోజూ 16 గుడ్లు పెడతాయి."" -> Zenith's ducks lay 16 eggs every day.
""ఆమె ప్రతిరోజూ ఉదయం అల్పాహారం కొరకు మూడు గుడ్లు తింటుంది"" -> She eats 3 eggs for breakfast every day.
""మరియు ప్రతిరోజూ నాలుగింటితో తన స్నేహితుల కొరకు మఫిన్‌లు బేక్ చేస్తుంది."" -> And she bakes muffins for her friends with 4 eggs every day.
""ఆమె మిగిలిన వాటిని రోజూ రైతు మార్కెట్ వద్ద ప్రతి తాజా బాతు గుడ్డును $2కు విక్రయిస్తుంది."" -> She sells the remaining ones at the farmer's market every day at $2 per fresh duck egg.
""ఆమె రైతు మార్కెట్ వద్ద ప్రతిరోజూ ఎన్ని డాలర్లు సంపాదిస్తుంది?"" -> How many dollars does she earn at the farmer's market every day?

**2. Solve the Problem Independently:**
*   Total eggs laid per day = 16
*   Eggs used for breakfast = 3
*   Eggs used for muffins = 4
*   Total eggs used = 3 + 4 = 7
*   Eggs remaining for sale = Total eggs - Used eggs = 16 - 7 = 9
*   Price per egg = $2
*   Total earnings = Remaining eggs * Price per egg = 9 * $2 = $18

**3. Evaluate the Candidate Solution:**
*   **Step 1:** Identifies total eggs as 16. (Correct)
*   **Step 2:** Calculates used eggs: 3 (breakfast) + 4 (muffins) = 7. (Correct)
*   **Step 3:** Calculates remaining eggs:"
Gemma-4-26B,1,P4,జనెత్ బాతులు ప్రతిరోజూ 16 గుడ్లు పెడతాయి. ఆమె ప్రతిరోజూ ఉదయం అల్పాహారం కొరకు మూడు గుడ్లు తింటుంది మరియు ప్రతిరోజూ నాలుగింటితో తన స్నేహితుల కొరకు మఫిన్‌లు బేక్ చేస్తుంది. ఆమె మిగిలిన వాటిని రోజూ రైతు మార్కెట్ వద్ద ప్రతి తాజా బాతు గుడ్డును $2కు విక్రయిస్తుంది. ఆమె రైతు మార్కెట్ వద్ద ప్రతిరోజూ ఎన్ని డాలర్లు సంపాదిస్తుంది?,"Find the solution to the following problem. Explain your reasoning and calculations before giving the final answer.

Problem:
జనెత్ బాతులు ప్రతిరోజూ 16 గుడ్లు పెడతాయి. ఆమె ప్రతిరోజూ ఉదయం అల్పాహారం కొరకు మూడు గుడ్లు తింటుంది మరియు ప్రతిరోజూ నాలుగింటితో తన స్నేహితుల కొరకు మఫిన్‌లు బేక్ చేస్తుంది. ఆమె మిగిలిన వాటిని రోజూ రైతు మార్కెట్ వద్ద ప్రతి తాజా బాతు గుడ్డును $2కు విక్రయిస్తుంది. ఆమె రైతు మార్కెట్ వద్ద ప్రతిరోజూ ఎన్ని డాలర్లు సంపాదిస్తుంది?","*   Zenith (జనెత్) the ducks lay 16 eggs every day.
    *   She eats 3 eggs for breakfast every day.
    *   She uses 4 eggs to bake muffins for her friends every day.
    *   She sells the remaining eggs at the farmer's market.
    *   Price of one egg at the farmer's market = $2.
    *   Goal: Find how many dollars she earns every day at the farmer's market.

    *   Total eggs laid per day: 16
    *   Eggs eaten per day: 3
    *   Eggs used for muffins per day: 4
    *   Selling price per egg: $2

    *   Step 1: Calculate the number of eggs left to sell.
        *   Total eggs - (Eggs eaten + Eggs for muffins) = Remaining eggs
        *   16 - (3 + 4) = Remaining eggs
        *   16 - 7 = 9 eggs

    *   Step 2: Calculate the total earnings from selling the remaining eggs.
        *   Remaining eggs × Price per egg = Total earnings
        *   9 eggs × $2/egg = $18

    *   Total eggs: 16
    *   Used/Eaten: 3 (breakfast) + 4 (muffins) = 7
    *   Leftover: 16 - 7 = 9
    *   Earnings: 9 * 2 = 18

    *   Explain the steps clearly in Telugu (as the prompt is in Telugu).

    *   *Step 1: Total eggs laid daily.*
        జనెత్ బాతులు ప్రతిరోజూ పెట్టే మొత్తం గుడ్లు = 16.

    *   *Step 2: Total eggs used daily.*
        అల్పాహారం కోసం తినే గుడ్లు = 3.
        మఫిన్ల కోసం ఉపయోగించే గుడ్లు = 4.
        మొత్తం ఉపయోగించిన గుడ్లు = 3 + 4 = 7.

    *   *Step 3: Eggs left to sell.*
        మిగిలిన గుడ్లు = మొత్తం గుడ్లు - ఉపయోగించిన గుడ్లు.
        16 - 7 = 9.

    *   *Step 4: Daily earnings.*
        ప్రతి గుడ్డు ధర = $2.
        మొత్తం సంపాదన = మిగిలిన గుడ్లు × ప్రతి గుడ్డు ధర.
        9 × 2 = 18.

    *   Does 16 - 3 - 4 = 9? Yes.
    *   Does 9 * 2 = 18? Yes.
    *   Is the question asking for total earnings per day? Yes.","To find out how much money Zenith earns every day, we can follow these steps:

**1. Find the total number of eggs laid each day:**
Zenith's ducks lay **16** eggs every day.

**2. Find the total number of eggs used for breakfast and baking:**
*   Eggs eaten for breakfast: **3**
*   Eggs used for muffins: **4**
*   Total eggs used = $3 + 4 = 7$ eggs.

**3. Find the number of eggs remaining to be sold:**
To find the remaining eggs, subtract the eggs used from the total eggs laid:
*   Remaining eggs = Total eggs - Total used
*   Remaining eggs = $16 - 7 = 9$ eggs.

**4. Calculate the total daily earnings:**
She sells each remaining egg for $2.
*   Total earnings = Number of remaining eggs $\times$ Price per egg
*   Total earnings = $9 \times \$2 = \$18$.

**Final Answer:**
జనెత్ రైతు మార్కెట్ వద్ద ప్రతిరోజూ **$18** సంపాదిస్తుంది. (Zenith earns **$18** every day at the farmer's market.)",Qwen3.5-27B,1.0,True,"The candidate solution correctly interprets the problem statement from Telugu. It accurately calculates the total eggs used (3 + 4 = 7), subtracts this from the total eggs laid (16 - 7 = 9) to find the remaining eggs, and multiplies the remaining eggs by the selling price ($2) to get the final earnings ($18). The mathematical reasoning and calculations are valid.","{
  ""score"": 1.0,
  ""correct"": true,
  ""reason"": ""The candidate solution correctly interprets the problem statement from Telugu. It accurately calculates the total eggs used (3 + 4 = 7), subtracts this from the total eggs laid (16 - 7 = 9) to find the remaining eggs, and multiplies the remaining eggs by the selling price ($2) to get the final earnings ($18). The mathematical reasoning and calculations are valid.""
}","The user wants me to evaluate a mathematical solution provided by an AI candidate.

**1. Analyze the Question:**
*   **Language:** Telugu.
*   **Problem Statement:**
    *   Zenith's ducks lay 16 eggs every day. (జనెత్ బాతులు ప్రతిరోజూ 16 గుడ్లు పెడతాయి)
    *   She eats 3 eggs for breakfast every day. (ఆమె ప్రతిరోజూ ఉదయం అల్పాహారం కొరకు మూడు గుడ్లు తింటుంది)
    *   She bakes muffins for her friends with 4 eggs every day. (మరియు ప్రతిరోజూ నాలుగింటితో తన స్నేహితుల కొరకు మఫిన్‌లు బేక్ చేస్తుంది)
    *   She sells the remaining eggs at the farmer's market for $2 per egg. (ఆమె మిగిలిన వాటిని రోజూ రైతు మార్కెట్ వద్ద ప్రతి తాజా బాతు గుడ్డును $2కు విక్రయిస్తుంది)
    *   **Question:** How many dollars does she earn every day at the farmer's market? (ఆమె రైతు మార్కెట్ వద్ద ప్రతిరోజూ ఎన్ని డాలర్లు సంపాదిస్తుంది?)

**2. Solve the Problem Independently:**
*   Total eggs laid = 16
*   Eggs used for breakfast = 3
*   Eggs used for muffins = 4
*   Total eggs used = 3 + 4 = 7
*   Eggs remaining for sale = Total eggs - Total used = 16 - 7 = 9
*   Price per egg = $2
*   Total earnings = Eggs remaining * Price per egg = 9 * 2 = $18

**3. Evaluate the Candidate Solution:**
*   **Step 1:** Identifies total eggs laid as 16. (Correct)
*   **Step 2:** Identifies eggs used for breakfast (3) and muffins (4). Calculates total used as 3 + 4 = 7. (Correct)"
Gemma-4-26B,1,P5,జనెత్ బాతులు ప్రతిరోజూ 16 గుడ్లు పెడతాయి. ఆమె ప్రతిరోజూ ఉదయం అల్పాహారం కొరకు మూడు గుడ్లు తింటుంది మరియు ప్రతిరోజూ నాలుగింటితో తన స్నేహితుల కొరకు మఫిన్‌లు బేక్ చేస్తుంది. ఆమె మిగిలిన వాటిని రోజూ రైతు మార్కెట్ వద్ద ప్రతి తాజా బాతు గుడ్డును $2కు విక్రయిస్తుంది. ఆమె రైతు మార్కెట్ వద్ద ప్రతిరోజూ ఎన్ని డాలర్లు సంపాదిస్తుంది?,"Carefully solve the following mathematical problem. Provide a step-by-step solution and conclude with the final answer.

Problem:
జనెత్ బాతులు ప్రతిరోజూ 16 గుడ్లు పెడతాయి. ఆమె ప్రతిరోజూ ఉదయం అల్పాహారం కొరకు మూడు గుడ్లు తింటుంది మరియు ప్రతిరోజూ నాలుగింటితో తన స్నేహితుల కొరకు మఫిన్‌లు బేక్ చేస్తుంది. ఆమె మిగిలిన వాటిని రోజూ రైతు మార్కెట్ వద్ద ప్రతి తాజా బాతు గుడ్డును $2కు విక్రయిస్తుంది. ఆమె రైతు మార్కెట్ వద్ద ప్రతిరోజూ ఎన్ని డాలర్లు సంపాదిస్తుంది?","*   Zenith the duck lays 16 eggs every day.
    *   She uses 3 eggs for breakfast every day.
    *   She uses 4 eggs to bake muffins for her friends every day.
    *   She sells the remaining eggs at the farmer's market for $2 per egg.
    *   Question: How many dollars does she earn every day at the farmer's market?

    *   Total eggs laid per day = 16
    *   Eggs used for breakfast = 3
    *   Eggs used for muffins = 4
    *   Selling price per egg = $2

    *   Step 1: Calculate the total number of eggs used for breakfast and muffins.
        Total used = Eggs for breakfast + Eggs for muffins
        Total used = 3 + 4 = 7 eggs

    *   Step 2: Calculate the number of remaining eggs to be sold.
        Remaining eggs = Total eggs laid - Total eggs used
        Remaining eggs = 16 - 7 = 9 eggs

    *   Step 3: Calculate the total earnings from selling the remaining eggs.
        Total earnings = Number of remaining eggs × Price per egg
        Total earnings = 9 × $2 = $18

    *   Total eggs: 16
    *   Eggs used: 3 (breakfast) + 4 (muffins) = 7
    *   Eggs left: 16 - 7 = 9
    *   Earnings: 9 eggs * $2/egg = $18

    *   The problem is in Telugu. I should provide the explanation in Telugu as well, or at least ensure the logic matches.
    *   Problem statement translation (mental check):
        ""Zenith the duck lays 16 eggs every day."" -> జనెత్ బాతులు ప్రతిరోజూ 16 గుడ్లు పెడతాయి.
        ""She eats three eggs for breakfast every day and bakes muffins with four every day for her friends."" -> ఆమె ప్రతిరోజూ ఉదయం అల్పాహారం కొరకు మూడు గుడ్లు తింటుంది మరియు ప్రతిరోజూ నాలుగింటితో తన స్నేహితుల కొరకు మఫిన్‌లు బేక్ చేస్తుంది.
        ""She sells the rest at the farmer's market for $2 each fresh duck egg."" -> ఆమె మిగిలిన వాటిని రోజూ రైతు మార్కెట్ వద్ద ప్రతి తాజా బాతు గుడ్డును $2కు విక్రయిస్తుంది.
        ""How many dollars does she earn every day at the farmer's market?"" -> ఆమె రైతు మార్కెట్ వద్ద ప్రతిరోజూ ఎన్ని డాలర్లు సంపాదిస్తుంది?

    *   Step 1 (Total used): 3 + 4 = 7.
    *   Step 2 (Remaining): 16 - 7 = 9.
    *   Step 3 (Money): 9 * 2 = 18.

    *   State the total eggs per day.
    *   Subtract the eggs eaten and used for baking.
    *   Calculate the remaining eggs.
    *   Multiply the remaining eggs by the price per egg.

    *   మొత్తం గుడ్లు = 16
    *   ఉపయోగించే గుడ్లు = 3 (అల్పాహారం) + 4 (మఫిన్ల కోసం) = 7
    *   మిగిలిన గుడ్లు = 16 - 7 = 9
    *   సంపాదన = 9 గుడ్లు × $2 = $18

    *   Total eggs: 16
    *   Eggs used: 3 + 4 = 7
    *   Eggs left: 16 - 7 = 9
    *   Earnings: 9 * 2 = 18. Correct.","To find out how many dollars Zenith earns every day, we can follow these steps:

1.  **Find the total number of eggs laid each day:**
    Zenith lays **16 eggs** every day.

2.  **Calculate the total number of eggs used for breakfast and baking:**
    *   Eggs eaten for breakfast: 3
    *   Eggs used for muffins: 4
    *   Total eggs used = $3 + 4 = 7$ eggs.

3.  **Calculate the number of remaining eggs to be sold:**
    *   Remaining eggs = Total eggs laid - Total eggs used
    *   Remaining eggs = $16 - 7 = 9$ eggs.

4.  **Calculate the total earnings at the farmer's market:**
    *   Price per egg = $2
    *   Total earnings = Number of remaining eggs $\times$ Price per egg
    *   Total earnings = $9 \times 2 = 18$ dollars.

**Final Answer:**
Zenith earns **$18** every day at the farmer's market.",Qwen3.5-27B,,,"JUDGE_ERROR: Invalid JSON returned by Qwen.
Response:
:** Total eggs = 16. (Correct)
*   **Step 2:** Eggs used = 3 (breakfast) + 4 (muffins) = 7. (Correct)
*   **Step 3:** Remaining eggs = 16 - 7 = 9. (Correct)
*   **Step 4:** Earnings = 9 * $2 = $18. (Correct)
*   **Final Answer:** $18. (Correct)

The candidate solution correctly interprets the Telugu text (translating the numbers and operations accurately) and performs the arithmetic correctly.

**4. Conclusion:**
The solution is mathematically correct.

**5. Formatting:**
Return a JSON object with ""score"", ""correct"", and ""reason"".

Score: 1.0
Correct: true
Reason: The candidate correctly identified the total eggs (16), subtracted the eggs used for breakfast (3) and muffins (4) to find the remaining eggs (9), and multiplied by the price per egg ($2) to get the correct total earnings ($18). All calculations and logic are sound.

Let's double check the Telugu translation nuances.
""జనెత్ బాతులు"" -> Zenith ducks (or Zenith's ducks).
""ప్రతిరోజూ 16 గుడ్లు పెడతాయి"" -> lay",":** Total eggs = 16. (Correct)
*   **Step 2:** Eggs used = 3 (breakfast) + 4 (muffins) = 7. (Correct)
*   **Step 3:** Remaining eggs = 16 - 7 = 9. (Correct)
*   **Step 4:** Earnings = 9 * $2 = $18. (Correct)
*   **Final Answer:** $18. (Correct)

The candidate solution correctly interprets the Telugu text (translating the numbers and operations accurately) and performs the arithmetic correctly.

**4. Conclusion:**
The solution is mathematically correct.

**5. Formatting:**
Return a JSON object with ""score"", ""correct"", and ""reason"".

Score: 1.0
Correct: true
Reason: The candidate correctly identified the total eggs (16), subtracted the eggs used for breakfast (3) and muffins (4) to find the remaining eggs (9), and multiplied by the price per egg ($2) to get the correct total earnings ($18). All calculations and logic are sound.

Let's double check the Telugu translation nuances.
""జనెత్ బాతులు"" -> Zenith ducks (or Zenith's ducks).
""ప్రతిరోజూ 16 గుడ్లు పెడతాయి"" -> lay","The user wants me to evaluate a mathematical solution provided by an AI candidate.

**1. Analyze the Question:**
The question is in Telugu. Let's translate it to understand the problem.
""జనెత్ బాతులు ప్రతిరోజూ 16 గుడ్లు పెడతాయి."" -> Zenith ducks lay 16 eggs every day. (Actually, it says ""Zenith ducks"" or ""Zenith's ducks"", likely meaning Zenith has ducks that lay 16 eggs).
""ఆమె ప్రతిరోజూ ఉదయం అల్పాహారం కొరకు మూడు గుడ్లు తింటుంది"" -> She eats 3 eggs for breakfast every morning.
""మరియు ప్రతిరోజూ నాలుగింటితో తన స్నేహితుల కొరకు మఫిన్‌లు బేక్ చేస్తుంది."" -> And bakes muffins for her friends with 4 [eggs] every day. (The Telugu says ""నాలుగింటితో"" which implies ""with four"", contextually meaning 4 eggs).
""ఆమె మిగిలిన వాటిని రోజూ రైతు మార్కెట్ వద్ద ప్రతి తాజా బాతు గుడ్డును $2కు విక్రయిస్తుంది."" -> She sells the remaining ones at the farmer's market every day at $2 per fresh duck egg.
""ఆమె రైతు మార్కెట్ వద్ద ప్రతిరోజూ ఎన్ని డాలర్లు సంపాదిస్తుంది?"" -> How many dollars does she earn every day at the farmer's market?

**2. Solve the Problem Independently:**
*   Total eggs laid per day = 16
*   Eggs used for breakfast = 3
*   Eggs used for muffins = 4
*   Total eggs used = 3 + 4 = 7
*   Eggs remaining for sale = Total eggs - Used eggs = 16 - 7 = 9
*   Price per egg = $2
*   Total earnings = Remaining eggs * Price per egg = 9 * 2 = $18

**3. Evaluate the Candidate Solution:**
*   **Step 1"
Gemma-4-26B,2,P1,ఒక రోబ్ 2 బోల్ట్‌ల బ్లూ ఫైబర్ మరియు దానిలో సగం వైట్ ఫైబర్‌ని తీసుకుంది. అది మొత్తం ఎన్ని బోల్ట్‌లను తీసుకుంది?,"Solve the following math problem step by step. Show your reasoning clearly and provide the final answer.

Problem:
ఒక రోబ్ 2 బోల్ట్‌ల బ్లూ ఫైబర్ మరియు దానిలో సగం వైట్ ఫైబర్‌ని తీసుకుంది. అది మొత్తం ఎన్ని బోల్ట్‌లను తీసుకుంది?","*   Language: Telugu.
    *   Problem: ""ఒక రోబ్ 2 బోల్ట్‌ల బ్లూ ఫైబర్ మరియు దానిలో సగం వైట్ ఫైబర్‌ని తీసుకుంది. అది మొత్తం ఎన్ని బోల్ట్‌లను తీసుకుంది?""
    *   Translation (Mental): A robe took 2 bolts of blue fiber and half of that as white fiber. How many total bolts did it take?

    *   Blue fiber = 2 bolts.
    *   White fiber = Half of the blue fiber.
    *   Total fiber = Blue fiber + White fiber.

    *   Step 1: Identify the amount of blue fiber.
        *   Blue fiber = 2 bolts.
    *   Step 2: Calculate the amount of white fiber.
        *   White fiber = $\frac{1}{2} \times \text{Blue fiber}$
        *   White fiber = $\frac{1}{2} \times 2 = 1$ bolt.
    *   Step 3: Calculate the total amount.
        *   Total = Blue fiber + White fiber
        *   Total = 2 + 1 = 3 bolts.

    *   *Step 1 (Blue fiber):* బ్లూ ఫైబర్ (Blue fiber) = 2 బోల్ట్‌లు.
    *   *Step 2 (White fiber):* వైట్ ఫైబర్ (White fiber) = బ్లూ ఫైబర్‌లోని సగం = $\frac{2}{2} = 1$ బోల్ట్.
    *   *Step 3 (Total):* మొత్తం బోల్ట్‌లు (Total bolts) = బ్లూ ఫైబర్ + వైట్ ఫైబర్ = $2 + 1 = 3$ బోల్ట్‌లు.

    *   State the given information.
    *   Show the calculation for white fiber.
    *   Show the calculation for the total.
    *   State the final answer clearly.","ఇచ్చిన సమస్యను దశలవారీగా సాధిద్దాం:

**1. ఇచ్చిన సమాచారం:**
*   బ్లూ ఫైబర్ (Blue fiber) పరిమాణం = 2 బోల్ట్‌లు.
*   వైట్ ఫైబర్ (White fiber) పరిమాణం = బ్లూ ఫైబర్‌లోని సగం.

**2. వైట్ ఫైబర్ పరిమాణాన్ని లెక్కించడం:**
*   వైట్ ఫైబర్ = బ్లూ ఫైబర్‌లోని సగం
*   వైట్ ఫైబర్ = $\frac{1}{2} \times 2 = 1$ బోల్ట్.

**3. మొత్తం బోల్ట్‌ల సంఖ్యను లెక్కించడం:**
*   మొత్తం బోల్ట్‌లు = బ్లూ ఫైబర్ + వైట్ ఫైబర్
*   మొత్తం బోల్ట్‌లు = $2 + 1 = 3$ బోల్ట్‌లు.

**జవాబు:**
ఆ రోబ్ మొత్తం **3** బోల్ట్‌లను తీసుకుంది.",Qwen3.5-27B,1.0,True,The candidate solution correctly interprets the problem statement. It accurately calculates the white fiber amount as half of the blue fiber (1/2 * 2 = 1 bolt) and correctly sums the blue and white fibers to find the total (2 + 1 = 3 bolts). The mathematical reasoning and final answer are valid.,"{
  ""score"": 1.0,
  ""correct"": true,
  ""reason"": ""The candidate solution correctly interprets the problem statement. It accurately calculates the white fiber amount as half of the blue fiber (1/2 * 2 = 1 bolt) and correctly sums the blue and white fibers to find the total (2 + 1 = 3 bolts). The mathematical reasoning and final answer are valid.""
}","The user wants me to evaluate a mathematical solution provided in Telugu.

**1. Analyze the Question:**
Question (Telugu): ""ఒక రోబ్ 2 బోల్ట్‌ల బ్లూ ఫైబర్ మరియు దానిలో సగం వైట్ ఫైబర్‌ని తీసుకుంది. అది మొత్తం ఎన్ని బోల్ట్‌లను తీసుకుంది?""
Translation: ""A robot took 2 bolts of blue fiber and half of that white fiber. How many bolts did it take in total?""

Key information:
- Blue fiber = 2 bolts.
- White fiber = Half of the blue fiber amount.
- Question asks for the total bolts.

**2. Solve the Problem Independently:**
- Blue fiber = 2 bolts.
- White fiber = $\frac{1}{2} \times \text{Blue fiber} = \frac{1}{2} \times 2 = 1$ bolt.
- Total bolts = Blue fiber + White fiber = $2 + 1 = 3$ bolts.

**3. Evaluate the Candidate Solution:**
- **Step 1 (Given Info):** Identifies Blue fiber = 2 bolts. Identifies White fiber = half of Blue fiber. (Correct)
- **Step 2 (Calculate White):** Calculates White fiber = $\frac{1}{2} \times 2 = 1$ bolt. (Correct)
- **Step 3 (Calculate Total):** Calculates Total = $2 + 1 = 3$ bolts. (Correct)
- **Final Answer:** States 3 bolts. (Correct)

**4. Check for Errors:**
- Mathematical logic is sound.
- Calculations are correct.
- Language is Telugu, which matches the question.
- No substantive errors found.

**5. Formulate the Output:**
- Score: 1.0
- Correct: true
- Reason: The solution correctly interprets the problem, calculates the amount of white fiber as half of the blue fiber (1 bolt), and sums them up to get the total (3 bolts).

**6. JSON Structure:**
Must be valid JSON with keys ""score"", ""correct"", ""reason"".

Let's draft the reason.
""The candidate solution correctly identifies the given values (Blue"
Gemma-4-26B,2,P2,ఒక రోబ్ 2 బోల్ట్‌ల బ్లూ ఫైబర్ మరియు దానిలో సగం వైట్ ఫైబర్‌ని తీసుకుంది. అది మొత్తం ఎన్ని బోల్ట్‌లను తీసుకుంది?,"Please solve the following math problem carefully. Explain your solution step by step and clearly state the final answer.

Problem:
ఒక రోబ్ 2 బోల్ట్‌ల బ్లూ ఫైబర్ మరియు దానిలో సగం వైట్ ఫైబర్‌ని తీసుకుంది. అది మొత్తం ఎన్ని బోల్ట్‌లను తీసుకుంది?","*   Language: Telugu.
    *   Problem: ""ఒక రోబ్ 2 బోల్ట్‌ల బ్లూ ఫైబర్ మరియు దానిలో సగం వైట్ ఫైబర్‌ని తీసుకుంది. అది మొత్తం ఎన్ని బోల్ట్‌లను తీసుకుంది?""
    *   Translation (English): ""A robe took 2 bolts of blue fiber and half of that white fiber. How many bolts did it take in total?""

    *   Blue fiber = 2 bolts.
    *   White fiber = Half of the blue fiber.
    *   Goal: Find the total number of bolts (Blue + White).

    *   Step 1: Determine the amount of blue fiber.
        *   Blue fiber = 2 bolts.
    *   Step 2: Determine the amount of white fiber.
        *   White fiber = $\frac{1}{2}$ of blue fiber.
        *   White fiber = $\frac{1}{2} \times 2 = 1$ bolt.
    *   Step 3: Calculate the total.
        *   Total = Blue fiber + White fiber.
        *   Total = 2 + 1 = 3 bolts.

    *   *Step 1 (Blue fiber):* బ్లూ ఫైబర్ = 2 బోల్ట్‌లు. (Blue fiber = 2 bolts.)
    *   *Step 2 (White fiber):* వైట్ ఫైబర్ = బ్లూ ఫైబర్ లో సగం = $2 \div 2 = 1$ బోల్ట్. (White fiber = Half of blue fiber = $2 \div 2 = 1$ bolt.)
    *   *Step 3 (Total):* మొత్తం బోల్ట్‌లు = బ్లూ ఫైబర్ + వైట్ ఫైబర్ = $2 + 1 = 3$ బోల్ట్‌లు. (Total bolts = Blue fiber + White fiber = $2 + 1 = 3$ bolts.)

    *   Present the steps clearly in Telugu.

    *   Problem Statement: ఒక రోబ్ 2 బోల్ట్‌ల బ్లూ ఫైబర్ మరియు దానిలో సగం వైట్ ఫైబర్‌ని తీసుకుంది. అది మొత్తం ఎన్ని బోల్ట్‌లను తీసుకుంది?
    *   Step 1: బ్లూ ఫైబర్ (Blue fiber) = 2 బోల్ట్‌లు.
    *   Step 2: వైట్ ఫైబర్ (White fiber) = బ్లూ ఫైబర్‌లో సగం = $\frac{1}{2} \times 2 = 1$ బోల్ట్.
    *   Step 3: మొత్తం బోల్ట్‌లు (Total bolts) = బ్లూ ఫైబర్ + వైట్ ఫైబర్ = $2 + 1 = 3$ బోల్ట్‌లు.
    *   Final Answer: 3 బోల్ట్‌లు.","ప్రశ్న: ఒక రోబ్ 2 బోల్ట్‌ల బ్లూ ఫైబర్ మరియు దానిలో సగం వైట్ ఫైబర్‌ని తీసుకుంది. అది మొత్తం ఎన్ని బోల్ట్‌లను తీసుకుంది?

**పరిష్కారం:**

ఈ లెక్కను మనం స్టెప్ బై స్టెప్ (దశల వారీగా) పరిష్కరిద్దాం:

1.  **బ్లూ ఫైబర్ (Blue fiber) పరిమాణం:**
    ప్రశ్న ప్రకారం, బ్లూ ఫైబర్ = 2 బోల్ట్‌లు.

2.  **వైట్ ఫైబర్ (White fiber) పరిమాణం:**
    వైట్ ఫైబర్ అనేది బ్లూ ఫైబర్‌లోని సగం.
    వైట్ ఫైబర్ = బ్లూ ఫైబర్ లో సగం = $\frac{1}{2} \times 2$ బోల్ట్‌లు = 1 బోల్ట్.

3.  **మొత్తం బోల్ట్‌ల సంఖ్య (Total bolts):**
    మొత్తం బోల్ట్‌లు = బ్లూ ఫైబర్ + వైట్ ఫైబర్
    మొత్తం బోల్ట్‌లు = 2 + 1 = 3 బోల్ట్‌లు.

**సమాధానం:**
అది మొత్తం **3 బోల్ట్‌లను** తీసుకుంది.",Qwen3.5-27B,1.0,True,The candidate correctly interpreted the problem statement. It identified the blue fiber as 2 bolts and calculated the white fiber as half of that amount (1 bolt). The final sum (2 + 1 = 3) is mathematically accurate and follows logically from the steps provided.,"{
  ""score"": 1.0,
  ""correct"": true,
  ""reason"": ""The candidate correctly interpreted the problem statement. It identified the blue fiber as 2 bolts and calculated the white fiber as half of that amount (1 bolt). The final sum (2 + 1 = 3) is mathematically accurate and follows logically from the steps provided.""
}","The user wants me to evaluate a mathematical solution provided in Telugu.

**Question Analysis:**
The question is in Telugu: ""ఒక రోబ్ 2 బోల్ట్‌ల బ్లూ ఫైబర్ మరియు దానిలో సగం వైట్ ఫైబర్‌ని తీసుకుంది. అది మొత్తం ఎన్ని బోల్ట్‌లను తీసుకుంది?""
Translation: ""A robot took 2 bolts of blue fiber and half of that white fiber. How many bolts did it take in total?""

**Mathematical Breakdown:**
1. Blue fiber bolts = 2.
2. White fiber bolts = Half of the blue fiber bolts = $2 / 2 = 1$.
3. Total bolts = Blue fiber bolts + White fiber bolts = $2 + 1 = 3$.

**Candidate Solution Analysis:**
The candidate solution is also in Telugu.
1. It identifies Blue fiber = 2 bolts.
2. It calculates White fiber = Half of Blue fiber = $1/2 \times 2 = 1$ bolt.
3. It calculates Total = Blue + White = $2 + 1 = 3$ bolts.
4. Final Answer: 3 bolts.

**Evaluation:**
- The interpretation of the problem is correct.
- The calculation for white fiber is correct ($2 \times 0.5 = 1$).
- The summation is correct ($2 + 1 = 3$).
- The reasoning is clear and logical.
- The final answer matches the independent calculation.

**Conclusion:**
The solution is mathematically correct.

**JSON Output:**
- score: 1.0
- correct: true
- reason: The candidate correctly identified the amount of blue fiber (2 bolts), calculated the white fiber as half of that (1 bolt), and summed them to get the total (3 bolts). The reasoning and calculations are accurate.

Let's format the JSON.
{
  ""score"": 1.0,
  ""correct"": true,
  ""reason"": ""The candidate correctly interpreted the problem: Blue fiber = 2 bolts, White fiber = half of Blue fiber = 1 bolt. The total is calculated as 2 + 1 = 3 bolts. All"
Gemma-4-26B,2,P3,ఒక రోబ్ 2 బోల్ట్‌ల బ్లూ ఫైబర్ మరియు దానిలో సగం వైట్ ఫైబర్‌ని తీసుకుంది. అది మొత్తం ఎన్ని బోల్ట్‌లను తీసుకుంది?,"Work through the following math problem step by step. Show how you arrive at the answer and give the final result.

Problem:
ఒక రోబ్ 2 బోల్ట్‌ల బ్లూ ఫైబర్ మరియు దానిలో సగం వైట్ ఫైబర్‌ని తీసుకుంది. అది మొత్తం ఎన్ని బోల్ట్‌లను తీసుకుంది?","*   Language: Telugu.
    *   Problem: ""ఒక రోబ్ 2 బోల్ట్‌ల బ్లూ ఫైబర్ మరియు దానిలో సగం వైట్ ఫైబర్‌ని తీసుకుంది. అది మొత్తం ఎన్ని బోల్ట్‌లను తీసుకుంది?""
    *   Translation: ""A Rob took 2 bolts of blue fiber and half of that in white fiber. How many total bolts did it take?""

    *   Blue fiber = 2 bolts.
    *   White fiber = Half of the blue fiber.

    *   Blue fiber = 2 bolts.
    *   White fiber = $\frac{1}{2} \times 2 = 1$ bolt.
    *   Total bolts = Blue fiber + White fiber.
    *   Total bolts = $2 + 1 = 3$ bolts.

    *   Step 1: Identify the amount of blue fiber. (బ్లూ ఫైబర్ పరిమాణం = 2 బోల్ట్‌లు)
    *   Step 2: Calculate the amount of white fiber. (వైట్ ఫైబర్ పరిమాణం = 2 లో సగం = 1 బోల్ట్)
    *   Step 3: Add them together to get the total. (మొత్తం బోల్ట్‌లు = 2 + 1 = 3)

    *   ""బ్లూ ఫైబర్ పరిమాణం = 2 బోల్ట్‌లు""
    *   ""వైట్ ఫైబర్ పరిమాణం = 2 లో సగం = 1 బోల్ట్""
    *   ""మొత్తం బోల్ట్‌లు = 2 + 1 = 3""

    *   Problem: ""ఒక రోబ్ 2 బోల్ట్‌ల బ్లూ ఫైబర్ మరియు దానిలో సగం వైట్ ఫైబర్‌ని తీసుకుంది. అది మొత్తం ఎన్ని బోల్ట్‌లను తీసుకుంది?""
    *   Blue = 2.
    *   White = half of 2 = 1.
    *   Total = 2 + 1 = 3.","లెక్కను దశలవారీగా సాధిద్దాం:

1. **బ్లూ ఫైబర్ పరిమాణం:** ప్రశ్న ప్రకారం, రోబ్ 2 బోల్ట్‌ల బ్లూ ఫైబర్‌ను తీసుకుంది.
   - బ్లూ ఫైబర్ = 2 బోల్ట్‌లు

2. **వైట్ ఫైబర్ పరిమాణం:** రోబ్ బ్లూ ఫైబర్‌లోని సగం వైట్ ఫైబర్‌ను తీసుకుంది.
   - వైట్ ఫైబర్ = 2 బోల్ట్‌లలో సగం
   - వైట్ ఫైబర్ = $2 \div 2 = 1$ బోల్ట్

3. **మొత్తం బోల్ట్‌ల సంఖ్య:** మొత్తం బోల్ట్‌లను కనుగొనడానికి బ్లూ ఫైబర్ మరియు వైట్ ఫైబర్‌లను కలపాలి.
   - మొత్తం బోల్ట్‌లు = బ్లూ ఫైబర్ + వైట్ ఫైబర్
   - మొత్తం బోల్ట్‌లు = $2 + 1 = 3$ బోల్ట్‌లు

**జవాబు:** రోబ్ మొత్తం **3** బోల్ట్‌లను తీసుకుంది.",Qwen3.5-27B,1.0,True,"The candidate correctly interpreted the problem statement: Blue fiber = 2 bolts, White fiber = half of Blue fiber = 1 bolt. The total calculation (2 + 1 = 3) is mathematically accurate and the reasoning is logical.","""

{
  ""score"": 1.0,
  ""correct"": true,
  ""reason"": ""The candidate correctly interpreted the problem statement: Blue fiber = 2 bolts, White fiber = half of Blue fiber = 1 bolt. The total calculation (2 + 1 = 3) is mathematically accurate and the reasoning is logical.""
}
</think>

{
  ""score"": 1.0,
  ""correct"": true,
  ""reason"": ""The candidate correctly interpreted the problem statement: Blue fiber = 2 bolts, White fiber = half of Blue fiber = 1 bolt. The total calculation (2 + 1 = 3) is mathematically accurate and the reasoning is logical.""
}","The user wants me to evaluate a mathematical solution provided in Telugu.

**Question Analysis:**
The question is in Telugu: ""ఒక రోబ్ 2 బోల్ట్‌ల బ్లూ ఫైబర్ మరియు దానిలో సగం వైట్ ఫైబర్‌ని తీసుకుంది. అది మొత్తం ఎన్ని బోల్ట్‌లను తీసుకుంది?""
Translation: ""A robot took 2 bolts of blue fiber and half of that white fiber. How many bolts did it take in total?""

**Mathematical Breakdown:**
1. Blue fiber bolts = 2
2. White fiber bolts = Half of the blue fiber bolts = $2 / 2 = 1$
3. Total bolts = Blue fiber bolts + White fiber bolts = $2 + 1 = 3$

**Candidate Solution Analysis:**
The candidate solution is also in Telugu.
1. It identifies Blue fiber = 2 bolts.
2. It calculates White fiber = Half of 2 bolts = $2 \div 2 = 1$ bolt.
3. It calculates Total = Blue + White = $2 + 1 = 3$ bolts.
4. Final Answer: 3 bolts.

**Evaluation:**
- The interpretation of the problem is correct.
- The calculation for white fiber is correct ($2/2 = 1$).
- The calculation for the total is correct ($2 + 1 = 3$).
- The reasoning is logical and clear.
- The final answer matches the independent calculation.

**Conclusion:**
The solution is mathematically correct.

**JSON Output:**
- score: 1.0
- correct: true
- reason: The candidate correctly interpreted the problem, calculated the white fiber as half of the blue fiber (1 bolt), and summed them up to get the total (3 bolts). All steps are mathematically valid.

Let's double-check the Telugu text to ensure no subtle meaning is lost.
""2 బోల్ట్‌ల బ్లూ ఫైబర్"" -> 2 bolts of blue fiber.
""దానిలో సగం వైట్ ఫైబర్‌ని"" -> half of that (referring to the blue fiber amount) white fiber.
"""
Gemma-4-26B,2,P4,ఒక రోబ్ 2 బోల్ట్‌ల బ్లూ ఫైబర్ మరియు దానిలో సగం వైట్ ఫైబర్‌ని తీసుకుంది. అది మొత్తం ఎన్ని బోల్ట్‌లను తీసుకుంది?,"Find the solution to the following problem. Explain your reasoning and calculations before giving the final answer.

Problem:
ఒక రోబ్ 2 బోల్ట్‌ల బ్లూ ఫైబర్ మరియు దానిలో సగం వైట్ ఫైబర్‌ని తీసుకుంది. అది మొత్తం ఎన్ని బోల్ట్‌లను తీసుకుంది?","*   Language: Telugu.
    *   Problem: ""ఒక రోబ్ 2 బోల్ట్‌ల బ్లూ ఫైబర్ మరియు దానిలో సగం వైట్ ఫైబర్‌ని తీసుకుంది. అది మొత్తం ఎన్ని బోల్ట్‌లను తీసుకుంది?""
    *   Translation: ""A rob took 2 bolts of blue fiber and half of that as white fiber. How many total bolts did it take?""

    *   Blue fiber: 2 bolts.
    *   White fiber: Half of the blue fiber.
    *   Goal: Total number of bolts (Blue + White).

    *   Step 1: Identify Blue fiber quantity = 2 bolts.
    *   Step 2: Calculate White fiber quantity = $\frac{1}{2} \times 2 = 1$ bolt.
    *   Step 3: Calculate Total quantity = Blue + White = $2 + 1 = 3$ bolts.

    *   *Reasoning:*
        *   బ్లూ ఫైబర్ (Blue fiber) = 2 బోల్ట్‌లు.
        *   వైట్ ఫైబర్ (White fiber) = బ్లూ ఫైబర్‌లో సగం = 2లో సగం = 1 బోల్ట్.
        *   మొత్తం బోల్ట్‌లు (Total bolts) = బ్లూ ఫైబర్ + వైట్ ఫైబర్ = 2 + 1 = 3 బోల్ట్‌లు.

    *   Start with the breakdown.
    *   Show the addition.
    *   Provide the final answer clearly.

    *   బ్లూ ఫైబర్ పరిమాణం = 2 బోల్ట్‌లు.
    *   వైట్ ఫైబర్ పరిమాణం = 2 బోల్ట్‌లలో సగం = 1 బోల్ట్.
    *   మొత్తం పరిమాణం = 2 + 1 = 3 బోల్ట్‌లు.

    (Self-Correction: The word ""రోబ్"" in the problem likely refers to a person's name ""Rob"" transliterated into Telugu, though ""Rob"" isn't a standard common noun in this context. I will treat it as the subject/name).

    *   Blue fiber = 2
    *   White fiber = 2 / 2 = 1
    *   Total = 2 + 1 = 3.

    Let's write it out formally.","ఈ సమస్యను పరిష్కరించడానికి మనం ఈ క్రింది దశలను అనుసరించాలి:

**1. ఇచ్చిన సమాచారం:**
*   బ్లూ ఫైబర్ (Blue fiber) పరిమాణం = 2 బోల్ట్‌లు.
*   వైట్ ఫైబర్ (White fiber) పరిమాణం = బ్లూ ఫైబర్‌లోని సగం.

**2. గణన (Calculations):**
*   ముందుగా వైట్ ఫైబర్ ఎన్ని బోల్ట్‌లు అనేది తెలుసుకోవాలి:
    వైట్ ఫైబర్ = బ్లూ ఫైబర్‌లోని సగం = $2 \div 2 = 1$ బోల్ట్.
*   ఇప్పుడు మొత్తం బోల్ట్‌ల సంఖ్యను కనుగొనాలి:
    మొత్తం బోల్ట్‌లు = బ్లూ ఫైబర్ + వైట్ ఫైబర్
    మొత్తం బోల్ట్‌లు = $2 + 1 = 3$ బోల్ట్‌లు.

**ముగింపు:**
రోబ్ తీసుకున్న మొత్తం బోల్ట్‌ల సంఖ్య 3.

**జవాబు:**
3 బోల్ట్‌లు",Qwen3.5-27B,1.0,True,The candidate solution correctly interprets the problem statement. It identifies the blue fiber as 2 bolts and calculates the white fiber as half of that (2 / 2 = 1 bolt). The final sum (2 + 1 = 3 bolts) is mathematically accurate and logically follows from the given information.,"{
  ""score"": 1.0,
  ""correct"": true,
  ""reason"": ""The candidate solution correctly interprets the problem statement. It identifies the blue fiber as 2 bolts and calculates the white fiber as half of that (2 / 2 = 1 bolt). The final sum (2 + 1 = 3 bolts) is mathematically accurate and logically follows from the given information.""
}","The user wants me to evaluate a mathematical solution provided in Telugu.

**1. Analyze the Question:**
Question (Telugu): ""ఒక రోబ్ 2 బోల్ట్‌ల బ్లూ ఫైబర్ మరియు దానిలో సగం వైట్ ఫైబర్‌ని తీసుకుంది. అది మొత్తం ఎన్ని బోల్ట్‌లను తీసుకుంది?""
Translation: ""A robot took 2 bolts of blue fiber and half of that white fiber. How many bolts did it take in total?""

Key information:
- Blue fiber = 2 bolts.
- White fiber = Half of the blue fiber amount.
- Question asks for the total bolts.

**2. Solve the Problem Independently:**
- Blue fiber = 2 bolts.
- White fiber = (1/2) * Blue fiber = (1/2) * 2 = 1 bolt.
- Total bolts = Blue fiber + White fiber = 2 + 1 = 3 bolts.

**3. Evaluate the Candidate Solution:**
- **Step 1 (Given Info):** Identifies Blue fiber = 2 bolts. Identifies White fiber = Half of Blue fiber. This matches the problem statement.
- **Step 2 (Calculations):**
    - Calculates White fiber: $2 \div 2 = 1$ bolt. This is correct.
    - Calculates Total: $2 + 1 = 3$ bolts. This is correct.
- **Conclusion:** States the total is 3 bolts.
- **Answer:** 3 bolts.

**4. Check for Errors:**
- Mathematical logic: Sound.
- Arithmetic: Correct ($2/2 = 1$, $2+1 = 3$).
- Language: Telugu, which is acceptable per instructions.
- Reasoning: Clear and follows the problem statement.

**5. Determine Score:**
- The solution is mathematically correct.
- Score: 1.0
- Correct: true

**6. Draft Reason:**
The candidate correctly identified the amount of blue fiber (2 bolts) and calculated the white fiber as half of that (1 bolt). The sum of both (2 + 1) correctly yields the total of 3 bolts. The reasoning and arithmetic are valid."
Gemma-4-26B,2,P5,ఒక రోబ్ 2 బోల్ట్‌ల బ్లూ ఫైబర్ మరియు దానిలో సగం వైట్ ఫైబర్‌ని తీసుకుంది. అది మొత్తం ఎన్ని బోల్ట్‌లను తీసుకుంది?,"Carefully solve the following mathematical problem. Provide a step-by-step solution and conclude with the final answer.

Problem:
ఒక రోబ్ 2 బోల్ట్‌ల బ్లూ ఫైబర్ మరియు దానిలో సగం వైట్ ఫైబర్‌ని తీసుకుంది. అది మొత్తం ఎన్ని బోల్ట్‌లను తీసుకుంది?","*   Language: Telugu.
    *   Content: ""ఒక రోబ్ 2 బోల్ట్‌ల బ్లూ ఫైబర్ మరియు దానిలో సగం వైట్ ఫైబర్‌ని తీసుకుంది. అది మొత్తం ఎన్ని బోల్ట్‌లను తీసుకుంది?""
    *   Translation (Mental): ""A Rob took 2 bolts of blue fiber and half of that as white fiber. How many bolts did it take in total?""

    *   Blue fiber bolts = 2
    *   White fiber bolts = Half of blue fiber bolts = 1/2 * 2 = 1.
    *   Total bolts = Blue fiber bolts + White fiber bolts.

    *   Blue fiber = 2 bolts.
    *   White fiber = $\frac{1}{2} \times 2 = 1$ bolt.
    *   Total = $2 + 1 = 3$ bolts.

    *   Step 1: Identify the number of blue fiber bolts (బ్లూ ఫైబర్ బోల్టుల సంఖ్య = 2).
    *   Step 2: Calculate the number of white fiber bolts (వైట్ ఫైబర్ బోల్టుల సంఖ్య = 2 లో సగం = 1).
    *   Step 3: Calculate the total (మొత్తం బోల్టుల సంఖ్య = 2 + 1 = 3).

    *   బ్లూ ఫైబర్ బోల్టులు = 2.
    *   వైట్ ఫైబర్ బోల్టులు = 2 లో సగం = 1.
    *   మొత్తం బోల్టులు = 2 + 1 = 3.

    *   ""ఒక రోబ్ 2 బోల్ట్‌ల బ్లూ ఫైబర్ మరియు దానిలో సగం వైట్ ఫైబర్‌ని తీసుకుంది.""
    *   Blue = 2.
    *   White = 1/2 of 2 = 1.
    *   Total = 2 + 1 = 3.

    *   Step-by-step explanation in Telugu.
    *   Final answer clearly stated.","ప్రశ్న ప్రకారం, మనం తీసుకున్న బోల్టుల సంఖ్యను ఈ క్రింది విధంగా లెక్కించవచ్చు:

**దశ 1: బ్లూ ఫైబర్ బోల్టుల సంఖ్యను గుర్తించడం**
రోబ్ తీసుకున్న బ్లూ ఫైబర్ బోల్టుల సంఖ్య = 2

**దశ 2: వైట్ ఫైబర్ బోల్టుల సంఖ్యను లెక్కించడం**
వైట్ ఫైబర్ అనేది బ్లూ ఫైబర్ కంటే సగం ఉండాలి.
వైట్ ఫైబర్ బోల్టుల సంఖ్య = 2 లో సగం = $\frac{1}{2} \times 2 = 1$

**దశ 3: మొత్తం బోల్టుల సంఖ్యను లెక్కించడం**
మొత్తం బోల్టులు = బ్లూ ఫైబర్ బోల్టులు + వైట్ ఫైబర్ బోల్టులు
మొత్తం బోల్టులు = 2 + 1 = 3

**సమాధానం:**
రోబ్ మొత్తం **3** బోల్టులను తీసుకుంది.",Qwen3.5-27B,1.0,True,"The candidate solution correctly interprets the problem statement. It identifies 2 bolts of blue fiber, calculates the white fiber bolts as half of that amount (2 / 2 = 1), and sums them to find the total (2 + 1 = 3). The arithmetic and logical steps are mathematically valid.","{
  ""score"": 1.0,
  ""correct"": true,
  ""reason"": ""The candidate solution correctly interprets the problem statement. It identifies 2 bolts of blue fiber, calculates the white fiber bolts as half of that amount (2 / 2 = 1), and sums them to find the total (2 + 1 = 3). The arithmetic and logical steps are mathematically valid.""
}","The user wants me to evaluate a mathematical solution provided in Telugu.

**Question Analysis:**
The question is in Telugu: ""ఒక రోబ్ 2 బోల్ట్‌ల బ్లూ ఫైబర్ మరియు దానిలో సగం వైట్ ఫైబర్‌ని తీసుకుంది. అది మొత్తం ఎన్ని బోల్ట్‌లను తీసుకుంది?""
Translation: ""A robot took 2 bolts of blue fiber and half of that white fiber. How many bolts did it take in total?""

**Mathematical Breakdown:**
1. Blue fiber bolts = 2
2. White fiber bolts = Half of the blue fiber bolts = $2 / 2 = 1$
3. Total bolts = Blue fiber bolts + White fiber bolts = $2 + 1 = 3$

**Candidate Solution Analysis:**
The candidate solution is also in Telugu.
- **Step 1:** Identifies Blue fiber bolts = 2. (Correct)
- **Step 2:** Calculates White fiber bolts. States it should be half of Blue fiber. Calculation: $1/2 \times 2 = 1$. (Correct)
- **Step 3:** Calculates Total bolts. Sum = $2 + 1 = 3$. (Correct)
- **Final Answer:** 3. (Correct)

**Evaluation:**
The reasoning is sound. The calculations are correct. The interpretation of the Telugu text ""దానిలో సగం"" (half of that) refers to the quantity of blue fiber bolts mentioned previously.
The solution correctly interprets ""half of that"" as half of the 2 bolts.
Total = 2 + 1 = 3.

The solution is mathematically correct.

**JSON Output:**
Score: 1.0
Correct: true
Reason: The candidate correctly identified the number of blue bolts (2), calculated the white bolts as half of that (1), and summed them to get the total (3). The logic and arithmetic are valid.

Let's double check the Telugu phrasing.
""2 బోల్ట్‌ల బ్లూ ఫైబర్"" -> 2 bolts of blue fiber.
""దానిలో సగం వైట్ ఫైబర్‌ని"""
Gemma-4-26B,3,P1,"జోష్ ఒక ఇంటిపై పెట్టుబడి పెట్టాలని నిర్ణయించుకున్నాడు. అతడు ఒక ఇంటిని $80,000కు కొనుగోలు చేసి, తరువాత మరమ్మత్తుల కొరకు $50,000 వెచ్చించాడు. ఇది ఇంటి విలువను 150% పెంచింది. అతడు ఎంత లాభం పొందాడు?","Solve the following math problem step by step. Show your reasoning clearly and provide the final answer.

Problem:
జోష్ ఒక ఇంటిపై పెట్టుబడి పెట్టాలని నిర్ణయించుకున్నాడు. అతడు ఒక ఇంటిని $80,000కు కొనుగోలు చేసి, తరువాత మరమ్మత్తుల కొరకు $50,000 వెచ్చించాడు. ఇది ఇంటి విలువను 150% పెంచింది. అతడు ఎంత లాభం పొందాడు?","*   Josh bought a house for $80,000.
    *   He spent $50,000 on repairs.
    *   These repairs increased the house's value by 150%. (Wait, I need to clarify what ""increased the house's value by 150%"" means. Does it mean the *total value* became 150% of the original cost, or the value *increased by* 150%? Usually, ""increased by 150%"" means the new value is Original + 150% of Original = 250% of Original. However, let's look at the context. Often in these math problems, ""increased to 150%"" and ""increased by 150%"" are used loosely. Let's re-read: ""ఇది ఇంటి విలువను 150% పెంచింది"" means ""This increased the house's value by 150%"". Let's assume it means the *added value* is 150% of something. Usually, in these types of problems, it refers to the *total cost* or the *original price*. Let's re-examine the wording carefully.)

    *   Purchase Price (Cost Price 1): $80,000
    *   Repair Cost: $50,000
    *   Total Investment (Total Cost Price): $80,000 + $50,000 = $130,000
    *   Value Increase: The repairs increased the value by 150%. This is slightly ambiguous. Does it mean:
        a) The value increased by 150% of the *purchase price* ($80,000)?
        b) The value increased by 150% of the *total investment* ($130,000)?
        c) The value *became* 150% of the *purchase price*?
        d) The value *became* 150% of the *total investment*?

    *   Let's look at the phrasing again: ""ఇది ఇంటి విలువను 150% పెంచింది"" (This increased the house's value by 150%).
    *   In standard English/Math problems: ""Increased by 150%"" means:
        New Value = Old Value + (150% of Old Value)
        New Value = Old Value + 1.5 * Old Value = 2.5 * Old Value.
    *   What is the ""Old Value""? Is it the purchase price ($80,000) or the value before repairs? The value before repairs was $80,000.
    *   If New Value = $80,000 + (1.5 * $80,000) = $80,000 + $120,000 = $200,000.
    *   Total Investment = $80,000 + $50,000 = $130,000.
    *   Profit = New Value - Total Investment = $200,000 - $130,000 = $70,000.

    *   Let's try another interpretation: ""Increased the value *to* 150%"".
        New Value = 1.5 * $80,000 = $120,000.
        Total Investment = $130,000.
        Profit = $120,000 - $130,000 = -$10,000 (Loss).
        This doesn't seem like a typical ""profit"" problem unless it results in a loss.

    *   Let's try another interpretation: ""The repairs increased the value *to* 150% of the *total cost*"".
        New Value = 1.5 * $130,000 = $195,000.
        Profit = $195,000 - $130,000 = $65,000.

    *   Let's look at the wording ""ఇది ఇంటి విలువను 150% పెంచింది"" again.
        ""పెంచింది"" (increased/raised) + ""150%"" (150%)
        In Telugu, ""150% పెంచింది"" usually implies addition.
        Example: ""ధరను 10% పెంచారు"" (Price was increased by 10%).
        So, ""Value increased by 150%"" $\rightarrow$ New Value = Original Value + 1.5 * Original Value.

    *   Let's re-evaluate the base for the 150% increase.
        Is the increase based on the purchase price ($80,000) or the total investment ($130,000)?
        Usually, when discussing a property's value increase due to renovations, the increase is relative to the *original purchase price*.
        Original Price = $80,000.
        Increase = 150% of $80,000 = 1.5 * 80,000 = $120,000.
        New Value = Original Price + Increase = $80,000 + $120,000 = $200,000.

    *   Total Investment = Purchase Price + Repairs = $80,000 + $50,000 = $130,000.
    *   Profit = Selling Price (New Value) - Total Investment = $200,000 - $130,000 = $70,000.

    *   Wait, let's think if there is a simpler interpretation.
        What if the value *increased to* 150% of the purchase price?
        New Value = 150% of $80,000 = $120,000.
        Total Investment = $130,000.
        Profit = $120,000 - $130,000 = -$10,000 (Loss).
        This is unlikely for a ""how much profit"" question.

    *   What if ""the value increased by 150%"" means the *total value* is 150% *more* than the *total investment*?
        New Value = $130,000 + 1.5 * $130,000 = $325,000.
        Profit = $325,000 - $130,000 = $19",,Qwen3.5-27B,0.0,False,"The candidate solution is empty. It provides no calculations, reasoning, or final answer to the mathematical problem.","{
  ""score"": 0.0,
  ""correct"": false,
  ""reason"": ""The candidate solution is empty. It provides no calculations, reasoning, or final answer to the mathematical problem.""
}","The user wants me to evaluate a mathematical solution provided by an AI candidate.

**1. Analyze the Input:**
- **Question:** Josh decides to invest in a house. He buys a house for $80,000 and spends $50,000 on repairs. This increased the value of the house by 150%. How much profit did he make? (Language: Telugu)
- **Candidate Solution:** The candidate solution is empty (`<<< >>>`).

**2. Solve the Problem Independently:**
- **Cost Price (CP):**
  - Purchase price = $80,000
  - Repair cost = $50,000
  - Total Cost = $80,000 + $50,000 = $130,000
- **Value Increase:**
  - The problem states: ""This increased the value of the house by 150%.""
  - There is ambiguity here. Does ""value of the house"" refer to the purchase price ($80,000) or the total investment ($130,000)?
  - Usually, in such problems, ""value of the house"" refers to the market value after repairs compared to the initial purchase price, or it refers to the total cost basis.
  - Interpretation A: The value increased by 150% of the *purchase price* ($80,000).
    - Increase = 150% of 80,000 = 1.5 * 80,000 = 120,000.
    - New Value = 80,000 + 120,000 = 200,000.
    - Profit = New Value - Total Cost = 200,000 - 130,000 = 70,000.
  - Interpretation B: The value increased by 150% of the *total cost* ($130,000).
    - Increase = 150% of 130,000 = 1.5 * 130,000 = 195,000.
   "
Gemma-4-26B,3,P2,"జోష్ ఒక ఇంటిపై పెట్టుబడి పెట్టాలని నిర్ణయించుకున్నాడు. అతడు ఒక ఇంటిని $80,000కు కొనుగోలు చేసి, తరువాత మరమ్మత్తుల కొరకు $50,000 వెచ్చించాడు. ఇది ఇంటి విలువను 150% పెంచింది. అతడు ఎంత లాభం పొందాడు?","Please solve the following math problem carefully. Explain your solution step by step and clearly state the final answer.

Problem:
జోష్ ఒక ఇంటిపై పెట్టుబడి పెట్టాలని నిర్ణయించుకున్నాడు. అతడు ఒక ఇంటిని $80,000కు కొనుగోలు చేసి, తరువాత మరమ్మత్తుల కొరకు $50,000 వెచ్చించాడు. ఇది ఇంటి విలువను 150% పెంచింది. అతడు ఎంత లాభం పొందాడు?","*   Josh bought a house for $80,000.
    *   He spent $50,000 on repairs.
    *   These repairs increased the value of the house by 150%.
    *   Question: How much profit did he make?

    *   Initial cost = $80,000.
    *   Repair cost = $50,000.
    *   Total investment = Initial cost + Repair cost.
    *   Total investment = $80,000 + $50,000 = $130,000.

    *   The problem states: ""This (the repairs) increased the value of the house by 150%.""
    *   Does this mean the *new value* is 150% of the *original value*, or the *increase* is 150% of the *original value*?
    *   Let's look at the wording carefully: ""మరమ్మత్తుల కొరకు $50,000 వెచ్చించాడు. ఇది ఇంటి విలువను 150% పెంచింది."" (Spent $50,000 on repairs. This increased the house value by 150%.)
    *   Usually, ""increased by 150%"" means: New Value = Old Value + (150% of Old Value).
    *   Let's check the context. If the value increases *by* 150%, the new value is $Original Value + 1.5 \times Original Value = 2.5 \times Original Value$.
    *   Wait, there's a slight ambiguity in the phrase ""ఇది ఇంటి విలువను 150% పెంచింది"".
        *   Interpretation A: The value increased *by* 150% of the original house price.
        *   Interpretation B: The value increased *to* 150% of the original house price.
        *   Interpretation C: The repairs increased the *total value* of the house by 150% of the *cost of repairs*? No, that's unlikely.
    *   Let's re-read: ""He bought a house for $80,000... spent $50,000 on repairs. This (the repairs) increased the house's value by 150%.""
    *   In mathematical terms, ""increased by $X\%$"" means: $New = Old \times (1 + X/100)$.
    *   So, New Value = $80,000 + (150\% \text{ of } 80,000)$.
    *   New Value = $80,000 + (1.5 \times 80,000)$.
    *   New Value = $80,000 + 120,000 = 200,000$.

    *   Total Investment = $80,000 (purchase) + $50,000 (repairs) = $130,000.
    *   Selling Price (New Value) = $200,000.
    *   Profit = Selling Price - Total Investment.
    *   Profit = $200,000 - $130,000 = $70,000.

    *   *Alternative interpretation check:* What if the value increased *to* 150%?
        *   New Value = 150% of $80,000 = $120,000.
        *   Profit = $120,000 - $130,000 = -$10,000 (a loss).
        *   Usually, math problems like this result in a profit. So ""increased by 150%"" meaning New = Old + 1.5*Old is more likely.
    *   *Another check:* What if the $50,000 was the *increase* itself? (No, it says ""spent $50,000... this increased the value..."").
    *   *Another check:* What if the value increased *by* 150% of the *total* cost? Unlikely.

    *   Let's look at the phrasing again: ""ఇది ఇంటి విలువను 150% పెంచింది.""
    *   In English: ""This increased the house value by 150%.""
    *   If a value of 100 increases by 50%, it becomes 150.
    *   If a value of 100 increases by 150%, it becomes 100 + 150 = 250.
    *   Original Value = $80,000.
    *   Increase = 150% of $80,000 = $120,000.
    *   New Value = $80,000 + $120,000 = $200,000.

    1.  Purchase Price (కొనుగోలు ధర) = $80,000
    2.  Repair Cost (మరమ్మత్తుల ఖర్చు) = $50,000
    3.  Total Cost/Investment (మొత్తం పెట్టుబడి) = $80,000 + $50,000 = $130,000
    4.  Original Value (అసలు విలువ) = $80,000
    5.  Increase in Value (విలువలో పెరుగుదల) = 150% of $80,000 = 1.5 * 80,000 = $120,000
    6.  New Value (కొత్త విలువ/అమ్మకపు ధర) = Original Value + Increase = $80,000 + $120,000 = $200,000
    7.  Profit (లాభం) = New Value - Total Cost = $200,000 - $130,000 = $70,000

    *   Josh's investment: $80k + $50k = $130k.
    *   House value increase: 150% of $80k = $120k.
    *   House value becomes: $80k + $120k = $200k.
    *   Profit: $200k - $130k = $70k.

    Wait, is there any other way to interpret ""ఇది ఇంటి విలువను 150% పెంచింది""?
    In some contexts, ""increased the",,Qwen3.5-27B,0.0,False,"The candidate solution is empty. It provides no calculations, reasoning, or final answer to the mathematical problem.","{
  ""score"": 0.0,
  ""correct"": false,
  ""reason"": ""The candidate solution is empty. It provides no calculations, reasoning, or final answer to the mathematical problem.""
}","The user wants me to evaluate a mathematical solution provided by an AI candidate.

**1. Analyze the Input:**
- **Question:** Josh decides to invest in a house. He buys a house for $80,000 and spends $50,000 on repairs. This increased the value of the house by 150%. How much profit did he make? (Language: Telugu)
- **Candidate Solution:** The candidate solution is empty (`<<< >>>`).

**2. Solve the Problem Independently:**
- **Cost Price (CP):**
  - Purchase price = $80,000
  - Repair cost = $50,000
  - Total Cost = $80,000 + $50,000 = $130,000
- **Value Increase:**
  - The problem states: ""This increased the value of the house by 150%.""
  - There is ambiguity here. Does ""value of the house"" refer to the purchase price ($80,000) or the total investment ($130,000)?
  - Usually, in such problems, ""value of the house"" refers to the market value after repairs compared to the initial purchase price, or it refers to the total cost basis.
  - Interpretation A: The value increased by 150% of the *purchase price* ($80,000).
    - Increase = 150% of 80,000 = 1.5 * 80,000 = 120,000.
    - New Value = 80,000 + 120,000 = 200,000.
    - Profit = New Value - Total Cost = 200,000 - 130,000 = 70,000.
  - Interpretation B: The value increased by 150% of the *total cost* ($130,000).
    - Increase = 150% of 130,000 = 1.5 * 130,000 = 195,000.
   "
Gemma-4-26B,3,P3,"జోష్ ఒక ఇంటిపై పెట్టుబడి పెట్టాలని నిర్ణయించుకున్నాడు. అతడు ఒక ఇంటిని $80,000కు కొనుగోలు చేసి, తరువాత మరమ్మత్తుల కొరకు $50,000 వెచ్చించాడు. ఇది ఇంటి విలువను 150% పెంచింది. అతడు ఎంత లాభం పొందాడు?","Work through the following math problem step by step. Show how you arrive at the answer and give the final result.

Problem:
జోష్ ఒక ఇంటిపై పెట్టుబడి పెట్టాలని నిర్ణయించుకున్నాడు. అతడు ఒక ఇంటిని $80,000కు కొనుగోలు చేసి, తరువాత మరమ్మత్తుల కొరకు $50,000 వెచ్చించాడు. ఇది ఇంటి విలువను 150% పెంచింది. అతడు ఎంత లాభం పొందాడు?","*   Josh bought a house for $80,000.
    *   He spent $50,000 on repairs.
    *   The value of the house increased by 150%.
    *   Question: How much profit did he make?

    *   Cost of house = $80,000
    *   Cost of repairs = $50,000
    *   Total Investment = Cost of house + Cost of repairs
    *   Total Investment = $80,000 + $50,000 = $130,000

    *   The problem states ""This increased the value of the house by 150%"".
    *   *Wait, there's a nuance in language here.* Does ""increased the value by 150%"" mean:
        a) The *new* value is 150% of the *original* value?
        b) The *increase* is 150% of the *original* value?
    *   Let's look at the wording: ""ఇది ఇంటి విలువను 150% పెంచింది"" (This increased the house's value by 150%).
    *   Usually, ""increased by X%"" means: New Value = Old Value + (X% of Old Value) = Old Value * (1 + X/100).
    *   If the *original* value refers to the purchase price ($80,000), the increase is 150% of $80,000.
    *   If the ""value"" refers to the total cost incurred ($130,000), then the increase is 150% of that.
    *   Let's re-read: ""అతడు ఒక ఇంటిని $80,000కు కొనుగోలు చేసి, తరువాత మరమ్మత్తుల కొరకు $50,000 వెచ్చించాడు. ఇది ఇంటి విలువను 150% పెంచింది.""
    *   The ""it"" (ఇది) refers to the repairs/renovations.
    *   Usually, in these word problems, the increase is calculated based on the *original purchase price* or the *total cost*. Let's test both.

    *   *Scenario A: Increase is based on the original purchase price ($80,000).*
        *   Original price = $80,000.
        *   Increase = 150% of $80,000 = 1.5 * 80,000 = $120,000.
        *   New Value = Original price + Increase = $80,000 + $120,000 = $200,000.
        *   Total Investment = $130,000.
        *   Profit = New Value - Total Investment = $200,000 - $130,000 = $70,000.

    *   *Scenario B: Increase is based on the total investment ($130,000).*
        *   Total Investment = $130,000.
        *   Increase = 150% of $130,000 = 1.5 * 130,000 = $195,000.
        *   New Value = Total Investment + Increase = $130,000 + $195,000 = $325,000.
        *   Profit = New Value - Total Investment = $325,000 - $130,000 = $195,000.

    *   *Scenario C: The new value IS 150% of the original price ($80,000).*
        *   New Value = 1.5 * 80,000 = $120,000.
        *   Total Investment = $130,000.
        *   Profit = 120,000 - 130,000 = -$10,000 (Loss).
        *   This is unlikely for a math problem asking ""how much profit did he make?"".

    *   *Scenario D: The new value is 150% of the total investment ($130,000).*
        *   New Value = 1.5 * 130,000 = $195,000.
        *   Profit = 195,000 - 130,000 = $65,000.

    *   ""అతడు ఒక ఇంటిని $80,000కు కొనుగోలు చేసి, తరువాత మరమ్మత్తుల కొరకు $50,000 వెచ్చించాడు. ఇది ఇంటి విలువను 150% పెంచింది.""
    *   Literal translation: ""He bought a house for $80,000, then spent $50,000 for repairs. This increased the house's value by 150%.""
    *   In mathematical context, ""increased by X%"" typically applies to the base value being discussed. The base value here is the house's value.
    *   Does ""house's value"" refer to the $80,000 or the $130,000?
    *   Usually, the ""value"" of a house is what you bought it for.
    *   Let's try the interpretation: The value of the house was $80,000. After repairs, the value increased by 150% of $80,000.
    *   Increase = 150% of $80,000 = $120,000.
    *   New value = $80,000 (original) + $120,000 (increase) = $200,000.
    *   Total cost = $80,000 + $50,000 = $130,000.
    *   Profit = $200,000 - $130,000 = $70,000.

    *   Let's look at another way: If the repairs ($50,000) caused the value to increase by 150% of the purchase price?
    *   Increase = 1.5 * 80,000 = 120,000.
    *   New value = 80,000 + 120,000 = 200,000.
    *   Profit = 2",,Qwen3.5-27B,0.0,False,"The candidate solution is empty. It provides no calculations, reasoning, or final answer to the mathematical problem.","{
  ""score"": 0.0,
  ""correct"": false,
  ""reason"": ""The candidate solution is empty. It provides no calculations, reasoning, or final answer to the mathematical problem.""
}","The user wants me to evaluate a mathematical solution provided by an AI candidate.

**1. Analyze the Input:**
- **Question:** Josh decides to invest in a house. He buys a house for $80,000 and spends $50,000 on repairs. This increased the value of the house by 150%. How much profit did he make? (Language: Telugu)
- **Candidate Solution:** The candidate solution is empty (`<<< >>>`).

**2. Solve the Problem Independently:**
- **Cost Price (CP):**
  - Purchase price = $80,000
  - Repair cost = $50,000
  - Total Cost = $80,000 + $50,000 = $130,000
- **Value Increase:**
  - The problem states: ""This increased the value of the house by 150%.""
  - There is ambiguity here. Does ""value of the house"" refer to the purchase price ($80,000) or the total investment ($130,000)?
  - Usually, in such problems, ""value of the house"" refers to the market value after repairs compared to the initial purchase price, or it refers to the total cost basis.
  - Interpretation A: The value increased by 150% of the *purchase price* ($80,000).
    - Increase = 150% of 80,000 = 1.5 * 80,000 = 120,000.
    - New Value = 80,000 + 120,000 = 200,000.
    - Profit = New Value - Total Cost = 200,000 - 130,000 = 70,000.
  - Interpretation B: The value increased by 150% of the *total cost* ($130,000).
    - Increase = 150% of 130,000 = 1.5 * 130,000 = 195,000.
   "
Gemma-4-26B,3,P4,"జోష్ ఒక ఇంటిపై పెట్టుబడి పెట్టాలని నిర్ణయించుకున్నాడు. అతడు ఒక ఇంటిని $80,000కు కొనుగోలు చేసి, తరువాత మరమ్మత్తుల కొరకు $50,000 వెచ్చించాడు. ఇది ఇంటి విలువను 150% పెంచింది. అతడు ఎంత లాభం పొందాడు?","Find the solution to the following problem. Explain your reasoning and calculations before giving the final answer.

Problem:
జోష్ ఒక ఇంటిపై పెట్టుబడి పెట్టాలని నిర్ణయించుకున్నాడు. అతడు ఒక ఇంటిని $80,000కు కొనుగోలు చేసి, తరువాత మరమ్మత్తుల కొరకు $50,000 వెచ్చించాడు. ఇది ఇంటి విలువను 150% పెంచింది. అతడు ఎంత లాభం పొందాడు?","*   Josh bought a house for $80,000.
    *   He spent $50,000 on repairs.
    *   The repairs increased the value of the house by 150%.
    *   Question: How much profit did he make?

    *   Initial Purchase Price (Cost 1): $80,000
    *   Repair Cost (Cost 2): $50,000
    *   Total Investment = Cost 1 + Cost 2 = $80,000 + $50,000 = $130,000.

    *   The problem states: ""ఇది ఇంటి విలువను 150% పెంచింది"" (This increased the value of the house by 150%).
    *   Wait, does ""increased the value by 150%"" mean:
        a) The new value is $Base + 150\% \text{ of } Base = 250\% \text{ of } Base$?
        b) The new value is $150\% \text{ of } Base$?
    *   Let's look at the wording carefully: ""ఇది ఇంటి విలువను 150% పెంచింది"" translates to ""This increased the house value by 150%"".
    *   In mathematical terms, an increase *by* $x\%$ means $New Value = Old Value \times (1 + x/100)$.
    *   If the value *increased by* 150%, the new value is $Base + 1.5 \times Base = 2.5 \times Base$.
    *   What is the ""Base"" value here? Is it the purchase price ($80,000) or the total investment ($130,000)?
    *   Usually, ""the value of the house"" refers to the current market value.
    *   Initial value = $80,000 (purchase price).
    *   Increase in value = 150% of $80,000 = 1.5 \times 80,000 = $120,000.
    *   New Value = $80,000 + $120,000 = $200,000.
    *   *Alternative Interpretation:* If the repairs ""increased the value of the house by 150%"", does it mean the *new value* is 150% of the *cost*? No, that would be ""increased the value *to* 150%"". ""Increased *by* 150%"" means the increment itself is 150% of the original.

    *   Let's re-read: ""అతడు ఒక ఇంటిని $80,000కు కొనుగోలు చేసి, తరువాత మరమ్మత్తుల కొరకు $50,000 వెచ్చించాడు. ఇది ఇంటి విలువను 150% పెంచింది.""
    *   Initial value of house = $80,000.
    *   Repairs = $50,000.
    *   New value calculation:
        *   The repairs increased the house value by 150%.
        *   Increase amount = 150% of $80,000 = 1.5 * 80,000 = $120,000.
        *   New house value = $80,000 (original) + $120,000 (increase) = $200,000.

    *   *Wait*, let's check if there's another way. Maybe the ""value"" being increased is the total investment?
        If the new value is based on total investment ($130,000):
        Increase = 150% of $130,000 = $195,000.
        New value = $130,000 + $195,000 = $325,000.
        Profit = $325,000 - $130,000 = $195,000.

    *   Let's look at the most common interpretation in such math problems:
        Initial value = $80,000.
        Increase = 150% of $80,000 = $120,000.
        New Value = $80,000 + $120,000 = $200,000.
        Total Investment = $80,000 (purchase) + $50,000 (repairs) = $130,000.
        Profit = New Value - Total Investment = $200,000 - $130,000 = $70,000.

    *   Let's test another interpretation: The *new value* is 150% of the *total cost*.
        Total cost = $130,000.
        New value = 150% of $130,000 = $195,000.
        Profit = $195,000 - $130,000 = $65,000.
        (This uses ""increased to 150%"" or ""is 150% of"", which is not what ""increased by 150%"" means).

    *   Let's test another interpretation: The *increase* is 150% of the *total cost*.
        Increase = 150% of $130,000 = $195,000.
        New value = $130,000 + $195,000 = $325,000.
        Profit = $195,000.

    *   Let's re-evaluate: ""ఇది ఇంటి విలువను 150% పెంచింది"" (This increased the house value by 150%).
        What is ""the house value"" before the increase? It is the purchase price of $80,000.
        Increase = 150% of $80,000 = $120,000.
        New Value = $80,000 + $120,000 = $200,000.
        Total Cost = $80,000 + $50,000 = $130,000.
        Profit = $200,000 - $130,000 = $70,000.",,Qwen3.5-27B,0.0,False,"The candidate solution is empty. It provides no calculations, reasoning, or final answer to the mathematical problem.","{
  ""score"": 0.0,
  ""correct"": false,
  ""reason"": ""The candidate solution is empty. It provides no calculations, reasoning, or final answer to the mathematical problem.""
}","The user wants me to evaluate a mathematical solution provided by an AI candidate.

**1. Analyze the Input:**
- **Question:** Josh decides to invest in a house. He buys a house for $80,000 and spends $50,000 on repairs. This increased the value of the house by 150%. How much profit did he make? (Language: Telugu)
- **Candidate Solution:** The candidate solution is empty (`<<< >>>`).

**2. Solve the Problem Independently:**
- **Cost Price (CP):**
  - Purchase price = $80,000
  - Repair cost = $50,000
  - Total Cost = $80,000 + $50,000 = $130,000
- **Value Increase:**
  - The problem states: ""This increased the value of the house by 150%.""
  - There is ambiguity here. Does ""value of the house"" refer to the purchase price ($80,000) or the total investment ($130,000)?
  - Usually, in such problems, ""value of the house"" refers to the market value after repairs compared to the initial purchase price, or it refers to the total cost basis.
  - Interpretation A: The value increased by 150% of the *purchase price* ($80,000).
    - Increase = 150% of 80,000 = 1.5 * 80,000 = 120,000.
    - New Value = 80,000 + 120,000 = 200,000.
    - Profit = New Value - Total Cost = 200,000 - 130,000 = 70,000.
  - Interpretation B: The value increased by 150% of the *total cost* ($130,000).
    - Increase = 150% of 130,000 = 1.5 * 130,000 = 195,000.
   "
Gemma-4-26B,3,P5,"జోష్ ఒక ఇంటిపై పెట్టుబడి పెట్టాలని నిర్ణయించుకున్నాడు. అతడు ఒక ఇంటిని $80,000కు కొనుగోలు చేసి, తరువాత మరమ్మత్తుల కొరకు $50,000 వెచ్చించాడు. ఇది ఇంటి విలువను 150% పెంచింది. అతడు ఎంత లాభం పొందాడు?","Carefully solve the following mathematical problem. Provide a step-by-step solution and conclude with the final answer.

Problem:
జోష్ ఒక ఇంటిపై పెట్టుబడి పెట్టాలని నిర్ణయించుకున్నాడు. అతడు ఒక ఇంటిని $80,000కు కొనుగోలు చేసి, తరువాత మరమ్మత్తుల కొరకు $50,000 వెచ్చించాడు. ఇది ఇంటి విలువను 150% పెంచింది. అతడు ఎంత లాభం పొందాడు?","*   Josh bought a house for $80,000.
    *   He spent $50,000 on repairs.
    *   The total value of the house increased by 150% (This part is a bit ambiguous: Does it mean the value *became* 150% of the total cost, or the value *increased by* 150%? Let's re-read carefully: ""ఇది ఇంటి విలువను 150% పెంచింది"" which translates to ""This increased the house value by 150%"").

    *   Purchase Price = $80,000
    *   Repair Cost = $50,000
    *   Total Investment (Cost Price) = Purchase Price + Repair Cost
    *   Total Investment = $80,000 + $50,000 = $130,000.

    *   The phrase ""ఇది ఇంటి విలువను 150% పెంచింది"" (This increased the house value by 150%) usually means the *increase* itself is 150% of the total cost.
    *   Let's check if there's another interpretation. Sometimes in these problems, it means the value *became* 150% of the investment. Let's look at the wording again. ""పెంచింది"" (increased).
    *   If it increased *by* 150%:
        *   Increase = 150% of $130,000 = 1.5 * $130,000 = $195,000.
        *   New Value (Selling Price) = Total Investment + Increase = $130,000 + $195,000 = $325,000.
        *   Profit = Selling Price - Total Investment = $325,000 - $130,000 = $195,000.
        *   Alternatively, Profit = Increase = $195,000.
    *   If it increased *to* 150% (meaning the new value is 150% of the total cost):
        *   New Value (Selling Price) = 150% of $130,000 = 1.5 * $130,000 = $195,000.
        *   Profit = Selling Price - Total Investment = $195,000 - $130,000 = $65,000.

    *   ""ఇది ఇంటి విలువను 150% పెంచింది.""
    *   In many math problems in Telugu, ""150% పెంచింది"" means the value was increased by 150% of the current value.
    *   Example: If I have 100 and it increases by 50%, I have 150. If it increases by 150%, I have 100 + (1.5 * 100) = 250.
    *   Let's re-evaluate the ""Profit"" definition. Profit = Selling Price - Total Cost.
    *   If the increase is 150% of the total investment ($130,000), the profit is simply that increase.
    *   Profit = 150% of $130,000 = 1.5 * 130,000 = $195,000.

    Wait, let's think about the phrasing again. ""ఇది ఇంటి విలువను 150% పెంచింది.""
    Could it mean the *final value* is 150% of the *purchase price*? Or the *final value* is 150% of the *total investment*?
    Usually, in these types of problems:
    Investment = 80,000 + 50,000 = 130,000.
    If the *value* increased by 150%, the profit is $195,000.

    Let's try another interpretation. Does ""ఇది"" (this) refer to the repairs?
    ""అతడు ఒక ఇంటిని $80,000కు కొనుగోలు చేసి, తరువాత మరమ్మత్తుల కొరకు $50,000 వెచ్చించాడు. ఇది ఇంటి విలువను 150% పెంచింది.""
    This means the $50,000 spent on repairs increased the value of the house.
    How much did it increase? It increased the value *by* 150%.
    Wait, 150% of what? The original price ($80,000) or the total cost ($130,000)?
    In context, the ""value"" being increased is usually the current value of the asset.
    Current value before repairs = $80,000.
    Increase = 150% of $80,000 = 1.5 * 80,000 = $120,000.
    New value = $80,000 + $120,000 = $200,000.
    Total investment = $80,000 + $50,000 = $130,000.
    Profit = Selling Price - Total Cost = $200,000 - $130,000 = $70,000.

    Let's try a third interpretation. The total value *became* 150% of the investment.
    Total investment = $130,000.
    New value = 150% of $130,000 = $195,000.
    Profit = $195,000 - $130,000 = $65,000.

    Let's re-read the Telugu sentence carefully: ""అతడు ఒక ఇంటిని $80,000కు కొనుగోలు చేసి, తరువాత మరమ్మత్తుల కొరకు $50,000 వెచ్చించాడు. ఇది ఇంటి విలువను 150% పెంచింది.""
    ""ఇది"" (this) refers to the act of spending $50,000 on repairs.
    ""ఇంటి విలువను 150% పెంచింది"" (increased the house value by 150%).
    If the value increases *by* 150%, then:
    Original value = $80,000.
    Increase = 150% of $80,000 = $120,000.
",,Qwen3.5-27B,0.0,False,"The candidate solution is empty. It provides no calculations, reasoning, or final answer to the mathematical problem.","{
  ""score"": 0.0,
  ""correct"": false,
  ""reason"": ""The candidate solution is empty. It provides no calculations, reasoning, or final answer to the mathematical problem.""
}","The user wants me to evaluate a mathematical solution provided by an AI candidate.

**1. Analyze the Input:**
- **Question:** Josh decides to invest in a house. He buys a house for $80,000 and spends $50,000 on repairs. This increased the value of the house by 150%. How much profit did he make? (Language: Telugu)
- **Candidate Solution:** The candidate solution is empty (`<<< >>>`).

**2. Solve the Problem Independently:**
- **Cost Price (CP):**
  - Purchase price = $80,000
  - Repair cost = $50,000
  - Total Cost = $80,000 + $50,000 = $130,000
- **Value Increase:**
  - The problem states: ""This increased the value of the house by 150%.""
  - There is ambiguity here. Does ""value of the house"" refer to the purchase price ($80,000) or the total investment ($130,000)?
  - Usually, in such problems, ""value of the house"" refers to the market value after repairs compared to the initial purchase price, or it refers to the total cost basis.
  - Interpretation A: The value increased by 150% of the *purchase price* ($80,000).
    - Increase = 150% of 80,000 = 1.5 * 80,000 = 120,000.
    - New Value = 80,000 + 120,000 = 200,000.
    - Profit = New Value - Total Cost = 200,000 - 130,000 = 70,000.
  - Interpretation B: The value increased by 150% of the *total cost* ($130,000).
    - Increase = 150% of 130,000 = 1.5 * 130,000 = 195,000.
   "
Gemma-4-26B,4,P1,జేమ్ప్ వారంలో 3 సార్లు 3 స్ప్రింట్స్ పరిగెత్తాలని నిర్ణయించుకున్నాడు. అతడు ప్రతి స్ప్రింట్‌లో 60 మీటర్లు పరిగెత్తాడు. అతడు ఒక వారంలో ఎన్ని మీటర్లు పరిగెత్తాడు?,"Solve the following math problem step by step. Show your reasoning clearly and provide the final answer.

Problem:
జేమ్ప్ వారంలో 3 సార్లు 3 స్ప్రింట్స్ పరిగెత్తాలని నిర్ణయించుకున్నాడు. అతడు ప్రతి స్ప్రింట్‌లో 60 మీటర్లు పరిగెత్తాడు. అతడు ఒక వారంలో ఎన్ని మీటర్లు పరిగెత్తాడు?","*   Language: Telugu.
    *   Problem: ""జేమ్ప్ వారంలో 3 సార్లు 3 స్ప్రింట్స్ పరిగెత్తాలని నిర్ణయించుకున్నాడు. అతడు ప్రతి స్ప్రింట్‌లో 60 మీటర్లు పరిగెత్తాడు. అతడు ఒక వారంలో ఎన్ని మీటర్లు పరిగెత్తాడు?""
    *   English Translation: ""Jemp decided to run 3 sprints, 3 times a week. He ran 60 meters in each sprint. How many meters did he run in a week?""

    *   Number of times he runs per week (Frequency): 3 times.
    *   Number of sprints per run (Sprints per session): 3 sprints.
    *   Distance of each sprint (Distance per sprint): 60 meters.

    *   *Step 1: Calculate the total distance run in one session (one time).*
        *   Distance per session = (Number of sprints per session) $\times$ (Distance per sprint)
        *   Distance per session = 3 $\times$ 60 meters.

    *   *Step 2: Calculate the total distance run in a week.*
        *   Total distance per week = (Number of sessions per week) $\times$ (Distance per session)
        *   Total distance per week = 3 $\times$ (Result from Step 1).

    *   *Step 1:* $3 \times 60 = 180$ meters per session.
    *   *Step 2:* $3 \times 180 = 540$ meters per week.

    *Alternative method:*
    *   Total number of sprints in a week = (Times per week) $\times$ (Sprints per time)
    *   Total number of sprints = $3 \times 3 = 9$ sprints.
    *   Total distance = (Total number of sprints) $\times$ (Distance per sprint)
    *   Total distance = $9 \times 60 = 540$ meters.

    *   *Step 1: Identify the given information.*
        *   వారంలో ఎన్నిసార్లు పరిగెత్తాడు (Times per week): 3 సార్లు
        *   ఒకసారి ఎన్ని స్ప్రింట్స్ (Sprints per time): 3 స్ప్రింట్స్
        *   ఒక స్ప్రింట్ దూరం (Distance per sprint): 60 మీటర్లు

    *   *Step 2: Calculation.*
        *   మొత్తం స్ప్రింట్ల సంఖ్య (Total number of sprints) = $3 \times 3 = 9$ స్ప్రింట్లు.
        *   మొత్తం దూరం (Total distance) = $9 \times 60 = 540$ మీటర్లు.

    *   *Step 1: Given info.*
        *   వారంలో పరిగెత్తే సంఖ్య = 3 సార్లు
        *   ప్రతిసారి పరిగెత్తే స్ప్రింట్ల సంఖ్య = 3
        *   ప్రతి స్ప్రింట్ దూరం = 60 మీటర్లు

    *   *Step 2: Calculate total sprints.*
        *   మొత్తం స్ప్రింట్లు = $3 \times 3 = 9$ స్ప్రింట్లు.

    *   *Step 3: Calculate total distance.*
        *   మొత్తం దూరం = $9 \times 60 = 540$ మీటర్లు.

    *   *Answer:* 540 మీటర్లు.","ఈ సమస్యను దశలవారీగా పరిష్కరిద్దాం:

**1. ఇచ్చిన సమాచారం:**
*   వారంలో ఎన్నిసార్లు పరిగెత్తాడు (Times per week) = 3 సార్లు
*   ప్రతిసారి ఎన్ని స్ప్రింట్స్ పరిగెత్తాడు (Sprints per time) = 3 స్ప్రింట్స్
*   ఒక స్ప్రింట్ దూరం (Distance per sprint) = 60 మీటర్లు

**2. దశలవారీగా గణన (Calculation):**

*   **దశ 1: వారంలో మొత్తం ఎన్ని స్ప్రింట్లు పరిగెత్తాడో కనుగొందాం.**
    వారంలో 3 సార్లు, ప్రతిసారి 3 స్ప్రింట్లు పరిగెత్తాడు కాబట్టి:
    మొత్తం స్ప్రింట్లు = $3 \times 3 = 9$ స్ప్రింట్లు.

*   **దశ 2: వారంలో పరిగెత్తిన మొత్తం దూరాన్ని కనుగొందాం.**
    మొత్తం 9 స్ప్రింట్లు పరిగెత్తాడు మరియు ప్రతి స్ప్రింట్ 60 మీటర్లు కాబట్టి:
    మొత్తం దూరం = $9 \times 60$ మీటర్లు
    $9 \times 60 = 540$ మీటర్లు.

**3. ప్రత్యామ్నాయ పద్ధతి:**
*   మొదట ఒకసారి పరిగెత్తినప్పుడు పరిగెత్తే దూరం = $3 \text{ స్ప్రింట్లు} \times 60 \text{ మీటర్లు} = 180 \text{ మీటర్లు}$.
*   వారంలో 3 సార్లు పరిగెత్తాడు కాబట్టి, మొత్తం దూరం = $3 \times 180 \text{ మీటర్లు} = 540 \text{ మీటర్లు}$.

**సమాధానం:**
జేమ్ప్ ఒక వారంలో మొత్తం **540 మీటర్లు** పరిగెత్తాడు.",Qwen3.5-27B,1.0,True,"The candidate solution correctly identifies the given values (3 times/week, 3 sprints/time, 60 meters/sprint). It accurately calculates the total number of sprints (3 * 3 = 9) and then the total distance (9 * 60 = 540 meters). The alternative method provided also yields the correct result (3 * (3 * 60) = 540). The reasoning is logical, calculations are accurate, and the final answer is correct.","{
  ""score"": 1.0,
  ""correct"": true,
  ""reason"": ""The candidate solution correctly identifies the given values (3 times/week, 3 sprints/time, 60 meters/sprint). It accurately calculates the total number of sprints (3 * 3 = 9) and then the total distance (9 * 60 = 540 meters). The alternative method provided also yields the correct result (3 * (3 * 60) = 540). The reasoning is logical, calculations are accurate, and the final answer is correct.""
}","The user wants me to evaluate a mathematical solution provided in Telugu.

**1. Analyze the Question:**
*   **Question:** James decided to run 3 sprints 3 times a week. He ran 60 meters in each sprint. How many meters did he run in a week?
*   **Given:**
    *   Frequency per week: 3 times
    *   Sprints per session: 3 sprints
    *   Distance per sprint: 60 meters
*   **Goal:** Calculate total distance run in a week.

**2. Solve Independently:**
*   Total sprints per week = (Times per week) * (Sprints per time) = $3 \times 3 = 9$ sprints.
*   Total distance = (Total sprints) * (Distance per sprint) = $9 \times 60$ meters.
*   Calculation: $9 \times 60 = 540$ meters.
*   Alternative method:
    *   Distance per session = $3 \text{ sprints} \times 60 \text{ meters} = 180$ meters.
    *   Total distance per week = $3 \text{ sessions} \times 180 \text{ meters} = 540$ meters.
*   **Result:** 540 meters.

**3. Evaluate the Candidate Solution:**
*   **Language:** Telugu.
*   **Step 1 (Given Info):**
    *   Times per week = 3. (Correct)
    *   Sprints per time = 3. (Correct)
    *   Distance per sprint = 60 meters. (Correct)
*   **Step 2 (Calculation):**
    *   Total sprints = $3 \times 3 = 9$. (Correct)
    *   Total distance = $9 \times 60 = 540$. (Correct)
*   **Step 3 (Alternative Method):**
    *   Distance per session = $3 \times 60 = 180$. (Correct)
    *   Total distance = $3 \times 180 = 540$. (Correct)
*   **Final Answer:** 540 meters. ("
Gemma-4-26B,4,P2,జేమ్ప్ వారంలో 3 సార్లు 3 స్ప్రింట్స్ పరిగెత్తాలని నిర్ణయించుకున్నాడు. అతడు ప్రతి స్ప్రింట్‌లో 60 మీటర్లు పరిగెత్తాడు. అతడు ఒక వారంలో ఎన్ని మీటర్లు పరిగెత్తాడు?,"Please solve the following math problem carefully. Explain your solution step by step and clearly state the final answer.

Problem:
జేమ్ప్ వారంలో 3 సార్లు 3 స్ప్రింట్స్ పరిగెత్తాలని నిర్ణయించుకున్నాడు. అతడు ప్రతి స్ప్రింట్‌లో 60 మీటర్లు పరిగెత్తాడు. అతడు ఒక వారంలో ఎన్ని మీటర్లు పరిగెత్తాడు?","*   Language: Telugu.
    *   Problem: ""జేమ్ప్ వారంలో 3 సార్లు 3 స్ప్రింట్స్ పరిగెత్తాలని నిర్ణయించుకున్నాడు. అతడు ప్రతి స్ప్రింట్‌లో 60 మీటర్లు పరిగెత్తాడు. అతడు ఒక వారంలో ఎన్ని మీటర్లు పరిగెత్తాడు?""
    *   Translation: ""James decided to run 3 sprints, 3 times a week. He ran 60 meters in each sprint. How many meters did he run in a week?""

    *   Number of times per week (frequency): 3 times.
    *   Number of sprints per time: 3 sprints.
    *   Distance per sprint: 60 meters.

    *   Step 1: Calculate the total number of sprints in a week.
        *   Total sprints = (Number of times per week) × (Number of sprints per time)
        *   Total sprints = 3 × 3 = 9 sprints.
    *   Step 2: Calculate the total distance run in a week.
        *   Total distance = (Total sprints) × (Distance per sprint)
        *   Total distance = 9 × 60 meters.
        *   Calculation: 9 × 60 = 540.

    *   *Step 1 (Total Sprints):* జేమ్ప్ వారంలో 3 సార్లు, ప్రతిసారి 3 స్ప్రింట్స్ పరిగెత్తుతాడు.
        కాబట్టి, మొత్తం స్ప్రింట్స్ సంఖ్య = 3 × 3 = 9 స్ప్రింట్స్.
    *   *Step 2 (Total Distance):* ప్రతి స్ప్రింట్ దూరం = 60 మీటర్లు.
        కాబట్టి, మొత్తం దూరం = 9 స్ప్రింట్స్ × 60 మీటర్లు = 540 మీటర్లు.

    *   State the given values clearly.
    *   Show the multiplication steps.
    *   State the final answer clearly.

    *   *Given:*
        *   వారంలో ఎన్ని సార్లు పరిగెత్తుతాడు (Times per week) = 3
        *   ప్రతి సారి ఎన్ని స్ప్రింట్స్ (Sprints per time) = 3
        *   ప్రతి స్ప్రింట్ దూరం (Distance per sprint) = 60 మీటర్లు

    *   *Calculation:*
        1.  మొత్తం స్ప్రింట్స్ సంఖ్య = 3 సార్లు × 3 స్ప్రింట్స్ = 9 స్ప్రింట్స్.
        2.  మొత్తం దూరం = 9 స్ప్రింట్స్ × 60 మీటర్లు = 540 మీటర్లు.

    *   *Final Answer:* 540 మీటర్లు.","ఈ సమస్యను స్టెప్ బై స్టెప్ ఇలా పరిష్కరించవచ్చు:

**1. ఇచ్చిన వివరాలు:**
*   జేమ్ప్ వారంలో ఎన్ని సార్లు పరిగెత్తుతాడు = 3 సార్లు
*   ప్రతిసారి ఎన్ని స్ప్రింట్స్ పరిగెత్తుతాడు = 3 స్ప్రింట్స్
*   ప్రతి స్ప్రింట్ దూరం = 60 మీటర్లు

**2. లెక్కించే విధానం:**

**స్టెప్ 1: వారంలో మొత్తం ఎన్ని స్ప్రింట్స్ పరిగెత్తుతాడో కనుక్కోవాలి.**
మొత్తం స్ప్రింట్స్ సంఖ్య = (వారంలో సార్లు) × (ప్రతి సారి స్ప్రింట్స్ సంఖ్య)
మొత్తం స్ప్రింట్స్ సంఖ్య = $3 \times 3 = 9$ స్ప్రింట్స్

**స్టెప్ 2: వారంలో మొత్తం ఎన్ని మీటర్లు పరిగెత్తుతాడో కనుక్కోవాలి.**
మొత్తం దూరం = (మొత్తం స్ప్రింట్స్ సంఖ్య) × (ఒక స్ప్రింట్ దూరం)
మొత్తం దూరం = $9 \times 60$ మీటర్లు

$9 \times 60 = 540$ మీటర్లు

**సమాధానం:**
జేమ్ప్ ఒక వారంలో మొత్తం **540 మీటర్లు** పరిగెత్తాడు.",Qwen3.5-27B,1.0,True,"The candidate solution correctly identifies the given values (3 times per week, 3 sprints per time, 60 meters per sprint). It accurately calculates the total number of sprints (3 * 3 = 9) and then multiplies by the distance per sprint (9 * 60 = 540 meters). The reasoning is logical, calculations are correct, and the final answer is valid.","{
  ""score"": 1.0,
  ""correct"": true,
  ""reason"": ""The candidate solution correctly identifies the given values (3 times per week, 3 sprints per time, 60 meters per sprint). It accurately calculates the total number of sprints (3 * 3 = 9) and then multiplies by the distance per sprint (9 * 60 = 540 meters). The reasoning is logical, calculations are correct, and the final answer is valid.""
}","The user wants me to evaluate a mathematical solution provided in Telugu.

**1. Analyze the Question:**
*   **Question:** James decided to run 3 sprints 3 times a week. He ran 60 meters in each sprint. How many meters did he run in a week?
*   **Given:**
    *   Frequency per week: 3 times
    *   Sprints per session: 3 sprints
    *   Distance per sprint: 60 meters
*   **Goal:** Calculate total distance run in a week.

**2. Solve Independently:**
*   Total sprints per week = (Times per week) * (Sprints per time) = $3 \times 3 = 9$ sprints.
*   Total distance = (Total sprints) * (Distance per sprint) = $9 \times 60$ meters.
*   Calculation: $9 \times 60 = 540$ meters.
*   **Answer:** 540 meters.

**3. Evaluate the Candidate Solution:**
*   **Step 1:** Identifies given information correctly.
    *   Times per week = 3
    *   Sprints per time = 3
    *   Distance per sprint = 60 meters
*   **Step 2:** Calculates total sprints.
    *   $3 \times 3 = 9$ sprints. (Correct)
*   **Step 3:** Calculates total distance.
    *   $9 \times 60 = 540$ meters. (Correct)
*   **Final Answer:** 540 meters. (Correct)
*   **Language:** Telugu. The math is clear and the reasoning is sound.

**4. Conclusion:**
The solution is mathematically correct. The reasoning is logical, calculations are accurate, and the final answer matches the independent solution.

**5. Construct JSON Output:**
*   score: 1.0
*   correct: true
*   reason: The candidate correctly identified the given values (3 times/week, 3 sprints/time, 60m/sprint), calculated the total number of sprints (3 * 3 = 9), and then multiplied by the distance per sprint (9 * 60 = "
Gemma-4-26B,4,P3,జేమ్ప్ వారంలో 3 సార్లు 3 స్ప్రింట్స్ పరిగెత్తాలని నిర్ణయించుకున్నాడు. అతడు ప్రతి స్ప్రింట్‌లో 60 మీటర్లు పరిగెత్తాడు. అతడు ఒక వారంలో ఎన్ని మీటర్లు పరిగెత్తాడు?,"Work through the following math problem step by step. Show how you arrive at the answer and give the final result.

Problem:
జేమ్ప్ వారంలో 3 సార్లు 3 స్ప్రింట్స్ పరిగెత్తాలని నిర్ణయించుకున్నాడు. అతడు ప్రతి స్ప్రింట్‌లో 60 మీటర్లు పరిగెత్తాడు. అతడు ఒక వారంలో ఎన్ని మీటర్లు పరిగెత్తాడు?","*   Language: Telugu.
    *   Context: A math problem about Jim's running routine.
    *   Goal: Calculate the total distance Jim runs in a week.

    *   ""జేమ్ప్ వారంలో 3 సార్లు 3 స్ప్రింట్స్ పరిగెత్తాలని నిర్ణయించుకున్నాడు.""
        *   *Translation:* Jim decided to run 3 sprints, 3 times a week.
        *   *Data point 1:* Number of times per week = 3.
        *   *Data point 2:* Number of sprints per time = 3.
    *   ""అతడు ప్రతి స్ప్రింట్‌లో 60 మీటర్లు పరిగెత్తాడు.""
        *   *Translation:* He ran 60 meters in each sprint.
        *   *Data point 3:* Distance per sprint = 60 meters.
    *   ""అతడు ఒక వారంలో ఎన్ని మీటర్లు పరిగెత్తాడు?""
        *   *Translation:* How many meters did he run in a week?

    *   Step 1: Calculate total number of sprints per week.
        *   Total sprints = (Number of times per week) × (Number of sprints per time)
        *   Total sprints = 3 × 3 = 9 sprints.
    *   Step 2: Calculate total distance run in a week.
        *   Total distance = (Total number of sprints) × (Distance per sprint)
        *   Total distance = 9 × 60 meters.
    *   Step 3: Perform the multiplication.
        *   9 × 60 = 540.

    *   *Intro:* Explain the problem components.
    *   *Step 1 (Total sprints):*
        వారంలో ఎన్నిసార్లు పరిగెత్తాడు? (How many times a week?)
        3 సార్లు, ప్రతిసారి 3 స్ప్రింట్లు.
        మొత్తం స్ప్రింట్లు = 3 × 3 = 9 స్ప్రింట్లు.
    *   *Step 2 (Total distance):*
        ప్రతి స్ప్రింట్ దూరం = 60 మీటర్లు.
        మొత్తం దూరం = 9 స్ప్రింట్లు × 60 మీటర్లు = 540 మీటర్లు.

    *   Problem Breakdown:
        1. Number of times per week = 3
        2. Sprints per time = 3
        3. Distance per sprint = 60 meters

    *   Calculation:
        1. Total sprints per week = 3 × 3 = 9 sprints.
        2. Total distance = 9 × 60 = 540 meters.

    *   ""జేమ్ప్ ఒక వారంలో మొత్తం ఎన్ని మీటర్లు పరిగెత్తాడో ఈ క్రింది విధంగా లెక్కించవచ్చు:"" (Jim's total distance can be calculated as follows:)
    *   ""1. వారంలో మొత్తం ఎన్ని స్ప్రింట్లు పరిగెత్తాడు?"" (How many total sprints in a week?)
        ""3 సార్లు × 3 స్ప్రింట్లు = 9 స్ప్రింట్లు.""
    *   ""2. మొత్తం దూరం ఎంత?"" (What is the total distance?)
        ""9 స్ప్రింట్లు × 60 మీటర్లు = 540 మీటర్లు.""
    *   ""జవాబు: 540 మీటర్లు."" (Answer: 540 meters.)

    *   Check: 3 * 3 * 60 = 9 * 60 = 540. Correct.","ఈ సమస్యను దశలవారీగా పరిష్కరిద్దాం:

**1. సమస్యలో ఇచ్చిన సమాచారం:**
*   వారంలో ఎన్నిసార్లు పరిగెత్తుతాడు: **3 సార్లు**
*   ప్రతిసారీ ఎన్ని స్ప్రింట్లు పరిగెత్తుతాడు: **3 స్ప్రింట్లు**
*   ప్రతి స్ప్రింట్ దూరం: **60 మీటర్లు**

**2. లెక్కించే విధానం:**

**దశ 1: వారంలో మొత్తం ఎన్ని స్ప్రింట్లు పరిగెత్తుతాడు?**
వారంలో 3 సార్లు, ప్రతిసారీ 3 స్ప్రింట్లు పరిగెత్తుతాడు కాబట్టి:
మొత్తం స్ప్రింట్లు = $3 \times 3 = 9$ స్ప్రింట్లు.

**దశ 2: వారంలో మొత్తం ఎన్ని మీటర్లు పరిగెత్తుతాడు?**
మొత్తం స్ప్రింట్లు 9, ప్రతి స్ప్రింట్ 60 మీటర్ల దూరం కాబట్టి:
మొత్తం దూరం = $9 \times 60$ మీటర్లు.

$9 \times 60 = 540$ మీటర్లు.

**ముగింపు:**
జేమ్ప్ ఒక వారంలో మొత్తం **540 మీటర్లు** పరిగెత్తాడు.",Qwen3.5-27B,1.0,True,"The candidate solution correctly identifies the given values (3 times per week, 3 sprints per time, 60 meters per sprint). The calculation for total sprints (3 * 3 = 9) and total distance (9 * 60 = 540 meters) is mathematically accurate and logically sound.","{
  ""score"": 1.0,
  ""correct"": true,
  ""reason"": ""The candidate solution correctly identifies the given values (3 times per week, 3 sprints per time, 60 meters per sprint). The calculation for total sprints (3 * 3 = 9) and total distance (9 * 60 = 540 meters) is mathematically accurate and logically sound.""
}","The user wants me to evaluate a mathematical solution provided in Telugu.

**1. Analyze the Question:**
*   **Question:** James decided to run 3 sprints 3 times a week. He ran 60 meters in each sprint. How many meters did he run in a week?
*   **Given:**
    *   Frequency per week: 3 times
    *   Sprints per session: 3 sprints
    *   Distance per sprint: 60 meters
*   **Goal:** Calculate total distance run in a week.

**2. Solve Independently:**
*   Total sprints per week = (Times per week) $\times$ (Sprints per time)
*   Total sprints = $3 \times 3 = 9$ sprints.
*   Total distance = (Total sprints) $\times$ (Distance per sprint)
*   Total distance = $9 \times 60$ meters.
*   Calculation: $9 \times 60 = 540$.
*   **Answer:** 540 meters.

**3. Evaluate the Candidate Solution:**
*   **Step 1 (Information Extraction):**
    *   Times per week: 3 (Correct)
    *   Sprints per time: 3 (Correct)
    *   Distance per sprint: 60 meters (Correct)
*   **Step 2 (Calculation):**
    *   Total sprints = $3 \times 3 = 9$ (Correct)
    *   Total distance = $9 \times 60 = 540$ meters (Correct)
*   **Conclusion:** 540 meters (Correct)
*   **Language:** Telugu. The math is clear and correct.

**4. Determine Score:**
*   The reasoning is logical.
*   The calculations are accurate.
*   The final answer matches the independent solution.
*   Score: 1.0
*   Correct: true

**5. Draft Reason:**
*   The candidate correctly identified the given values (3 times/week, 3 sprints/time, 60 meters/sprint).
*   The calculation for total sprints ($3 \times 3 = 9$) is correct.
*   The calculation for total distance"
Gemma-4-26B,4,P4,జేమ్ప్ వారంలో 3 సార్లు 3 స్ప్రింట్స్ పరిగెత్తాలని నిర్ణయించుకున్నాడు. అతడు ప్రతి స్ప్రింట్‌లో 60 మీటర్లు పరిగెత్తాడు. అతడు ఒక వారంలో ఎన్ని మీటర్లు పరిగెత్తాడు?,"Find the solution to the following problem. Explain your reasoning and calculations before giving the final answer.

Problem:
జేమ్ప్ వారంలో 3 సార్లు 3 స్ప్రింట్స్ పరిగెత్తాలని నిర్ణయించుకున్నాడు. అతడు ప్రతి స్ప్రింట్‌లో 60 మీటర్లు పరిగెత్తాడు. అతడు ఒక వారంలో ఎన్ని మీటర్లు పరిగెత్తాడు?","*   The problem is in Telugu.
    *   ""జేమ్ప్ వారంలో 3 సార్లు 3 స్ప్రింట్స్ పరిగెత్తాలని నిర్ణయించుకున్నాడు."" (Jemp decided to run 3 sprints, 3 times a week.)
    *   ""అతడు ప్రతి స్ప్రింట్‌లో 60 మీటర్లు పరిగెత్తాడు."" (He ran 60 meters in each sprint.)
    *   ""అతడు ఒక వారంలో ఎన్ని మీటర్లు పరిగెత్తాడు?"" (How many meters did he run in a week?)

    *   Number of times per week (frequency): 3 times.
    *   Number of sprints per time: 3 sprints.
    *   Distance per sprint: 60 meters.

    *   Step 1: Calculate the total number of sprints in a week.
        *   Total sprints = (Number of times per week) × (Number of sprints per time)
        *   Total sprints = 3 × 3 = 9 sprints.
    *   Step 2: Calculate the total distance run in a week.
        *   Total distance = (Total number of sprints) × (Distance per sprint)
        *   Total distance = 9 × 60 = 540 meters.

    *   *Alternative method:*
        *   Total distance per session = 3 sprints × 60 meters = 180 meters.
        *   Total distance per week = 3 sessions × 180 meters = 540 meters.

    *   *Step-by-step explanation in Telugu:*
        1.  ఒక సారి పరిగెత్తినప్పుడు చేసే స్ప్రింట్ల సంఖ్య = 3
        2.  ఒక వారంలో ఎన్నిసార్లు పరిగెత్తుతాడు = 3
        3.  అందుచేత వారంలో మొత్తం స్ప్రింట్ల సంఖ్య = 3 × 3 = 9
        4.  ఒక స్ప్రింట్ దూరం = 60 మీటర్లు
        5.  వారంలో మొత్తం దూరం = 9 × 60 = 540 మీటర్లు.

    *   Explain the steps clearly.
    *   Present the calculation.
    *   Provide the final answer.

    *Drafting the response:*
    **సమస్య విశ్లేషణ (Problem Analysis):**
    *   వారంలో ఎన్నిసార్లు పరిగెత్తుతాడు? = 3 సార్లు
    *   ఒకసారి ఎన్ని స్ప్రింట్లు పరిగెత్తుతాడు? = 3 స్ప్రింట్లు
    *   ఒక స్ప్రింట్ దూరం = 60 మీటర్లు

    **గణన (Calculation):**
    1.  మొదట, వారంలో మొత్తం ఎన్ని స్ప్రింట్లు పరిగెత్తుతాడో లెక్కించాలి:
        మొత్తం స్ప్రింట్లు = 3 (సార్లు) × 3 (స్ప్రింట్లు) = 9 స్ప్రింట్లు.
    2.  తర్వాత, మొత్తం పరిగెత్తిన దూరాన్ని లెక్కించాలి:
        మొత్తం దూరం = 9 (స్ప్రింట్లు) × 60 (మీటర్లు) = 540 మీటర్లు.

    **జవాబు (Answer):**
    540 మీటర్లు.","**సమస్య విశ్లేషణ (Problem Analysis):**

ప్రశ్న ప్రకారం మనకు ఈ క్రింది వివరాలు ఉన్నాయి:
1. **వారంలో ఎన్నిసార్లు పరిగెత్తుతాడు?** = 3 సార్లు
2. **ఒకసారి ఎన్ని స్ప్రింట్లు పరిగెత్తుతాడు?** = 3 స్ప్రింట్లు
3. **ఒక స్ప్రింట్ దూరం ఎంత?** = 60 మీటర్లు

**గణన (Calculation):**

మొత్తం దూరాన్ని కనుగొనడానికి మనం ఈ క్రింది దశలను అనుసరించాలి:

**దశ 1: వారంలో మొత్తం ఎన్ని స్ప్రింట్లు పరిగెత్తుతాడో లెక్కించాలి.**
వారంలో మొత్తం స్ప్రింట్లు = (వారంలో ఎన్నిసార్లు పరిగెత్తుతాడు) $\times$ (ఒకసారి ఎన్ని స్ప్రింట్లు పరిగెత్తుతాడు)
వారంలో మొత్తం స్ప్రింట్లు = $3 \times 3 = 9$ స్ప్రింట్లు.

**దశ 2: వారంలో మొత్తం పరిగెత్తిన దూరాన్ని లెక్కించాలి.**
మొత్తం దూరం = (మొత్తం స్ప్రింట్ల సంఖ్య) $\times$ (ఒక స్ప్రింట్ దూరం)
మొత్తం దూరం = $9 \times 60 = 540$ మీటర్లు.

**జవాబు:**
అతడు ఒక వారంలో **540 మీటర్లు** పరిగెత్తాడు.",Qwen3.5-27B,1.0,True,"The candidate solution correctly identifies the given values (3 times a week, 3 sprints per time, 60 meters per sprint). The calculation steps are logically sound: first calculating total sprints (3 * 3 = 9) and then total distance (9 * 60 = 540). The final answer of 540 meters is mathematically accurate.","{
  ""score"": 1.0,
  ""correct"": true,
  ""reason"": ""The candidate solution correctly identifies the given values (3 times a week, 3 sprints per time, 60 meters per sprint). The calculation steps are logically sound: first calculating total sprints (3 * 3 = 9) and then total distance (9 * 60 = 540). The final answer of 540 meters is mathematically accurate.""
}","The user wants me to evaluate a mathematical solution provided in Telugu.

**1. Analyze the Question:**
- Text: ""జేమ్ప్ వారంలో 3 సార్లు 3 స్ప్రింట్స్ పరిగెత్తాలని నిర్ణయించుకున్నాడు. అతడు ప్రతి స్ప్రింట్‌లో 60 మీటర్లు పరిగెత్తాడు. అతడు ఒక వారంలో ఎన్ని మీటర్లు పరిగెత్తాడు?""
- Translation: ""James decided to run 3 sprints 3 times a week. He ran 60 meters in each sprint. How many meters did he run in a week?""
- Key Data:
  - Frequency per week: 3 times
  - Sprints per session: 3 sprints
  - Distance per sprint: 60 meters
- Goal: Calculate total distance run in a week.

**2. Solve Independently:**
- Total sprints per week = (Times per week) * (Sprints per time) = $3 \times 3 = 9$ sprints.
- Total distance = (Total sprints) * (Distance per sprint) = $9 \times 60$.
- Calculation: $9 \times 60 = 540$.
- Unit: Meters.
- Final Answer: 540 meters.

**3. Evaluate the Candidate Solution:**
- **Problem Analysis:**
  - Identifies ""3 times a week"" (వారంలో 3 సార్లు).
  - Identifies ""3 sprints per time"" (ఒకసారి 3 స్ప్రింట్లు).
  - Identifies ""60 meters per sprint"" (ఒక స్ప్రింట్ దూరం 60 మీటర్లు).
- **Calculation:**
  - Step 1: Total sprints = $3 \times 3 = 9$. Correct.
  - Step 2: Total distance = $9 \times 60 = 540$. Correct.
- **Final Answer:** 540 meters. Correct.
- **Language:** Telugu. The math is clear and correct.

**4. Conclusion:**
- The reasoning is sound."
Gemma-4-26B,4,P5,జేమ్ప్ వారంలో 3 సార్లు 3 స్ప్రింట్స్ పరిగెత్తాలని నిర్ణయించుకున్నాడు. అతడు ప్రతి స్ప్రింట్‌లో 60 మీటర్లు పరిగెత్తాడు. అతడు ఒక వారంలో ఎన్ని మీటర్లు పరిగెత్తాడు?,"Carefully solve the following mathematical problem. Provide a step-by-step solution and conclude with the final answer.

Problem:
జేమ్ప్ వారంలో 3 సార్లు 3 స్ప్రింట్స్ పరిగెత్తాలని నిర్ణయించుకున్నాడు. అతడు ప్రతి స్ప్రింట్‌లో 60 మీటర్లు పరిగెత్తాడు. అతడు ఒక వారంలో ఎన్ని మీటర్లు పరిగెత్తాడు?","*   Language: Telugu.
    *   Content: ""జేమ్ప్ వారంలో 3 సార్లు 3 స్ప్రింట్స్ పరిగెత్తాలని నిర్ణయించుకున్నాడు. అతడు ప్రతి స్ప్రింట్‌లో 60 మీటర్లు పరిగెత్తాడు. అతడు ఒక వారంలో ఎన్ని మీటర్లు పరిగెత్తాడు?""
    *   Translation: ""James decided to run 3 sprints, 3 times a week. He ran 60 meters in each sprint. How many meters did he run in a week?""

    *   Number of times per week: 3 (సార్లు)
    *   Number of sprints per time: 3 (స్ప్రింట్స్)
    *   Distance per sprint: 60 meters (మీటర్లు)

    *   Total sprints per week = (Times per week) × (Sprints per time)
    *   Total distance per week = (Total sprints per week) × (Distance per sprint)

    *   Step 1: Find total sprints per week.
        *   3 times × 3 sprints = 9 sprints per week.
    *   Step 2: Find total distance per week.
        *   9 sprints × 60 meters = 540 meters.

    *   *Step 1:* ప్రతిసారి జేమ్ప్ 3 స్ప్రింట్స్ పరిగెత్తాడు. (Each time, James ran 3 sprints.)
    *   *Step 2:* వారంలో 3 సార్లు ఇలా చేశాడు. (He did this 3 times a week.)
    *   *Step 3:* మొత్తం స్ప్రింట్స్ సంఖ్య = 3 × 3 = 9 స్ప్రింట్స్. (Total number of sprints = 3 × 3 = 9 sprints.)
    *   *Step 4:* ఒక్కో స్ప్రింట్ 60 మీటర్లు. (Each sprint is 60 meters.)
    *   *Step 5:* మొత్తం దూరం = 9 × 60 = 540 మీటర్లు. (Total distance = 9 × 60 = 540 meters.)

    *   Start with a clear translation/understanding of the problem.
    *   Show the multiplication steps clearly.
    *   State the final answer.","ఇచ్చిన సమస్యను దశలవారీగా పరిష్కరిద్దాం:

**1. సమస్యను అర్థం చేసుకోవడం:**
*   జేమ్ప్ వారంలో ఎన్ని సార్లు పరిగెత్తాడు? = 3 సార్లు
*   ప్రతి సారి ఎన్ని స్ప్రింట్స్ (Sprints) పరిగెత్తాడు? = 3 స్ప్రింట్స్
*   ప్రతి స్ప్రింట్ దూరం ఎంత? = 60 మీటర్లు

**2. గణన (Calculations):**

*   **మొత్తం స్ప్రింట్స్ సంఖ్యను కనుగొందాం:**
    వారంలో 3 సార్లు, ప్రతిసారి 3 స్ప్రింట్స్ పరిగెత్తాడు కాబట్టి:
    మొత్తం స్ప్రింట్స్ = 3 (సార్లు) $\times$ 3 (స్ప్రింట్స్) = 9 స్ప్రింట్స్

*   **మొత్తం దూరాన్ని కనుగొందాం:**
    ஒక్కో స్ప్రింట్ దూరం 60 మీటర్లు కాబట్టి, 9 స్ప్రింట్ల మొత్తం దూరం:
    మొత్తం దూరం = 9 (స్ప్రింట్స్) $\times$ 60 (మీటర్లు)
    మొత్తం దూరం = 540 మీటర్లు

**ముగింపు:**
జేమ్ప్ ఒక వారంలో మొత్తం **540** మీటర్లు పరిగెత్తాడు.

**సమాధానం:** 540 మీటర్లు",Qwen3.5-27B,1.0,True,"The candidate solution correctly identifies the given values (3 times a week, 3 sprints per time, 60 meters per sprint). The calculation for total sprints (3 * 3 = 9) is correct, and the final calculation for total distance (9 * 60 = 540 meters) is mathematically accurate. The reasoning is logical and the final answer is correct.","{
  ""score"": 1.0,
  ""correct"": true,
  ""reason"": ""The candidate solution correctly identifies the given values (3 times a week, 3 sprints per time, 60 meters per sprint). The calculation for total sprints (3 * 3 = 9) is correct, and the final calculation for total distance (9 * 60 = 540 meters) is mathematically accurate. The reasoning is logical and the final answer is correct.""
}","The user wants me to evaluate a mathematical solution provided in Telugu.

**1. Analyze the Question:**
*   **Question:** జేమ్ప్ వారంలో 3 సార్లు 3 స్ప్రింట్స్ పరిగెత్తాలని నిర్ణయించుకున్నాడు. అతడు ప్రతి స్ప్రింట్‌లో 60 మీటర్లు పరిగెత్తాడు. అతడు ఒక వారంలో ఎన్ని మీటర్లు పరిగెత్తాడు?
*   **Translation:** James decided to run 3 sprints 3 times a week. He ran 60 meters in each sprint. How many meters did he run in a week?
*   **Key Data:**
    *   Frequency per week: 3 times
    *   Sprints per session: 3 sprints
    *   Distance per sprint: 60 meters
*   **Goal:** Calculate total distance run in a week.

**2. Solve Independently:**
*   Total sprints per week = (Times per week) $\times$ (Sprints per time)
*   Total sprints = $3 \times 3 = 9$ sprints.
*   Total distance = (Total sprints) $\times$ (Distance per sprint)
*   Total distance = $9 \times 60$ meters.
*   Calculation: $9 \times 60 = 540$.
*   **Answer:** 540 meters.

**3. Evaluate the Candidate Solution:**
*   **Step 1 (Understanding):**
    *   Times per week: 3 (Correct)
    *   Sprints per time: 3 (Correct)
    *   Distance per sprint: 60 meters (Correct)
*   **Step 2 (Calculations):**
    *   Total sprints = $3 \times 3 = 9$ (Correct)
    *   Total distance = $9 \times 60 = 540$ meters (Correct)
*   **Conclusion:** 540 meters.
*   **Language:** Telugu. The math is clear and correct.

**4. Check for Errors:**
*   Logic: Sound.
*   Arithmetic: $3"
Gemma-4-26B,5,P1,"ప్రతిరోజూ, విండీ తన కోళ్లు ఆరోగ్యవంతంగా ఉండేందుకు సాయపడటానికి గింజలు, మీల్‌వార్మ్‌లు మరియు కూరగాయలు ఉండే మిక్సిడ్ చికెన్ ఫీడ్ యొక్క మూడు కప్పులను తన ప్రతి కోడికి పెడుతుంది. ఆమె కోళ్లకు మూడుసార్లు విడి మేతగా ఈ ఫీడ్‌ని ఇస్తుంది. ఉదయం పూట, ఆమె తన కోళ్ల మందకు 15 కప్పుల ఫీడ్‌ని ఇస్తుంది. మధ్యాహ్నం ఆమె తన కోళ్లకు మరో 25 కప్పుల ఫీడ్‌ని ఇస్తుంది. విండీ మందలో 20 కోళ్లు ఉన్నట్లయితే రోజులో చివరి మేతలో ఆమె కోళ్లకు ఎన్ని కప్పుల ఫీడ్‌ని ఇవ్వాల్సి ఉంటుంది?","Solve the following math problem step by step. Show your reasoning clearly and provide the final answer.

Problem:
ప్రతిరోజూ, విండీ తన కోళ్లు ఆరోగ్యవంతంగా ఉండేందుకు సాయపడటానికి గింజలు, మీల్‌వార్మ్‌లు మరియు కూరగాయలు ఉండే మిక్సిడ్ చికెన్ ఫీడ్ యొక్క మూడు కప్పులను తన ప్రతి కోడికి పెడుతుంది. ఆమె కోళ్లకు మూడుసార్లు విడి మేతగా ఈ ఫీడ్‌ని ఇస్తుంది. ఉదయం పూట, ఆమె తన కోళ్ల మందకు 15 కప్పుల ఫీడ్‌ని ఇస్తుంది. మధ్యాహ్నం ఆమె తన కోళ్లకు మరో 25 కప్పుల ఫీడ్‌ని ఇస్తుంది. విండీ మందలో 20 కోళ్లు ఉన్నట్లయితే రోజులో చివరి మేతలో ఆమె కోళ్లకు ఎన్ని కప్పుల ఫీడ్‌ని ఇవ్వాల్సి ఉంటుంది?","*   Windy gives 3 cups of mixed chicken feed (grains, mealworms, vegetables) per chicken per feeding.
    *   She feeds the chickens three times a day.
    *   Morning feeding: 15 cups total.
    *   Afternoon feeding: 25 cups total.
    *   Number of chickens in the flock: 20 chickens.
    *   Goal: Find the total amount of feed (in cups) she needs to give during the *third* feeding of the day.

    *   *Wait*, let me re-read the Telugu text to ensure I haven't misinterpreted anything.
    *   ""ప్రతిరోజూ, విండీ తన కోళ్లు ఆరోగ్యవంతంగా ఉండేందుకు సాయపడటానికి గింజలు, మీల్‌వార్మ్‌లు మరియు కూరగాయలు ఉండే మిక్సిడ్ చికెన్ ఫీడ్ యొక్క మూడు కప్పులను తన ప్రతి కోడికి పెడుతుంది.""
        *   Translation: Every day, to help her chickens stay healthy, she gives three cups of mixed chicken feed (grains, mealworms, and vegetables) to each of her chickens.
        *   Key info: 3 cups per chicken per feeding.
    *   ""ఆమె కోళ్లకు మూడుసార్లు విడి మేతగా ఈ ఫీడ్‌ని ఇస్తుంది.""
        *   Translation: She gives this feed to her chickens three times a day as separate feedings.
        *   Key info: 3 feedings per day.
    *   ""ఉదయం పూట, ఆమె తన కోళ్ల మందకు 15 కప్పుల ఫీడ్‌ని ఇస్తుంది.""
        *   Translation: In the morning, she gives 15 cups of feed to her flock of chickens.
    *   ""మధ్యాహ్నం ఆమె తన తన కోళ్లకు మరో 25 కప్పుల ఫీడ్‌ని ఇస్తుంది.""
        *   Translation: In the afternoon, she gives another 25 cups of feed to her chickens.
    *   ""విండీ మందలో 20 కోళ్లు ఉన్నట్లయితే రోజులో చివరి మేతలో ఆమె కోళ్లకు ఎన్ని కప్పుల ఫీడ్‌ని ఇవ్వాల్సి ఉంటుంది?""
        *   Translation: If Windy has 20 chickens in her flock, how many cups of feed will she have to give to her chickens in the last feeding of the day?

    *   Wait, there's a contradiction or a specific detail I need to look at closely.
    *   ""ప్రతిరోజూ... మూడు కప్పులను తన ప్రతి కోడికి పెడుతుంది."" (She gives 3 cups to *each* chicken.)
    *   ""విండీ మందలో 20 కోళ్లు ఉన్నట్లయితే..."" (Windy has 20 chickens.)
    *   If she gives 3 cups to each chicken, and there are 20 chickens, then in one feeding, she should give $20 \times 3 = 60$ cups.
    *   But the problem states:
        *   Morning feeding = 15 cups.
        *   Afternoon feeding = 25 cups.
    *   Wait, let me re-read carefully. Does ""three cups... to each chicken"" apply to the *total* daily amount or *per feeding*?
    *   Telugu: ""ప్రతిరోజూ... మూడు కప్పులను తన ప్రతి కోడికి పెడుతుంది. ఆమె కోళ్లకు మూడుసార్లు విడి మేతగా ఈ ఫీడ్‌ని ఇస్తుంది.""
        *   ""Every day... she gives three cups to each chicken. She gives this feed to her chickens three times a day as separate feedings.""
    *   This is ambiguous. Does it mean:
        a) Total daily amount per chicken = 3 cups (meaning 1 cup per feeding)?
        b) Amount per feeding per chicken = 3 cups (meaning 9 cups per day)?

    *   Let's test scenario (a): Total daily amount per chicken = 3 cups.
        *   If she feeds 3 times a day, and she gives 3 cups total per chicken, she gives 1 cup per feeding.
        *   Total chickens = 20.
        *   Total per feeding = $20 \text{ chickens} \times 1 \text{ cup/chicken} = 20$ cups.
        *   Morning feeding = 15 cups. (Wait, 15 is not 20).
        *   Afternoon feeding = 25 cups. (Wait, 25 is not 20).
        *   Something is wrong. Let's re-read again.

    *   Let's test scenario (b): 3 cups per chicken *per feeding*.
        *   Total per feeding = $20 \times 3 = 60$ cups.
        *   Morning = 15. Afternoon = 25. This doesn't match the 60.

    *   Let's look at the wording again: ""ప్రతిరోజూ, విండీ తన కోళ్లు ఆరోగ్యవంతంగా ఉండేందుకు ... మూడు కప్పులను తన ప్రతి కోడికి పెడుతుంది.""
    *   Maybe the ""3 cups"" is the *total* amount per chicken per day, but the feedings are not equal?
    *   Let's assume: Total daily amount for 20 chickens = $20 \times 3 = 60$ cups.
    *   Morning feeding = 15 cups.
    *   Afternoon feeding = 25 cups.
    *   Total so far = $15 + 25 = 40$ cups.
    *   Total needed for the day = 60 cups.
    *   Third feeding = Total daily amount - (Morning + Afternoon) = $60 - 40 = 20$ cups.

    *   Let's check if this logic holds.
        *   Total daily feed for 1 chicken = 3 cups.
        *   Total chickens = 20.
        *   Total daily feed for flock = $20 \times 3 = 60$ cups.
        *   Morning: 15 cups.
        *   Afternoon: 25 cups.
        *   Remaining for evening: $60 - (15 + 25) = 60 - 40 = 20$ cups.

    *   Wait, does the problem say she gives 3 cups *per feeding* or *per day*?
    *   Telugu text: ""...మూడు కప్పులను తన ప్రతి కోడికి పెడుతుంది. ఆమె కోళ్లకు మూడుసార్లు విడి మేతగా ఈ ఫీడ్‌ని ఇస్తుంది.""
    *   Literally: ""...she gives three cups to each chicken. She gives this feed to her chickens three times a day as separate feedings.""
    *   In English, ""She gives three cups to each chicken. She does this three times a day"" usually means $3 \times 3 = 9$ cups total.
    *   However, the phrasing",,Qwen3.5-27B,0.0,False,"The candidate solution is completely empty. There is no reasoning, calculation, or final answer provided to evaluate. Therefore, it cannot be considered mathematically correct.","{
  ""score"": 0.0,
  ""correct"": false,
  ""reason"": ""The candidate solution is completely empty. There is no reasoning, calculation, or final answer provided to evaluate. Therefore, it cannot be considered mathematically correct.""
}","The user wants me to evaluate a mathematical solution provided by an AI candidate.

**1. Analyze the Input:**
- **Question:** A word problem in Telugu about feeding chickens.
- **Candidate Solution:** The candidate solution section is empty (`<<< >>>`).

**2. Solve the Problem Independently:**
- **Given:**
    - Each chicken needs 3 cups of feed per day.
    - Feed is given 3 times a day (morning, noon, evening).
    - Morning feed: 15 cups total.
    - Noon feed: 25 cups total.
    - Number of chickens: 20.
- **Goal:** Find out how many cups of feed are needed for the last meal (evening).

- **Calculation:**
    - Total daily feed required = Number of chickens * Feed per chicken per day
    - Total daily feed = 20 chickens * 3 cups/chicken = 60 cups.
    - Total feed given so far = Morning feed + Noon feed
    - Total feed given = 15 cups + 25 cups = 40 cups.
    - Feed needed for the last meal = Total daily feed - Total feed given
    - Feed needed = 60 cups - 40 cups = 20 cups.

- **Alternative Interpretation Check:**
    - ""మూడు కప్పులను తన ప్రతి కోడికి పెడుతుంది"" (She gives 3 cups to each of her chickens).
    - ""ఆమె కోళ్లకు మూడుసార్లు విడి మేతగా ఈ ఫీడ్‌ని ఇస్తుంది"" (She gives this feed to her chickens as separate meals three times).
    - Does ""3 cups"" mean total per day or per meal? The text says ""రోజులో... మూడు కప్పులను... పెడుతుంది"" (Every day... gives 3 cups...). So 3 cups is the daily total per chicken.
    - Total daily requirement = 20 * 3 = 60 cups.
    - Morning = 15 cups.
    - Noon = 25 cups.
    - Evening = Total - (Morning + Noon) = 60 - (15 + 25) = 60 - 4"
Gemma-4-26B,5,P2,"ప్రతిరోజూ, విండీ తన కోళ్లు ఆరోగ్యవంతంగా ఉండేందుకు సాయపడటానికి గింజలు, మీల్‌వార్మ్‌లు మరియు కూరగాయలు ఉండే మిక్సిడ్ చికెన్ ఫీడ్ యొక్క మూడు కప్పులను తన ప్రతి కోడికి పెడుతుంది. ఆమె కోళ్లకు మూడుసార్లు విడి మేతగా ఈ ఫీడ్‌ని ఇస్తుంది. ఉదయం పూట, ఆమె తన కోళ్ల మందకు 15 కప్పుల ఫీడ్‌ని ఇస్తుంది. మధ్యాహ్నం ఆమె తన కోళ్లకు మరో 25 కప్పుల ఫీడ్‌ని ఇస్తుంది. విండీ మందలో 20 కోళ్లు ఉన్నట్లయితే రోజులో చివరి మేతలో ఆమె కోళ్లకు ఎన్ని కప్పుల ఫీడ్‌ని ఇవ్వాల్సి ఉంటుంది?","Please solve the following math problem carefully. Explain your solution step by step and clearly state the final answer.

Problem:
ప్రతిరోజూ, విండీ తన కోళ్లు ఆరోగ్యవంతంగా ఉండేందుకు సాయపడటానికి గింజలు, మీల్‌వార్మ్‌లు మరియు కూరగాయలు ఉండే మిక్సిడ్ చికెన్ ఫీడ్ యొక్క మూడు కప్పులను తన ప్రతి కోడికి పెడుతుంది. ఆమె కోళ్లకు మూడుసార్లు విడి మేతగా ఈ ఫీడ్‌ని ఇస్తుంది. ఉదయం పూట, ఆమె తన కోళ్ల మందకు 15 కప్పుల ఫీడ్‌ని ఇస్తుంది. మధ్యాహ్నం ఆమె తన కోళ్లకు మరో 25 కప్పుల ఫీడ్‌ని ఇస్తుంది. విండీ మందలో 20 కోళ్లు ఉన్నట్లయితే రోజులో చివరి మేతలో ఆమె కోళ్లకు ఎన్ని కప్పుల ఫీడ్‌ని ఇవ్వాల్సి ఉంటుంది?","*   Windy feeds each chicken 3 cups of mixed chicken feed (seeds, mealworms, vegetables) three times a day.
    *   Morning feed: 15 cups (total for the flock).
    *   Afternoon feed: 25 cups (total for the flock).
    *   Number of chickens in the flock: 20.
    *   Goal: Find the total cups of feed given to the chickens in the *last* feeding of the day.

    *   Each chicken gets 3 cups per feeding.
    *   There are 20 chickens.
    *   Total cups per feeding = 3 cups/chicken * 20 chickens = 60 cups.

    *   The problem states Windy feeds them 3 times a day.
    *   Feeding 1 (Morning): 15 cups (Wait, let's re-read).
    *   Feeding 2 (Afternoon): 25 cups.
    *   Feeding 3 (Last feeding): ?

    *Re-reading the problem carefully (Telugu translation/understanding):*
    *   ""ప్రతిరోజూ, విండీ తన కోళ్లు ఆరోగ్యవంతంగా ఉండేందుకు సాయపడటానికి గింజలు, మీల్‌వార్మ్‌లు మరియు కూరగాయలు ఉండే మిక్సిడ్ చికెన్ ఫీడ్ యొక్క మూడు కప్పులను తన ప్రతి కోడికి పెడుతుంది.""
        (Every day, to help her chickens stay healthy, Windy gives three cups of mixed chicken feed... to *each* of her chickens.)
    *   ""ఆమె కోళ్లకు మూడుసార్లు విడి మేతగా ఈ ఫీడ్‌ని ఇస్తుంది.""
        (She gives this feed to her chickens three times a day - as separate feedings.)
    *   ""ఉదయం పూట, ఆమె తన కోళ్ల మందకు 15 కప్పుల ఫీడ్‌ని ఇస్తుంది.""
        (In the morning, she gives her flock 15 cups of feed.)
    *   ""మధ్యాహ్నం ఆమె తన కోళ్లకు మరో 25 కప్పుల ఫీడ్‌ని ఇస్తుంది.""
        (In the afternoon, she gives her chickens another 25 cups of feed.)
    *   ""విండీ మందలో 20 కోళ్లు ఉన్నట్లయితే రోజులో చివరి మేతలో ఆమె కోళ్లకు ఎన్ని కప్పుల ఫీడ్‌ని ఇవ్వాల్సి ఉంటుంది?""
        (If Windy has 20 chickens in the flock, how many cups of feed will she have to give her chickens in the last feeding of the day?)

    *Wait, there's a contradiction in my logic or the problem statement.*
    Let's look at the numbers again.
    - Total amount per feeding per chicken = 3 cups.
    - Total chickens = 20.
    - Total amount needed for *one* feeding for all chickens = 20 * 3 = 60 cups.

    Let's check the ""Morning"" and ""Afternoon"" amounts provided.
    - Morning: 15 cups.
    - Afternoon: 25 cups.
    - Total for 20 chickens in one feeding (calculated from ""3 cups per chicken"") = 60 cups.

    *Wait!* Re-read: ""ప్రతిరోజూ, విండీ తన కోళ్లు ఆరోగ్యవంతంగా ఉండేందుకు సాయపడటానికి గింజలు, మీల్‌వార్మ్‌లు మరియు కూరగాయలు ఉండే మిక్సిడ్ చికెన్ ఫీడ్ యొక్క మూడు కప్పులను తన ప్రతి కోడికి పెడుతుంది.""
    Does this mean 3 cups *total* per day or 3 cups *per feeding*?
    The sentence says ""మూడు కప్పులను తన ప్రతి కోడికి పెడుతుంది"" (gives 3 cups to each chicken) and ""మూడుసార్లు విడి మేతగా ఈ ఫీడ్‌ని ఇస్తుంది"" (gives this feed three times a day as separate feedings).

    If she gives 3 cups per chicken *per feeding*, and there are 20 chickens, she needs 60 cups per feeding.
    But the problem says:
    - Morning: 15 cups.
    - Afternoon: 25 cups.
    This doesn't add up to 60.

    Let's re-examine the phrase: ""ప్రతిరోజూ... మూడు కప్పులను తన ప్రతి కోడికి పెడుతుంది. ఆమె కోళ్లకు మూడుసార్లు విడి మేతగా ఈ ఫీడ్‌ని ఇస్తుంది.""
    This could mean:
    Interpretation A: Total per day = 3 cups per chicken. Since there are 3 feedings, each feeding is 1 cup per chicken.
    Interpretation B: Total per feeding = 3 cups per chicken. Since there are 3 feedings, total per day = 9 cups per chicken.

    Let's test Interpretation A:
    - Total per day per chicken = 3 cups.
    - Total chickens = 20.
    - Total per day for the flock = 20 * 3 = 60 cups.
    - Morning amount = 15 cups.
    - Afternoon amount = 25 cups.
    - Last feeding amount = Total - (Morning + Afternoon) = 60 - (15 + 25) = 60 - 40 = 20 cups.

    Let's test Interpretation B:
    - Total per feeding per chicken = 3 cups.
    - Total chickens = 20.
    - Total per feeding for the flock = 20 * 3 = 60 cups.
    - Total per day for the flock = 60 * 3 = 180 cups.
    - Morning amount = 15 cups.
    - Afternoon amount = 25 cups.
    - Last feeding amount = 180 - (15 + 25) = 180 - 40 = 140 cups.

    *Re-evaluating Interpretation A vs B:*
    In Interpretation A, ""three cups"" refers to the *daily* total.
    ""ప్రతిరోజూ... మూడు కప్పులను తన ప్రతి కోడికి పెడుతుంది."" (Every day... gives 3 cups to each chicken.)
    ""ఆమె కోళ్లకు మూడుసార్లు విడి మేతగా ఈ ఫీడ్‌ని ఇస్తుంది."" (She gives this feed to her chickens three times a day as separate feedings.)
    This strongly suggests Interpretation A. The ""three cups"" is the total amount given to each chicken throughout the day, distributed across three feedings.

    Let's re-verify Interpretation A:
    1.  Total amount needed for all chickens per day = (Number of chickens) × (Total cups per chicken per day)
        = 20 chickens × 3 cups/chicken = 60 cups.
    2.  Amount given in the morning = 15 cups.
    3.  Amount given in the afternoon = 25 cups.
    4.  Total amount given in morning and afternoon = ",,Qwen3.5-27B,0.0,False,"The candidate solution is completely empty. There is no reasoning, calculation, or final answer provided to evaluate. Therefore, it cannot be considered mathematically correct.","{
  ""score"": 0.0,
  ""correct"": false,
  ""reason"": ""The candidate solution is completely empty. There is no reasoning, calculation, or final answer provided to evaluate. Therefore, it cannot be considered mathematically correct.""
}","The user wants me to evaluate a mathematical solution provided by an AI candidate.

**1. Analyze the Input:**
- **Question:** A word problem in Telugu about feeding chickens.
- **Candidate Solution:** The candidate solution section is empty (`<<< >>>`).

**2. Solve the Problem Independently:**
- **Given:**
    - Each chicken needs 3 cups of feed per day.
    - Feed is given 3 times a day (morning, noon, evening).
    - Morning feed: 15 cups total.
    - Noon feed: 25 cups total.
    - Number of chickens: 20.
- **Goal:** Find out how many cups of feed are needed for the last meal (evening).

- **Calculation:**
    - Total daily feed required = Number of chickens * Feed per chicken per day
    - Total daily feed = 20 chickens * 3 cups/chicken = 60 cups.
    - Total feed given so far = Morning feed + Noon feed
    - Total feed given = 15 cups + 25 cups = 40 cups.
    - Feed needed for the last meal = Total daily feed - Total feed given
    - Feed needed = 60 cups - 40 cups = 20 cups.

- **Alternative Interpretation Check:**
    - ""మూడు కప్పులను తన ప్రతి కోడికి పెడుతుంది"" (She gives 3 cups to each of her chickens).
    - ""ఆమె కోళ్లకు మూడుసార్లు విడి మేతగా ఈ ఫీడ్‌ని ఇస్తుంది"" (She gives this feed to her chickens as separate meals three times).
    - Does ""3 cups"" mean total per day or per meal? The text says ""రోజులో... మూడు కప్పులను... పెడుతుంది"" (Every day... gives 3 cups...). So 3 cups is the daily total per chicken.
    - Total daily requirement = 20 * 3 = 60 cups.
    - Morning = 15 cups.
    - Noon = 25 cups.
    - Evening = Total - (Morning + Noon) = 60 - (15 + 25) = 60 - 4"
Gemma-4-26B,5,P3,"ప్రతిరోజూ, విండీ తన కోళ్లు ఆరోగ్యవంతంగా ఉండేందుకు సాయపడటానికి గింజలు, మీల్‌వార్మ్‌లు మరియు కూరగాయలు ఉండే మిక్సిడ్ చికెన్ ఫీడ్ యొక్క మూడు కప్పులను తన ప్రతి కోడికి పెడుతుంది. ఆమె కోళ్లకు మూడుసార్లు విడి మేతగా ఈ ఫీడ్‌ని ఇస్తుంది. ఉదయం పూట, ఆమె తన కోళ్ల మందకు 15 కప్పుల ఫీడ్‌ని ఇస్తుంది. మధ్యాహ్నం ఆమె తన కోళ్లకు మరో 25 కప్పుల ఫీడ్‌ని ఇస్తుంది. విండీ మందలో 20 కోళ్లు ఉన్నట్లయితే రోజులో చివరి మేతలో ఆమె కోళ్లకు ఎన్ని కప్పుల ఫీడ్‌ని ఇవ్వాల్సి ఉంటుంది?","Work through the following math problem step by step. Show how you arrive at the answer and give the final result.

Problem:
ప్రతిరోజూ, విండీ తన కోళ్లు ఆరోగ్యవంతంగా ఉండేందుకు సాయపడటానికి గింజలు, మీల్‌వార్మ్‌లు మరియు కూరగాయలు ఉండే మిక్సిడ్ చికెన్ ఫీడ్ యొక్క మూడు కప్పులను తన ప్రతి కోడికి పెడుతుంది. ఆమె కోళ్లకు మూడుసార్లు విడి మేతగా ఈ ఫీడ్‌ని ఇస్తుంది. ఉదయం పూట, ఆమె తన కోళ్ల మందకు 15 కప్పుల ఫీడ్‌ని ఇస్తుంది. మధ్యాహ్నం ఆమె తన కోళ్లకు మరో 25 కప్పుల ఫీడ్‌ని ఇస్తుంది. విండీ మందలో 20 కోళ్లు ఉన్నట్లయితే రోజులో చివరి మేతలో ఆమె కోళ్లకు ఎన్ని కప్పుల ఫీడ్‌ని ఇవ్వాల్సి ఉంటుంది?","*   Windy feeds her chickens mixed chicken feed (grains, mealworms, vegetables).
    *   Amount per chicken per feeding: 3 cups.
    *   Number of feedings per day: 3 feedings.
    *   Morning feeding: 15 cups (total for the flock).
    *   Afternoon feeding: 25 cups (total for the flock).
    *   Number of chickens in the flock: 20 chickens.
    *   Goal: Find out how many cups of feed she needs to give for the *last* feeding of the day.

    *   *Information 1:* Windy gives 3 cups per chicken per feeding.
    *   *Information 2:* There are 20 chickens.
    *   *Information 3:* There are 3 feedings total.
    *   *Information 4:* Morning (1st feeding) = 15 cups.
    *   *Information 5:* Afternoon (2nd feeding) = 25 cups.

    *   The question asks for the amount of feed given in the *last* feeding.
    *   Wait, there is a potential conflict here. Let's re-read carefully.
    *   ""ప్రతిరోజూ, విండీ తన కోళ్లు ఆరోగ్యవంతంగా ఉండేందుకు సాయపడటానికి గింజలు, మీల్‌వార్మ్‌లు మరియు కూరగాయలు ఉండే మిక్సిడ్ చికెన్ ఫీడ్ యొక్క మూడు కప్పులను తన ప్రతి కోడికి పెడుతుంది."" (Every day, Windy gives 3 cups of mixed chicken feed to each of her chickens.)
    *   ""ఆమె కోళ్లకు మూడుసార్లు విడి మేతగా ఈ ఫీడ్‌ని ఇస్తుంది."" (She gives this feed to her chickens three times as separate feedings.)
    *   ""ఉదయం పూట, ఆమె తన కోళ్ల మందకు 15 కప్పుల ఫీడ్‌ని ఇస్తుంది."" (In the morning, she gives 15 cups of feed to her flock.)
    *   ""మధ్యాహ్నం ఆమె తన కోళ్లకు మరో 25 కప్పుల ఫీడ్‌ని ఇస్తుంది."" (In the afternoon, she gives another 25 cups of feed to her chickens.)
    *   ""విండీ మందలో 20 కోళ్లు ఉన్నట్లయితే రోజులో చివరి మేతలో ఆమె కోళ్లకు ఎన్ని కప్పుల ఫీడ్‌ని ఇవ్వాల్సి ఉంటుంది?"" (If Windy has 20 chickens in the flock, how many cups of feed will she have to give her chickens in the last feeding of the day?)

    *   *Method A: Based on the amount per chicken per feeding.*
        If she gives 3 cups to *each* chicken during a feeding, and there are 20 chickens:
        Total per feeding = 3 cups/chicken * 20 chickens = 60 cups.
        If she does this 3 times a day:
        1st feeding: 60 cups.
        2nd feeding: 60 cups.
        3rd feeding: 60 cups.
        *Wait*, the problem says the morning feeding is 15 cups and the afternoon is 25 cups. This contradicts the ""3 cups per chicken"" rule if ""3 cups per chicken"" refers to the *total* per feeding.

    *   *Method B: Re-interpreting the ""3 cups per chicken"" rule.*
        Maybe the ""3 cups per chicken"" is the *total amount of feed a chicken gets throughout the whole day*?
        Total feed for 20 chickens per day = 3 cups * 20 chickens = 60 cups.
        Total feed given in the first two feedings = 15 (morning) + 25 (afternoon) = 40 cups.
        Total feed for the day = 60 cups.
        Amount left for the last feeding = 60 - 40 = 20 cups.

    *   *Let's check the wording again:*
        ""ప్రతిరోజూ, విండీ తన కోళ్లు ఆరోగ్యవంతంగా ఉండేందుకు సాయపడటానికి ... మూడు కప్పులను తన ప్రతి కోడికి పెడుతుంది.""
        ""She gives 3 cups ... to each of her chickens.""
        ""ఆమె కోళ్లకు మూడుసార్లు విడి మేతగా ఈ ఫీడ్‌ని ఇస్తుంది.""
        ""She gives this feed to her chickens three times as separate feedings.""

    *   *Interpretation 1:* 3 cups is the amount per feeding per chicken.
        If so, 1st feeding = 3 * 20 = 60. 2nd = 60. 3rd = 60.
        But the problem says 1st is 15 and 2nd is 25. This makes no sense.

    *   *Interpretation 2:* 3 cups is the total amount per chicken per day.
        If so, Total for 20 chickens = 3 * 20 = 60 cups.
        Morning = 15.
        Afternoon = 25.
        Total so far = 15 + 25 = 40.
        Remaining for 3rd feeding = 60 - 40 = 20.
        This makes mathematical sense and uses all the provided numbers.

    *   Total daily feed for 1 chicken = 3 cups.
    *   Total daily feed for 20 chickens = 20 chickens * 3 cups/chicken = 60 cups.
    *   Total morning feed = 15 cups.
    *   Total afternoon feed = 25 cups.
    *   Total feed given so far (morning + afternoon) = 15 + 25 = 40 cups.
    *   Total feed remaining for the last feeding = Total daily feed - Feed given so far.
    *   Total feed remaining = 60 - 40 = 20 cups.

    *   ""ప్రతిరోజూ... మూడు కప్పులను తన ప్రతి కోడికి పెడుతుంది.""
    *   Does ""ప్రతిరోజూ"" (Every day) imply the total amount for the day? Yes.
    *   ""ఆమె కోళ్లకు మూడుసార్లు విడి మేతగా ఈ ఫీడ్‌ని ఇస్తుంది."" (She gives this feed to her chickens three times as separate feedings.)
    *   This reinforces that the ""3 cups"" is the daily total, which is then divided into three feedings.

    1.  Calculate total daily amount for one chicken: 3 cups.
    2.  Calculate total daily amount for 20 chickens: $20 \times 3 = 60$ cups.
    3.  Calculate total amount given in the first two feedings: $15 + 25 = 40$ cups.
    4.  Subtract the amount already given from the total daily amount: $60 - 40 = 20$ cups.

    *   Step 1: Find the total amount of feed needed",,Qwen3.5-27B,0.0,False,"The candidate solution is completely empty. There is no reasoning, calculation, or final answer provided to evaluate. Therefore, it cannot be considered mathematically correct.","{
  ""score"": 0.0,
  ""correct"": false,
  ""reason"": ""The candidate solution is completely empty. There is no reasoning, calculation, or final answer provided to evaluate. Therefore, it cannot be considered mathematically correct.""
}","The user wants me to evaluate a mathematical solution provided by an AI candidate.

**1. Analyze the Input:**
- **Question:** A word problem in Telugu about feeding chickens.
- **Candidate Solution:** The candidate solution section is empty (`<<< >>>`).

**2. Solve the Problem Independently:**
- **Given:**
    - Each chicken needs 3 cups of feed per day.
    - Feed is given 3 times a day (morning, noon, evening).
    - Morning feed: 15 cups total.
    - Noon feed: 25 cups total.
    - Number of chickens: 20.
- **Goal:** Find out how many cups of feed are needed for the last meal (evening).

- **Calculation:**
    - Total daily feed required = Number of chickens * Feed per chicken per day
    - Total daily feed = 20 chickens * 3 cups/chicken = 60 cups.
    - Total feed given so far = Morning feed + Noon feed
    - Total feed given = 15 cups + 25 cups = 40 cups.
    - Feed needed for the last meal = Total daily feed - Total feed given
    - Feed needed = 60 cups - 40 cups = 20 cups.

- **Alternative Interpretation Check:**
    - ""మూడు కప్పులను తన ప్రతి కోడికి పెడుతుంది"" (She gives 3 cups to each of her chickens).
    - ""ఆమె కోళ్లకు మూడుసార్లు విడి మేతగా ఈ ఫీడ్‌ని ఇస్తుంది"" (She gives this feed to her chickens as separate meals three times).
    - Does ""3 cups"" mean total per day or per meal? The text says ""రోజులో... మూడు కప్పులను... పెడుతుంది"" (Every day... gives 3 cups...). So 3 cups is the daily total per chicken.
    - Total daily requirement = 20 * 3 = 60 cups.
    - Morning = 15 cups.
    - Noon = 25 cups.
    - Evening = Total - (Morning + Noon) = 60 - (15 + 25) = 60 - 4"
Gemma-4-26B,5,P4,"ప్రతిరోజూ, విండీ తన కోళ్లు ఆరోగ్యవంతంగా ఉండేందుకు సాయపడటానికి గింజలు, మీల్‌వార్మ్‌లు మరియు కూరగాయలు ఉండే మిక్సిడ్ చికెన్ ఫీడ్ యొక్క మూడు కప్పులను తన ప్రతి కోడికి పెడుతుంది. ఆమె కోళ్లకు మూడుసార్లు విడి మేతగా ఈ ఫీడ్‌ని ఇస్తుంది. ఉదయం పూట, ఆమె తన కోళ్ల మందకు 15 కప్పుల ఫీడ్‌ని ఇస్తుంది. మధ్యాహ్నం ఆమె తన కోళ్లకు మరో 25 కప్పుల ఫీడ్‌ని ఇస్తుంది. విండీ మందలో 20 కోళ్లు ఉన్నట్లయితే రోజులో చివరి మేతలో ఆమె కోళ్లకు ఎన్ని కప్పుల ఫీడ్‌ని ఇవ్వాల్సి ఉంటుంది?","Find the solution to the following problem. Explain your reasoning and calculations before giving the final answer.

Problem:
ప్రతిరోజూ, విండీ తన కోళ్లు ఆరోగ్యవంతంగా ఉండేందుకు సాయపడటానికి గింజలు, మీల్‌వార్మ్‌లు మరియు కూరగాయలు ఉండే మిక్సిడ్ చికెన్ ఫీడ్ యొక్క మూడు కప్పులను తన ప్రతి కోడికి పెడుతుంది. ఆమె కోళ్లకు మూడుసార్లు విడి మేతగా ఈ ఫీడ్‌ని ఇస్తుంది. ఉదయం పూట, ఆమె తన కోళ్ల మందకు 15 కప్పుల ఫీడ్‌ని ఇస్తుంది. మధ్యాహ్నం ఆమె తన కోళ్లకు మరో 25 కప్పుల ఫీడ్‌ని ఇస్తుంది. విండీ మందలో 20 కోళ్లు ఉన్నట్లయితే రోజులో చివరి మేతలో ఆమె కోళ్లకు ఎన్ని కప్పుల ఫీడ్‌ని ఇవ్వాల్సి ఉంటుంది?","*   Goal: Find the total number of cups of chicken feed needed for the *last* feeding of the day.
    *   Given:
        *   Feed per chicken per feeding: 3 cups.
        *   Number of feedings per day: 3 times.
        *   Morning feeding (1st time): 15 cups total.
        *   Afternoon feeding (2nd time): 25 cups total.
        *   Total number of chickens in the flock: 20 chickens.

    *   *Wait*, there's a potential inconsistency in the problem statement. Let's re-read carefully.
    *   ""ప్రతిరోజూ, విండీ తన కోళ్లు ఆరోగ్యవంతంగా ఉండేందుకు సాయపడటానికి గింజలు, మీల్‌వార్మ్‌లు మరియు కూరగాయలు ఉండే మిక్సిడ్ చికెన్ ఫీడ్ యొక్క మూడు కప్పులను తన ప్రతి కోడికి పెడుతుంది."" (Every day, to help her chickens stay healthy, she gives 3 cups of mixed chicken feed to each chicken.) -> This implies 3 cups *per feeding*? Or 3 cups *total*?
    *   ""ఆమె కోళ్లకు మూడుసార్లు విడి మేతగా ఈ ఫీడ్‌ని ఇస్తుంది."" (She gives this feed to her chickens three times a day.) -> 3 feedings per day.
    *   ""ఉదయం పూట, ఆమె తన కోళ్ల మందకు 15 కప్పుల ఫీడ్‌ని ఇస్తుంది."" (In the morning, she gives 15 cups of feed to her flock.)
    *   ""మధ్యాహ్నం ఆమె తన కోళ్లకు మరో 25 కప్పుల ఫీడ్‌ని ఇస్తుంది."" (In the afternoon, she gives another 25 cups of feed to her chickens.)
    *   ""విండీ మందలో 20 కోళ్లు ఉన్నట్లయితే..."" (If Windy has 20 chickens in the flock...)
    *   ""...రోజులో చివరి మేతలో ఆమె కోళ్లకు ఎన్ని కప్పుల ఫీడ్‌ని ఇవ్వాల్సి ఉంటుంది?"" (...how many cups of feed will she have to give her chickens in the last feeding of the day?)

    *   *Conflict Check:*
        *   If she has 20 chickens and gives each 3 cups per feeding, the total per feeding should be $20 \times 3 = 60$ cups.
        *   But the problem says:
            *   Morning (1st feeding): 15 cups.
            *   Afternoon (2nd feeding): 25 cups.
        *   This contradicts the ""3 cups per chicken"" rule if the 15 and 25 are total amounts.

    *   *Let's re-read the Telugu text to see if I misinterpreted:*
        ""ప్రతిరోజూ, విండీ తన కోళ్లు ఆరోగ్యవంతంగా ఉండేందుకు సాయపడటానికి గింజలు, మీల్‌వార్మ్‌లు మరియు కూరగాయలు ఉండే మిక్సిడ్ చికెన్ ఫీడ్ యొక్క మూడు కప్పులను తన ప్రతి కోడికి పెడుతుంది.""
        Translation: ""Every day, to help her chickens stay healthy, she gives three cups of mixed chicken feed to each of her chickens.""
        ""ఆమె కోళ్లకు మూడుసార్లు విడి మేతగా ఈ ఫీడ్‌ని ఇస్తుంది.""
        Translation: ""She gives this feed to her chickens three times a day.""

    *   *Wait!* If she gives 3 cups *total per day* to each chicken, and she feeds them 3 times a day, then each feeding would be 1 cup per chicken?
        *   If 1 cup per chicken per feeding: Total per feeding = 20 chickens $\times$ 1 cup = 20 cups.
        *   But the problem says Morning = 15, Afternoon = 25.

    *   *Let's look for another interpretation:*
        Maybe the ""3 cups"" is the amount *per feeding*?
        If 3 cups per chicken per feeding:
        Morning = $20 \times 3 = 60$ cups.
        Afternoon = $20 \times 3 = 60$ cups.
        Third feeding = $20 \times 3 = 60$ cups.
        But the problem says Morning = 15 and Afternoon = 25.

    *   *Let's rethink:* Maybe the ""3 cups"" isn't per chicken, but something else? No, it says ""తన ప్రతి కోడికి"" (to each of her chickens).

    *   *Let's look at the numbers again:*
        Morning: 15 cups
        Afternoon: 25 cups
        Total chickens: 20
        Goal: Last feeding amount.

    *   *Could the ""3 cups"" be the TOTAL daily amount per chicken?*
        If each chicken gets 3 cups total per day:
        Total daily feed = $20 \text{ chickens} \times 3 \text{ cups/chicken} = 60 \text{ cups}$.
        Morning = 15 cups.
        Afternoon = 25 cups.
        Last feeding = Total - Morning - Afternoon
        Last feeding = $60 - 15 - 25 = 60 - 40 = 20$ cups.

    *   *Let's check if this makes sense:*
        Total daily amount for 20 chickens = 60 cups.
        Morning (1st): 15 cups.
        Afternoon (2nd): 25 cups.
        Evening (3rd): 20 cups.
        Total = $15 + 25 + 20 = 60$ cups.
        Does this fit the ""3 cups per chicken"" instruction?
        If total daily amount is 60 cups and there are 20 chickens, each chicken gets $60 / 20 = 3$ cups.
        **Yes! This works perfectly.**

    1.  Calculate the total amount of feed given to all chickens in a day.
        *   Each chicken gets 3 cups per day.
        *   There are 20 chickens.
        *   Total daily feed = $20 \times 3 = 60$ cups.

    2.  Calculate how much has already been given.
        *   Morning feeding = 15 cups.
        *   Afternoon feeding = 25 cups.
        *   Total given so far = $15 + 25 = 40$ cups.

    3.  Calculate the remaining feed for the last feeding.
        *   Total daily feed - Total given so far = $60 - 40 = 20$ cups.

    *   ""ప్రతిరోజూ... మూడు కప్పులను తన ప్రతి కోడికి పెడుతుంది"" -> Every day... she gives 3 cups to each of her chickens. (This implies total per day).
    *   """,,Qwen3.5-27B,0.0,False,"The candidate solution is completely empty. There is no reasoning, calculation, or final answer provided to evaluate. Therefore, it cannot be considered mathematically correct.","{
  ""score"": 0.0,
  ""correct"": false,
  ""reason"": ""The candidate solution is completely empty. There is no reasoning, calculation, or final answer provided to evaluate. Therefore, it cannot be considered mathematically correct.""
}","The user wants me to evaluate a mathematical solution provided by an AI candidate.

**1. Analyze the Input:**
- **Question:** A word problem in Telugu about feeding chickens.
- **Candidate Solution:** The candidate solution section is empty (`<<< >>>`).

**2. Solve the Problem Independently:**
- **Given:**
    - Each chicken needs 3 cups of feed per day.
    - Feed is given 3 times a day (morning, noon, evening).
    - Morning feed: 15 cups total.
    - Noon feed: 25 cups total.
    - Number of chickens: 20.
- **Goal:** Find out how many cups of feed are needed for the last meal (evening).

- **Calculation:**
    - Total daily feed required = Number of chickens * Feed per chicken per day
    - Total daily feed = 20 chickens * 3 cups/chicken = 60 cups.
    - Total feed given so far = Morning feed + Noon feed
    - Total feed given = 15 cups + 25 cups = 40 cups.
    - Feed needed for the last meal = Total daily feed - Total feed given
    - Feed needed = 60 cups - 40 cups = 20 cups.

- **Alternative Interpretation Check:**
    - ""మూడు కప్పులను తన ప్రతి కోడికి పెడుతుంది"" (She gives 3 cups to each of her chickens).
    - ""ఆమె కోళ్లకు మూడుసార్లు విడి మేతగా ఈ ఫీడ్‌ని ఇస్తుంది"" (She gives this feed to her chickens as separate meals three times).
    - Does ""3 cups"" mean total per day or per meal? The text says ""రోజులో... మూడు కప్పులను... పెడుతుంది"" (Every day... gives 3 cups...). So 3 cups is the daily total per chicken.
    - Total daily requirement = 20 * 3 = 60 cups.
    - Morning = 15 cups.
    - Noon = 25 cups.
    - Evening = Total - (Morning + Noon) = 60 - (15 + 25) = 60 - 4"
Gemma-4-26B,5,P5,"ప్రతిరోజూ, విండీ తన కోళ్లు ఆరోగ్యవంతంగా ఉండేందుకు సాయపడటానికి గింజలు, మీల్‌వార్మ్‌లు మరియు కూరగాయలు ఉండే మిక్సిడ్ చికెన్ ఫీడ్ యొక్క మూడు కప్పులను తన ప్రతి కోడికి పెడుతుంది. ఆమె కోళ్లకు మూడుసార్లు విడి మేతగా ఈ ఫీడ్‌ని ఇస్తుంది. ఉదయం పూట, ఆమె తన కోళ్ల మందకు 15 కప్పుల ఫీడ్‌ని ఇస్తుంది. మధ్యాహ్నం ఆమె తన కోళ్లకు మరో 25 కప్పుల ఫీడ్‌ని ఇస్తుంది. విండీ మందలో 20 కోళ్లు ఉన్నట్లయితే రోజులో చివరి మేతలో ఆమె కోళ్లకు ఎన్ని కప్పుల ఫీడ్‌ని ఇవ్వాల్సి ఉంటుంది?","Carefully solve the following mathematical problem. Provide a step-by-step solution and conclude with the final answer.

Problem:
ప్రతిరోజూ, విండీ తన కోళ్లు ఆరోగ్యవంతంగా ఉండేందుకు సాయపడటానికి గింజలు, మీల్‌వార్మ్‌లు మరియు కూరగాయలు ఉండే మిక్సిడ్ చికెన్ ఫీడ్ యొక్క మూడు కప్పులను తన ప్రతి కోడికి పెడుతుంది. ఆమె కోళ్లకు మూడుసార్లు విడి మేతగా ఈ ఫీడ్‌ని ఇస్తుంది. ఉదయం పూట, ఆమె తన కోళ్ల మందకు 15 కప్పుల ఫీడ్‌ని ఇస్తుంది. మధ్యాహ్నం ఆమె తన కోళ్లకు మరో 25 కప్పుల ఫీడ్‌ని ఇస్తుంది. విండీ మందలో 20 కోళ్లు ఉన్నట్లయితే రోజులో చివరి మేతలో ఆమె కోళ్లకు ఎన్ని కప్పుల ఫీడ్‌ని ఇవ్వాల్సి ఉంటుంది?","*   Each chicken gets 3 cups of mixed chicken feed (grains, mealworms, vegetables) per day.
    *   She feeds them three times a day.
    *   Morning feeding: 15 cups (total for the whole flock).
    *   Afternoon feeding: 25 cups (total for the whole flock).
    *   Total chickens in the flock: 20 chickens.
    *   Goal: Find the amount of feed (in cups) she needs to give in the *final* feeding of the day.

    *   Number of chickens (N) = 20.
    *   Feed per chicken per day (f) = 3 cups.
    *   Feeding times per day (t) = 3 times.

    *   Total feed per chicken per day = 3 cups.
    *   Wait, let's re-read: ""three cups of mixed chicken feed... per day to each chicken.""
    *   Wait, let's re-read carefully: ""three cups of mixed chicken feed... to each of her chickens. She feeds this feed to her chickens three times a day.""
    *   Okay, so *each* chicken gets 3 cups total per day.
    *   Total feed for the flock per day = (Number of chickens) × (Feed per chicken per day).
    *   Total feed for the flock per day = 20 chickens × 3 cups/chicken = 60 cups.

    *   Total daily feed needed = 60 cups.
    *   Morning feed (given) = 15 cups.
    *   Afternoon feed (given) = 25 cups.
    *   Total feed given so far = Morning feed + Afternoon feed = 15 + 25 = 40 cups.

    *   Final feeding = Total daily feed - Feed given so far.
    *   Final feeding = 60 cups - 40 cups = 20 cups.

    *   ""ప్రతిరోజూ, విండీ తన కోళ్లు ఆరోగ్యవంతంగా ఉండేందుకు సాయపడటానికి గింజలు, మీల్‌వార్మ్‌లు మరియు కూరగాయలు ఉండే మిక్సిడ్ చికెన్ ఫీడ్ యొక్క మూడు కప్పులను తన ప్రతి కోడికి పెడుతుంది."" (Every day, to help her chickens stay healthy, she gives three cups of mixed chicken feed... to each of her chickens.) -> 3 cups/chicken/day.
    *   ""ఆమె కోళ్లకు మూడుసార్లు విడి మేతగా ఈ ఫీడ్‌ని ఇస్తుంది."" (She feeds this feed to her chickens three times a day.) -> 3 feedings per day.
    *   ""ఉదయం పూట, ఆమె తన కోళ్ల మందకు 15 కప్పుల ఫీడ్‌ని ఇస్తుంది."" (In the morning, she gives 15 cups of feed to her flock.) -> Morning = 15 cups.
    *   ""మధ్యాహ్నం ఆమె తన కోళ్లకు మరో 25 కప్పుల ఫీడ్‌ని ఇస్తుంది."" (In the afternoon, she gives another 25 cups of feed to her chickens.) -> Afternoon = 25 cups.
    *   ""విండీ మందలో 20 కోళ్లు ఉన్నట్లయితే రోజులో చివరి మేతలో ఆమె కోళ్లకు ఎన్ని కప్పుల ఫీడ్‌ని ఇవ్వాల్సి ఉంటుంది?"" (If Windy has 20 chickens in her flock, how many cups of feed must she give her chickens in the final feeding of the day?)

    *   Total feed needed = 20 chickens * 3 cups/chicken = 60 cups.
    *   Morning = 15 cups.
    *   Afternoon = 25 cups.
    *   Total so far = 15 + 25 = 40 cups.
    *   Remaining (Final feeding) = 60 - 40 = 20 cups.

    *   If each chicken gets 3 cups *per feeding* (instead of 3 cups *per day*):
        *   Total feed per chicken per day = 3 * 3 = 9 cups.
        *   Total flock feed per day = 20 * 9 = 180 cups.
        *   Morning = 15, Afternoon = 25.
        *   Total so far = 40.
        *   Final = 180 - 40 = 140.
        *   Wait, the text says ""three cups... to each of her chickens... She feeds this feed... three times a day."" This phrasing is a bit ambiguous. Does ""three cups"" mean total per day or per feeding?
        *   Re-reading: ""...three cups... to each of her chickens. She feeds this feed... three times a day."" This usually implies the total daily amount is 3 cups, and this amount is divided into 3 feedings.
        *   Let's look at the phrasing again: ""three cups... to each of her chickens"" (ప్రతి కోడికి మూడు కప్పులను). This sounds like the total daily amount.
        *   Let's check the grammar: ""three cups of mixed chicken feed... to each of her chickens. She feeds this feed to her chickens three times a day.""
        *   If it were 3 cups per feeding, it would likely say ""three cups each time she feeds them"".
        *   Let's re-evaluate the total: Total feed needed for 20 chickens = 20 * 3 = 60 cups.
        *   Morning = 15, Afternoon = 25.
        *   Total given = 15 + 25 = 40.
        *   Remaining = 60 - 40 = 20.

    *   Let's check if 15 and 25 make sense if each chicken gets 3 cups *per feeding*.
        *   If 3 cups/feeding, then total = 180.
        *   Morning = 15. 15/20 = 0.75 cups per chicken.
        *   Afternoon = 25. 25/20 = 1.25 cups per chicken.
        *   Total so far = 0.75 + 1.25 = 2.0 cups per chicken.
        *   If total per day is 3 cups per chicken, then 3 - 2 = 1 cup per chicken left for the third feeding.
        *   Total for 20 chickens = 20 * 1 = 20 cups.
        *   This confirms the result (20 cups) regardless of whether we think in terms of ""per chicken"" or ""total flock"" as long as we are consistent.

    *   Let's double-check the wording again to be absolutely sure.
        ""విండీ తన కోళ్లు ఆరోగ్యవంతంగా ఉండేందుకు... మూడు కప్పులను తన ప్రతి కోడికి పెడుతుంది."" (Windy gives",,Qwen3.5-27B,0.0,False,"The candidate solution is completely empty. There is no reasoning, calculation, or final answer provided to evaluate. Therefore, it cannot be considered mathematically correct.","{
  ""score"": 0.0,
  ""correct"": false,
  ""reason"": ""The candidate solution is completely empty. There is no reasoning, calculation, or final answer provided to evaluate. Therefore, it cannot be considered mathematically correct.""
}","The user wants me to evaluate a mathematical solution provided by an AI candidate.

**1. Analyze the Input:**
- **Question:** A word problem in Telugu about feeding chickens.
- **Candidate Solution:** The candidate solution section is empty (`<<< >>>`).

**2. Solve the Problem Independently:**
- **Given:**
    - Each chicken needs 3 cups of feed per day.
    - Feed is given 3 times a day (morning, noon, evening).
    - Morning feed: 15 cups total.
    - Noon feed: 25 cups total.
    - Number of chickens: 20.
- **Goal:** Find out how many cups of feed are needed for the last meal (evening).

- **Calculation:**
    - Total daily feed required = Number of chickens * Feed per chicken per day
    - Total daily feed = 20 chickens * 3 cups/chicken = 60 cups.
    - Total feed given so far = Morning feed + Noon feed
    - Total feed given = 15 cups + 25 cups = 40 cups.
    - Feed needed for the last meal = Total daily feed - Total feed given
    - Feed needed = 60 cups - 40 cups = 20 cups.

- **Alternative Interpretation Check:**
    - ""మూడు కప్పులను తన ప్రతి కోడికి పెడుతుంది"" (She gives 3 cups to each of her chickens).
    - ""ఆమె కోళ్లకు మూడుసార్లు విడి మేతగా ఈ ఫీడ్‌ని ఇస్తుంది"" (She gives this feed to her chickens as separate meals three times).
    - Does ""3 cups"" mean total per day or per meal? The text says ""రోజులో... మూడు కప్పులను... పెడుతుంది"" (Every day... gives 3 cups...). So 3 cups is the daily total per chicken.
    - Total daily requirement = 20 * 3 = 60 cups.
    - Morning = 15 cups.
    - Noon = 25 cups.
    - Evening = Total - (Morning + Noon) = 60 - (15 + 25) = 60 - 4"
Gemma-4-26B,6,P1,"కైలర్ తన కొత్త అపార్ట్‌మెంట్ కొరకు గ్లాసులను కొనుగోలు చేయడానికి స్టోరుకు వెళ్లాడు. ఒక గ్లాసు ఖరీదు $5, కానీ ప్రతి రెండో గ్లాసు ఖరీదు ధరలో కేవలం 60% మాత్రమే. కైలర్ 16 గ్లాసులను కొనుగోలు చేయాలని కోరుకుంటున్నాడు. అతడు వాటి కొరకు ఎంత చెల్లించాల్సి ఉంటుంది?","Solve the following math problem step by step. Show your reasoning clearly and provide the final answer.

Problem:
కైలర్ తన కొత్త అపార్ట్‌మెంట్ కొరకు గ్లాసులను కొనుగోలు చేయడానికి స్టోరుకు వెళ్లాడు. ఒక గ్లాసు ఖరీదు $5, కానీ ప్రతి రెండో గ్లాసు ఖరీదు ధరలో కేవలం 60% మాత్రమే. కైలర్ 16 గ్లాసులను కొనుగోలు చేయాలని కోరుకుంటున్నాడు. అతడు వాటి కొరకు ఎంత చెల్లించాల్సి ఉంటుంది?","*   Item: Glasses.
    *   Cost of the 1st glass: $5.
    *   Cost of every second glass (2nd, 4th, 6th, etc.): 60% of the original price.
    *   Total glasses to buy: 16.
    *   Goal: Find the total cost.

    *   Original price = $5.
    *   Discounted price = 60% of $5 = $5 * 0.60 = $3.

    *   Total glasses = 16.
    *   Since every *second* glass is discounted, let's group them into pairs.
    *   Each pair consists of:
        *   1st glass (full price): $5
        *   2nd glass (discounted price): $3
    *   Number of pairs = 16 glasses / 2 glasses per pair = 8 pairs.

    *   Cost per pair = $5 + $3 = $8.
    *   Total cost for 8 pairs = 8 pairs * $8/pair = $64.

    *   Total glasses = 16.
    *   Full-price glasses (1st, 3rd, 5th, 7th, 9th, 11th, 13th, 15th): 8 glasses.
    *   Discounted glasses (2nd, 4th, 6th, 8th, 10th, 12th, 14th, 16th): 8 glasses.
    *   Cost of full-price glasses = 8 * $5 = $40.
    *   Cost of discounted glasses = 8 * $3 = $24.
    *   Total cost = $40 + $24 = $64.

    *   The problem is in Telugu. The answer should probably be provided in Telugu or English. I will provide the reasoning in a clear step-by-step way, potentially in English or both to ensure clarity.

    *   *Step 1: Find the price of the first glass.*
        Price = $5.

    *   *Step 2: Find the price of the second glass.*
        Price = 60% of $5 = 0.60 * 5 = $3.

    *   *Step 3: Determine the number of full-price and discounted glasses.*
        Total glasses = 16.
        Full-price glasses (1st, 3rd, ...) = 8.
        Discounted glasses (2nd, 4th, ...) = 8.

    *   *Step 4: Calculate total cost.*
        Total = (8 * 5) + (8 * 3) = 40 + 24 = 64.

    *   ""ఒక గ్లాసు ఖరీదు $5"" (One glass cost $5)
    *   ""ప్రతి రెండో గ్లాసు ఖరీదు ధరలో కేవలం 60% మాత్రమే"" (Every second glass cost is only 60% of the price)
    *   ""16 గ్లాసులను"" (16 glasses)
    *   ""అతడు వాటి కొరకు ఎంత చెల్లించాల్సి ఉంటుంది?"" (How much will he have to pay for them?)

    *   1st glass = $5
    *   2nd glass = $5 * 0.6 = $3
    *   3rd glass = $5
    *   4th glass = $3
    *   ... and so on.
    *   This pattern repeats 8 times.
    *   Total = 8 * (5 + 3) = 8 * 8 = 64.

    *   State the cost of a regular glass.
    *   State the cost of a discounted glass.
    *   Calculate the number of each type of glass in a set of 16.
    *   Sum the costs.

    (Self-Correction/Refinement): Ensure the Telugu translation/explanation matches the logic.
    *   మొదటి గ్లాసు ధర = $5
    *   రెండవ గ్లాసు ధర = $5లో 60% = $5 × 0.6 = $3
    *   మొత్తం గ్లాసులు = 16
    *   అంటే, 8 గ్లాసులు పూర్తి ధరకి, 8 గ్లాసులు తక్కువ ధరకి ఉంటాయి.
    *   మొత్తం ఖర్చు = (8 × 5) + (8 × 3) = 40 + 24 = 64.","To find the total cost Kyler has to pay for 16 glasses, we can follow these steps:

**1. Determine the price of a regular glass:**
*   The cost of the first glass is **$5**.

**2. Determine the price of the second (discounted) glass:**
*   The problem states that every second glass is 60% of the original price.
*   Price of the second glass = 60% of $5
*   Price = $5 \times \frac{60}{100} = 5 \times 0.6 = \mathbf{\$3}$

**3. Group the glasses into pairs:**
*   Since the pattern is: 1st glass (full price), 2nd glass (discounted), 3rd glass (full price), 4th glass (discounted), and so on...
*   Kyler is buying **16 glasses**.
*   We can group these into pairs of two.
*   Number of pairs = $16 \div 2 = \mathbf{8 \text{ pairs}}$

**4. Calculate the cost of one pair:**
*   Cost of one pair (1 full price glass + 1 discounted glass) = $\$5 + \$3 = \mathbf{\$8}$

**5. Calculate the total cost for 8 pairs:**
*   Total cost = $8 \text{ pairs} \times \$8 \text{ per pair} = \mathbf{\$64}$

**Alternative Calculation Method:**
*   Number of full-price glasses (1st, 3rd, 5th, ..., 15th) = 8 glasses
*   Number of discounted glasses (2nd, 4th, 6th, ..., 16th) = 8 glasses
*   Cost of full-price glasses = $8 \times \$5 = \$40$
*   Cost of discounted glasses = $8 \times \$3 = \$24$
*   Total cost = $\$40 + \$24 = \$64$

**Final Answer:**
కైలర్ మొత్తం **$64** చెల్లించాల్సి ఉంటుంది. (Kyler will have to pay a total of **$64**.)",Qwen3.5-27B,1.0,True,"The candidate solution correctly interprets the pricing structure ($5 for the first, 60% of $5 = $3 for the second). It correctly identifies that 16 glasses form 8 pairs of (full price + discounted price). The calculation of the cost per pair ($5 + $3 = $8) and the total cost (8 pairs * $8 = $64) is mathematically accurate. The alternative method provided also confirms the result.","{
  ""score"": 1.0,
  ""correct"": true,
  ""reason"": ""The candidate solution correctly interprets the pricing structure ($5 for the first, 60% of $5 = $3 for the second). It correctly identifies that 16 glasses form 8 pairs of (full price + discounted price). The calculation of the cost per pair ($5 + $3 = $8) and the total cost (8 pairs * $8 = $64) is mathematically accurate. The alternative method provided also confirms the result.""
}
</think>

{
  ""score"": 1.0,
  ""correct"": true,
  ""reason"": ""The candidate solution correctly interprets the pricing structure ($5 for the first, 60% of $5 = $3 for the second). It correctly identifies that 16 glasses form 8 pairs of (full price + discounted price). The calculation of the cost per pair ($5 + $3 = $8) and the total cost (8 pairs * $8 = $64) is mathematically accurate. The alternative method provided also confirms the result.""
}","The user wants me to evaluate a mathematical solution provided by an AI candidate.

**1. Analyze the Question:**
*   **Context:** Kyler is buying glasses for his apartment.
*   **Price:** One glass costs $5.
*   **Discount:** Every second glass costs only 60% of the price.
*   **Quantity:** Kyler wants to buy 16 glasses.
*   **Goal:** Calculate the total cost.
*   **Language:** Telugu.

**2. Solve the Problem Independently:**
*   **Regular Price:** $5 per glass.
*   **Discounted Price:** 60% of $5 = $0.60 \times 5 = $3$.
*   **Pattern:** Buy 1 at $5, Buy 2 at $3, Buy 3 at $5, Buy 4 at $3, etc.
*   **Total Quantity:** 16 glasses.
*   **Grouping:** Since the discount applies to every second glass, we can group them into pairs (1 regular + 1 discounted).
*   **Number of Pairs:** $16 / 2 = 8$ pairs.
*   **Cost per Pair:** $5 + 3 = $8$.
*   **Total Cost:** $8 \text{ pairs} \times \$8/\text{pair} = \$64$.
*   **Alternative Check:**
    *   Odd numbered glasses (1, 3, ..., 15) are full price. There are 8 odd numbers between 1 and 16. Cost = $8 \times 5 = 40$.
    *   Even numbered glasses (2, 4, ..., 16) are discounted. There are 8 even numbers between 1 and 16. Cost = $8 \times 3 = 24$.
    *   Total = $40 + 24 = 64$.

**3. Evaluate the Candidate Solution:**
*   **Step 1:** Identifies regular price as $5. Correct.
*   **Step 2:** Calculates discounted price as 60% of $5 = $3. Correct.
*   **Step 3:** Groups 16 glasses into 8 pairs. Correct.
*   **"
Gemma-4-26B,6,P2,"కైలర్ తన కొత్త అపార్ట్‌మెంట్ కొరకు గ్లాసులను కొనుగోలు చేయడానికి స్టోరుకు వెళ్లాడు. ఒక గ్లాసు ఖరీదు $5, కానీ ప్రతి రెండో గ్లాసు ఖరీదు ధరలో కేవలం 60% మాత్రమే. కైలర్ 16 గ్లాసులను కొనుగోలు చేయాలని కోరుకుంటున్నాడు. అతడు వాటి కొరకు ఎంత చెల్లించాల్సి ఉంటుంది?","Please solve the following math problem carefully. Explain your solution step by step and clearly state the final answer.

Problem:
కైలర్ తన కొత్త అపార్ట్‌మెంట్ కొరకు గ్లాసులను కొనుగోలు చేయడానికి స్టోరుకు వెళ్లాడు. ఒక గ్లాసు ఖరీదు $5, కానీ ప్రతి రెండో గ్లాసు ఖరీదు ధరలో కేవలం 60% మాత్రమే. కైలర్ 16 గ్లాసులను కొనుగోలు చేయాలని కోరుకుంటున్నాడు. అతడు వాటి కొరకు ఎంత చెల్లించాల్సి ఉంటుంది?","*   Item: Glasses.
    *   Cost of the 1st glass: $5.
    *   Cost of every 2nd glass: 60% of the original price.
    *   Quantity to buy: 16 glasses.
    *   Goal: Calculate the total cost for 16 glasses.

    *   Original price ($P$) = $5.
    *   Discounted price ($D$) = 60% of $5 = 0.60 \times 5$.
    *   $D = 3$.

    *   The problem states ""ప్రతి రెండో గ్లాసు ఖరీదు ధరలో కేవలం 60% మాత్రమే"" (the cost of every second glass is only 60% of the price).
    *   This means glasses are sold in pairs.
    *   Glass 1: $5 (Full price)
    *   Glass 2: $3 (60% of $5)
    *   Glass 3: $5 (Full price)
    *   Glass 4: $3 (60% of $5)
    *   ...and so on.

    *   Total number of glasses = 16.
    *   Since they come in pairs (one full price, one discounted), the number of pairs is $16 / 2 = 8$.

    *   Cost of one pair = Cost of 1st glass + Cost of 2nd glass.
    *   Cost of one pair = $5 + $3 = $8.

    *   Total Cost = Number of pairs $\times$ Cost per pair.
    *   Total Cost = $8 \times 8 = 64$.

    *   16 glasses.
    *   First 8 glasses are full price: $8 \times 5 = 40$.
    *   Next 8 glasses are discounted: $8 \times 3 = 24$.
    *   Total = $40 + 24 = 64$.

    *   Translate the logic back into the required format (Telugu/English explanation).
    *   State the final answer clearly.

    *   Cost of 1st glass = $5.
    *   Cost of 2nd glass = 60% of $5 = 0.60 \times 5 = $3.
    *   Cost of a pair (2 glasses) = $5 + $3 = $8.
    *   Total glasses = 16.
    *   Number of pairs = 16 / 2 = 8.
    *   Total cost = 8 pairs $\times$ $8 per pair = $64.

    *   ""కైలర్ 16 గ్లాసులను కొనుగోలు చేయాలని కోరుకుంటున్నాడు."" (Kyler wants to buy 16 glasses.)
    *   ""అతడు వాటి కొరకు ఎంత చెల్లించాల్సి ఉంటుంది?"" (How much will he have to pay for them?)
    *   Everything seems correct.","ఈ సమస్యను పరిష్కరించడానికి దశలవారీగా వివరణ ఇక్కడ ఉంది:

**1. ఒక గ్లాసు ధర మరియు రెండవ గ్లాసు ధరను లెక్కించడం:**
*   మొదటి గ్లాసు ధర = $5
*   ప్రతి రెండో గ్లాసు ధర, అసలు ధరలో 60% మాత్రమే.
*   రెండవ గ్లాసు ధర = $5లో 60% = $5 \times \frac{60}{100} = 5 \times 0.6 = \$3$

**2. రెండు గ్లాసుల జంట ధరను (Cost of a pair) లెక్కించడం:**
ప్రతి రెండు గ్లాసుల జంటకు ఒక గ్లాసు పూర్తి ధరలోనూ, రెండవ గ్లాసు తక్కువ ధరలోనూ లభిస్తుంది.
*   రెండు గ్లాసుల జంట ధర = (మొదటి గ్లాసు ధర) + (రెండవ గ్లాసు ధర)
*   రెండు గ్లాసుల జంట ధర = $5 + $3 = $8

**3. మొత్తం 16 గ్లాసుల ధరను లెక్కించడం:**
కైలర్ మొత్తం 16 గ్లాసులను కొనాలనుకుంటున్నాడు.
*   మొత్తం గ్లాసుల సంఖ్య = 16
*   అందువల్ల, ఎన్ని జంటలు (pairs) ఉంటాయి? = $16 \div 2 = 8$ జంటలు.
*   మొత్తం ఖర్చు = జంటల సంఖ్య $\times$ ఒక జంట ధర
*   మొత్తం ఖర్చు = $8 \times \$8 = \$64$

**ప్రత్యామ్నాయ పద్ధతి:**
*   మొత్తం 16 గ్లాసులలో, 8 గ్లాసుల ధర పూర్తి స్థాయిలో ($5 చొప్పున) ఉంటుంది: $8 \times 5 = \$40$
*   మిగిలిన 8 గ్లాసుల ధర తక్కువ స్థాయిలో ($3 చొప్పున) ఉంటుంది: $8 \times 3 = \$24$
*   మొత్తం ధర = $40 + $24 = $64

**సమాధానం:**
కైలర్ 16 గ్లాసుల కోసం మొత్తం **$64** చెల్లించాల్సి ఉంటుంది.",Qwen3.5-27B,1.0,True,"The candidate solution correctly calculates the discounted price ($3), determines the cost per pair ($8), and multiplies by the number of pairs (8) to arrive at the correct total cost of $64. The alternative method provided also confirms the result accurately.","{
  ""score"": 1.0,
  ""correct"": true,
  ""reason"": ""The candidate solution correctly calculates the discounted price ($3), determines the cost per pair ($8), and multiplies by the number of pairs (8) to arrive at the correct total cost of $64. The alternative method provided also confirms the result accurately.""
}","The user wants me to evaluate a mathematical solution provided in Telugu.

**1. Analyze the Question:**
*   **Context:** Kailer is buying glasses for his apartment.
*   **Price:** One glass costs $5.
*   **Discount:** Every second glass costs only 60% of the price.
*   **Quantity:** Kailer wants to buy 16 glasses.
*   **Goal:** Calculate the total cost.

**2. Solve the Problem Independently:**
*   **Regular Price:** $5 per glass.
*   **Discounted Price:** 60% of $5 = $5 * 0.60 = $3.
*   **Pattern:** Buy 1 at $5, Buy 2nd at $3. This repeats every 2 glasses.
*   **Total Glasses:** 16.
*   **Number of Pairs:** 16 / 2 = 8 pairs.
*   **Cost per Pair:** $5 + $3 = $8.
*   **Total Cost:** 8 pairs * $8/pair = $64.
*   **Alternative Calculation:**
    *   Full price glasses: 16 / 2 = 8 glasses. Cost = 8 * $5 = $40.
    *   Discounted glasses: 16 / 2 = 8 glasses. Cost = 8 * $3 = $24.
    *   Total = $40 + $24 = $64.

**3. Evaluate the Candidate Solution:**
*   **Step 1:** Calculates the price of the second glass.
    *   $5 * 60% = $3. Correct.
*   **Step 2:** Calculates the cost of a pair.
    *   $5 + $3 = $8. Correct.
*   **Step 3:** Calculates the total cost for 16 glasses.
    *   Number of pairs = 16 / 2 = 8. Correct.
    *   Total cost = 8 * $8 = $64. Correct.
*   **Alternative Method:**
    *   8 glasses at $5 = $40.
    *   8 glasses at $3 = $24.
    *  "
Gemma-4-26B,6,P3,"కైలర్ తన కొత్త అపార్ట్‌మెంట్ కొరకు గ్లాసులను కొనుగోలు చేయడానికి స్టోరుకు వెళ్లాడు. ఒక గ్లాసు ఖరీదు $5, కానీ ప్రతి రెండో గ్లాసు ఖరీదు ధరలో కేవలం 60% మాత్రమే. కైలర్ 16 గ్లాసులను కొనుగోలు చేయాలని కోరుకుంటున్నాడు. అతడు వాటి కొరకు ఎంత చెల్లించాల్సి ఉంటుంది?","Work through the following math problem step by step. Show how you arrive at the answer and give the final result.

Problem:
కైలర్ తన కొత్త అపార్ట్‌మెంట్ కొరకు గ్లాసులను కొనుగోలు చేయడానికి స్టోరుకు వెళ్లాడు. ఒక గ్లాసు ఖరీదు $5, కానీ ప్రతి రెండో గ్లాసు ఖరీదు ధరలో కేవలం 60% మాత్రమే. కైలర్ 16 గ్లాసులను కొనుగోలు చేయాలని కోరుకుంటున్నాడు. అతడు వాటి కొరకు ఎంత చెల్లించాల్సి ఉంటుంది?","*   Item: Glasses.
    *   Cost of the first glass: $5.
    *   Cost of every second glass (the 2nd, 4th, 6th, etc.): 60% of the price of the first glass.
    *   Total number of glasses to buy: 16.
    *   Goal: Find the total cost.

    *   Price of 1st glass = $5.
    *   Price of 2nd glass = 60% of $5.
    *   60% of 5 = $0.60 * 5 = $3.00.

    *   Total glasses = 16.
    *   The glasses are sold in pairs (1st & 2nd, 3rd & 4th, ...).
    *   Number of pairs = 16 / 2 = 8 pairs.

    *   In each pair:
        *   Glass 1 (Odd-numbered): $5.00
        *   Glass 2 (Even-numbered): $3.00
    *   Cost of one pair = $5.00 + $3.00 = $8.00.

    *   Total cost = (Number of pairs) × (Cost of one pair)
    *   Total cost = 8 × $8.00 = $64.00.

    *   Odd glasses (1, 3, 5, 7, 9, 11, 13, 15): 8 glasses at $5 each = 8 * 5 = $40.
    *   Even glasses (2, 4, 6, 8, 10, 12, 14, 16): 8 glasses at $3 each = 8 * 3 = $24.
    *   Total = $40 + $24 = $64.

    *   Translate/Present the steps clearly in Telugu (as the prompt was in Telugu) or English. Usually, it's best to follow the language of the problem or provide a clear step-by-step breakdown. I will provide the steps clearly.

    *   Step 1: Price of the 1st glass = $5.
    *   Step 2: Price of the 2nd glass = 60% of $5 = 0.60 * 5 = $3.
    *   Step 3: Total glasses = 16.
    *   Step 4: Group into pairs. Each pair has 1st glass ($5) and 2nd glass ($3).
    *   Step 5: Cost of one pair = $5 + $3 = $8.
    *   Step 6: Total pairs = 16 / 2 = 8.
    *   Step 7: Total cost = 8 * $8 = $64.

    *   ""ఒక గ్లాసు ఖరీదు $5"" (One glass cost $5) - Correct.
    *   ""ప్రతి రెండో గ్లాసు ఖరీదు ధరలో కేవలం 60% మాత్రమే"" (Every second glass is only 60% of the price) - Correct.
    *   ""కైలర్ 16 గ్లాసులను కొనుగోలు చేయాలని కోరుకుంటున్నాడు"" (Kyler wants to buy 16 glasses) - Correct.

    *   1st glass: $5
    *   2nd glass: $3
    *   3rd glass: $5
    *   4th glass: $3
    *   ...
    *   Pattern: 8 glasses at $5, 8 glasses at $3.
    *   8 * 5 = 40
    *   8 * 3 = 24
    *   40 + 24 = 64.

    (Self-Correction: Does ""every second glass"" mean every 2nd glass in the total sequence or every 2nd glass *of the previous one*? The phrasing ""ప్రతి రెండో గ్లాసు ఖరీదు ధరలో కేవలం 60% మాత్రమే"" usually implies the 2nd, 4th, 6th etc. in a sequence of pairs. If it meant 60% of the *previous* glass's price, it would be a geometric progression, but the phrasing ""60% of the price"" (referring back to the $5) implies a fixed discount for the even-numbered items.)

    Let's re-read: ""ఒక గ్లాసు ఖరీదు $5, కానీ ప్రతి రెండో గ్లాసు ఖరీదు ధరలో కేవలం 60% మాత్రమే.""
    This means:
    Glass 1: $5
    Glass 2: 60% of $5 = $3
    Glass 3: $5
    Glass 4: $3
    ... and so on.

    Total = 8 * ($5 + $3) = $64.","To find the total cost for Kyler's glasses, we can break the problem down into steps:

**1. Determine the cost of the first glass:**
The problem states that the cost of one glass is **$5**.

**2. Determine the cost of the second glass:**
The problem states that every second glass costs only 60% of the original price.
$$\text{Cost of the 2nd glass} = 60\% \text{ of } \$5$$
$$\text{Cost of the 2nd glass} = 0.60 \times 5 = \$3$$

**3. Calculate the cost of a pair of glasses:**
Since the glasses are sold such that every second glass is discounted, we can group them into pairs (one full-priced glass and one discounted glass).
$$\text{Cost of one pair} = \text{Cost of 1st glass} + \text{Cost of 2nd glass}$$
$$\text{Cost of one pair} = \$5 + \$3 = \$8$$

**4. Determine the number of pairs in 16 glasses:**
Kyler wants to buy 16 glasses in total.
$$\text{Number of pairs} = \frac{16}{2} = 8 \text{ pairs}$$

**5. Calculate the total cost:**
Now, multiply the number of pairs by the cost of one pair.
$$\text{Total Cost} = 8 \text{ pairs} \times \$8 \text{ per pair}$$
$$\text{Total Cost} = \$64$$

**Final Result:**
కైలర్ మొత్తం **$64** చెల్లించాల్సి ఉంటుంది. (Kyler will have to pay a total of **$64**.)",Qwen3.5-27B,1.0,True,"The candidate solution correctly interprets the pricing structure: the first glass is $5, and the second is 60% of $5 ($3). It correctly groups the 16 glasses into 8 pairs, calculates the cost per pair as $8, and multiplies to get the total cost of $64. All calculations and logical steps are mathematically valid.","{
  ""score"": 1.0,
  ""correct"": true,
  ""reason"": ""The candidate solution correctly interprets the pricing structure: the first glass is $5, and the second is 60% of $5 ($3). It correctly groups the 16 glasses into 8 pairs, calculates the cost per pair as $8, and multiplies to get the total cost of $64. All calculations and logical steps are mathematically valid.""
}","The user wants me to evaluate a mathematical solution provided by an AI candidate.

**1. Analyze the Question:**
- Language: Telugu.
- Problem: Kyler goes to a store to buy glasses for his new apartment.
- Price of one glass: $5.
- Discount rule: Every second glass costs only 60% of the price.
- Quantity: Kyler wants to buy 16 glasses.
- Question: How much does he have to pay?

**2. Solve the Problem Independently:**
- Regular price per glass = $5.
- Discounted price per glass (every 2nd one) = 60% of $5 = $0.60 * 5 = $3.
- Pattern: Buy 1 at $5, Buy 2 at $3, Buy 3 at $5, Buy 4 at $3, etc.
- This forms pairs of glasses.
- Cost per pair = $5 + $3 = $8.
- Total glasses = 16.
- Number of pairs = 16 / 2 = 8 pairs.
- Total cost = 8 pairs * $8/pair = $64.

**3. Evaluate the Candidate Solution:**
- **Step 1:** Identifies cost of first glass as $5. Correct.
- **Step 2:** Calculates cost of second glass as 60% of $5 = $3. Correct.
- **Step 3:** Calculates cost of a pair ($5 + $3 = $8). Correct.
- **Step 4:** Calculates number of pairs in 16 glasses (16 / 2 = 8). Correct.
- **Step 5:** Calculates total cost (8 * $8 = $64). Correct.
- **Final Answer:** $64. Correct.
- **Language:** The solution is in English, but the question was in Telugu. The prompt instructions say ""The candidate may be written in Telugu or another language. Evaluate the mathematics, not the language quality."" So the language difference is acceptable.
- **Reasoning:** The logic follows the standard interpretation of ""every second glass"" (Buy 1, Buy 2 discounted, Buy 3, Buy 4 discounted...). Since 16 is an even number, there are exactly"
Gemma-4-26B,6,P4,"కైలర్ తన కొత్త అపార్ట్‌మెంట్ కొరకు గ్లాసులను కొనుగోలు చేయడానికి స్టోరుకు వెళ్లాడు. ఒక గ్లాసు ఖరీదు $5, కానీ ప్రతి రెండో గ్లాసు ఖరీదు ధరలో కేవలం 60% మాత్రమే. కైలర్ 16 గ్లాసులను కొనుగోలు చేయాలని కోరుకుంటున్నాడు. అతడు వాటి కొరకు ఎంత చెల్లించాల్సి ఉంటుంది?","Find the solution to the following problem. Explain your reasoning and calculations before giving the final answer.

Problem:
కైలర్ తన కొత్త అపార్ట్‌మెంట్ కొరకు గ్లాసులను కొనుగోలు చేయడానికి స్టోరుకు వెళ్లాడు. ఒక గ్లాసు ఖరీదు $5, కానీ ప్రతి రెండో గ్లాసు ఖరీదు ధరలో కేవలం 60% మాత్రమే. కైలర్ 16 గ్లాసులను కొనుగోలు చేయాలని కోరుకుంటున్నాడు. అతడు వాటి కొరకు ఎంత చెల్లించాల్సి ఉంటుంది?","*   Item: Glasses.
    *   Price of the 1st glass: $5.
    *   Special Offer: Every second glass costs only 60% of the price of the first glass.
    *   Quantity to buy: 16 glasses.
    *   Goal: Find the total cost for 16 glasses.

    *   Price of the 1st glass ($P_1$) = $5.
    *   Price of the 2nd glass ($P_2$) = 60% of $5.
        *   Calculation: $0.60 \times 5 = 3$.
        *   So, $P_2 = \$3$.

    *   The pattern is: 1st glass at full price, 2nd glass at discounted price, 3rd glass at full price, 4th glass at discounted price, and so on.
    *   This means glasses are sold in pairs.
    *   In each pair:
        *   One glass is full price ($5).
        *   One glass is discounted price ($3).
        *   Total cost for one pair = $5 + $3 = $8.

    *   Total glasses = 16.
    *   Number of pairs = Total glasses / 2 = 16 / 2 = 8 pairs.
    *   Total cost = Number of pairs $\times$ Cost per pair.
    *   Total cost = 8 $\times$ $8 = $64.

    *   Full price glasses: 1st, 3rd, 5th, 7th, 9th, 11th, 13th, 15th (Total 8 glasses).
        *   Cost = 8 $\times$ $5 = $40.
    *   Discounted price glasses: 2nd, 4th, 6th, 8th, 10th, 12th, 14th, 16th (Total 8 glasses).
        *   Cost = 8 $\times$ $3 = $24.
    *   Total cost = $40 + $24 = $64.

    *   The question is in Telugu. I should provide the reasoning and final answer in a way that matches the user's prompt style (or English if that's standard, but since the prompt is in Telugu, I'll provide the explanation clearly). Let's stick to English for the explanation as is common in math help, but I'll make sure the logic is crystal clear. Actually, providing it in English or Telugu is fine. Let's provide the explanation in English for clarity and then the final answer.

    *   *Step 1:* Find the price of the first glass: $5.
    *   *Step 2:* Find the price of the second glass: 60% of $5 = $3.
    *   *Step 3:* Group them into pairs: Each pair consists of one $5 glass and one $3 glass.
    *   *Step 4:* Cost of one pair = $5 + $3 = $8.
    *   *Step 5:* Since he wants 16 glasses, that's 8 pairs.
    *   *Step 6:* Total cost = 8 * $8 = $64.

    *   ""ప్రతి రెండో గ్లాసు ఖరీదు ధరలో కేవలం 60% మాత్రమే"" means ""Every second glass costs only 60% of the price.""
    *   Total 16 glasses.
    *   Pair cost = 5 + (0.6 * 5) = 5 + 3 = 8.
    *   Total = 8 * 8 = 64.

    *   State the price of the first glass.
    *   Calculate the price of the second glass.
    *   Explain the pairing logic.
    *   Calculate total cost.","To find the total cost for 16 glasses, we can break the problem down into steps by identifying the cost of a single pair of glasses.

**1. Determine the price of the first glass:**
The problem states that the price of one glass is **$5**.

**2. Determine the price of the second glass:**
The problem states that every second glass costs only 60% of the original price.
$$\text{Price of the 2nd glass} = 60\% \text{ of } \$5$$
$$\text{Price of the 2nd glass} = 0.60 \times 5 = \$3$$

**3. Calculate the cost of one pair of glasses:**
Since the discount applies to every ""second"" glass, the glasses are sold in pairs (one at full price and one at the discounted price).
$$\text{Cost of 1 pair} = \text{Price of 1st glass} + \text{Price of 2nd glass}$$
$$\text{Cost of 1 pair} = \$5 + \$3 = \$8$$

**4. Calculate the total cost for 16 glasses:**
Since there are 16 glasses in total, we need to find out how many pairs are in 16.
$$\text{Number of pairs} = \frac{16}{2} = 8 \text{ pairs}$$

Now, multiply the number of pairs by the cost per pair:
$$\text{Total Cost} = 8 \text{ pairs} \times \$8 \text{ per pair}$$
$$\text{Total Cost} = \$64$$

**Final Answer:**
కైలర్ మొత్తం **$64** చెల్లించాల్సి ఉంటుంది. (Kyler will have to pay a total of **$64**.)",Qwen3.5-27B,1.0,True,"The candidate solution correctly interprets the pricing structure: the first glass is $5, and the second is 60% of $5 ($3). It correctly calculates the cost per pair ($8) and multiplies by the number of pairs in 16 glasses (8 pairs), resulting in the correct total of $64. All calculations and logical steps are valid.","{
  ""score"": 1.0,
  ""correct"": true,
  ""reason"": ""The candidate solution correctly interprets the pricing structure: the first glass is $5, and the second is 60% of $5 ($3). It correctly calculates the cost per pair ($8) and multiplies by the number of pairs in 16 glasses (8 pairs), resulting in the correct total of $64. All calculations and logical steps are valid.""
}","The user wants me to evaluate a mathematical solution provided by an AI candidate.

**1. Analyze the Question:**
- Language: Telugu.
- Problem: Kyler goes to a store to buy glasses for his new apartment.
- Price of one glass: $5.
- Discount rule: Every second glass costs only 60% of the price.
- Quantity: 16 glasses.
- Goal: Calculate the total cost.

**2. Solve the Problem Independently:**
- Regular price per glass = $5.
- Discounted price per glass (every 2nd one) = 60% of $5 = $0.60 * 5 = $3.
- The pattern is: Glass 1 ($5), Glass 2 ($3), Glass 3 ($5), Glass 4 ($3), ...
- This forms pairs. Each pair consists of one full-price glass and one discounted glass.
- Cost per pair = $5 + $3 = $8.
- Total glasses needed = 16.
- Number of pairs = 16 / 2 = 8 pairs.
- Total cost = 8 pairs * $8/pair = $64.

**3. Evaluate the Candidate Solution:**
- **Step 1:** Identifies price of first glass as $5. Correct.
- **Step 2:** Calculates price of second glass as 60% of $5 = $3. Correct.
- **Step 3:** Calculates cost of one pair ($5 + $3 = $8). Correct.
- **Step 4:** Calculates number of pairs (16 / 2 = 8). Correct.
- **Step 5:** Calculates total cost (8 * $8 = $64). Correct.
- **Final Answer:** States $64. Correct.

**4. Check for Errors:**
- Logic is sound.
- Calculations are correct.
- Interpretation of ""every second glass"" implies a pattern of 1st full, 2nd discounted, 3rd full, 4th discounted, etc. This is the standard interpretation for such problems.
- The candidate solution explicitly breaks it down into pairs, which is a valid method.

**5. Conclusion:**
- The solution is mathematically correct.
- Score should"
Gemma-4-26B,6,P5,"కైలర్ తన కొత్త అపార్ట్‌మెంట్ కొరకు గ్లాసులను కొనుగోలు చేయడానికి స్టోరుకు వెళ్లాడు. ఒక గ్లాసు ఖరీదు $5, కానీ ప్రతి రెండో గ్లాసు ఖరీదు ధరలో కేవలం 60% మాత్రమే. కైలర్ 16 గ్లాసులను కొనుగోలు చేయాలని కోరుకుంటున్నాడు. అతడు వాటి కొరకు ఎంత చెల్లించాల్సి ఉంటుంది?","Carefully solve the following mathematical problem. Provide a step-by-step solution and conclude with the final answer.

Problem:
కైలర్ తన కొత్త అపార్ట్‌మెంట్ కొరకు గ్లాసులను కొనుగోలు చేయడానికి స్టోరుకు వెళ్లాడు. ఒక గ్లాసు ఖరీదు $5, కానీ ప్రతి రెండో గ్లాసు ఖరీదు ధరలో కేవలం 60% మాత్రమే. కైలర్ 16 గ్లాసులను కొనుగోలు చేయాలని కోరుకుంటున్నాడు. అతడు వాటి కొరకు ఎంత చెల్లించాల్సి ఉంటుంది?","*   Total number of glasses to buy: 16.
    *   Cost of the first glass: $5.
    *   Cost of every second glass: 60% of the price of the previous glass (wait, let's re-read carefully).
    *   Re-reading: ""ఒక గ్లాసు ఖరీదు $5, కానీ ప్రతి రెండో గ్లాసు ఖరీదు ధరలో కేవలం 60% మాత్రమే."" (A glass costs $5, but every second glass costs only 60% of the price.)
    *   Does ""every second glass"" mean:
        a) The 2nd, 4th, 6th, 8th, etc., glasses are discounted?
        b) Every second glass costs 60% of the *original* price ($5 * 0.60 = $3)?
        c) Every second glass costs 60% of the *previous* glass's price? (This would mean the 2nd is 60% of the 1st, the 3rd is 100% of the 2nd? Or the 3rd is 100% of the 1st? Or the 3rd is 60% of the 2nd?)

    Let's re-read the Telugu: ""ఒక గ్లాసు ఖరీదు $5, కానీ ప్రతి రెండో గ్లాసు ఖరీదు ధరలో కేవలం 60% మాత్రమే.""
    Translation: ""One glass costs $5, but every second glass's cost is only 60% of the price.""
    In English shopping contexts, this usually means the 2nd, 4th, 6th, etc., items are discounted.
    Let's check the wording ""ప్రతి రెండో గ్లాసు"" (every second glass). This implies a pattern:
    Glass 1: $5
    Glass 2: 60% of $5 = $3
    Glass 3: $5
    Glass 4: 60% of $5 = $3
    ...and so on.

    Let's double-check the interpretation.
    If it meant 60% of the *previous* glass, it would be:
    Glass 1: $5
    Glass 2: $3 (60% of 5)
    Glass 3: $5 (Wait, this doesn't make sense if it's a chain)
    If it were a geometric progression:
    Glass 1: $5
    Glass 2: $3
    Glass 3: $3 * 0.6 = $1.8
    Glass 4: $1.8 * 0.6 = $1.08
    This is unlikely for a standard retail problem.

    The most common interpretation for ""buy one, get the second at a discount"" is:
    Pair 1: Glass 1 ($5) + Glass 2 (60% of $5 = $3) = $8
    Pair 2: Glass 3 ($5) + Glass 4 (60% of $5 = $3) = $8
    ...and so on.

    Let's calculate the total for 16 glasses:
    Total glasses = 16.
    The glasses are bought in pairs.
    Number of pairs = 16 / 2 = 8.
    Cost of each pair = $5 + (0.60 * $5)
    Cost of each pair = $5 + $3 = $8.
    Total cost = 8 pairs * $8/pair = $64.

    *   Total glasses = 16
    *   Cost of 1st glass = $5
    *   Cost of 2nd glass = 60% of $5 = 0.60 * 5 = $3
    *   Pattern: The 1st, 3rd, 5th, ..., 15th glasses cost $5 each. The 2nd, 4th, 6th, ..., 16th glasses cost $3 each.
    *   Number of $5 glasses = 16 / 2 = 8.
    *   Number of $3 glasses = 16 / 2 = 8.
    *   Total cost = (8 * $5) + (8 * $3) = $40 + $24 = $64.

    *   Total glasses: 16.
    *   Price of 1st glass: $5.
    *   Price of 2nd glass: 60% of $5 = $3.
    *   Total for 2 glasses: $5 + $3 = $8.
    *   Total for 16 glasses: 8 * $8 = $64.

    *   ""కైలర్ తన కొత్త అపార్ట్‌మెంట్ కొరకు గ్లాసులను కొనుగోలు చేయడానికి స్టోరుకు వెళ్లాడు."" (Kyler went to the store to buy glasses for his new apartment.)
    *   ""ఒక గ్లాసు ఖరీదు $5,"" (One glass costs $5,)
    *   ""కానీ ప్రతి రెండో గ్లాసు ఖరీదు ధరలో కేవలం 60% మాత్రమే."" (but every second glass costs only 60% of the price.)
    *   ""కైలర్ 16 గ్లాసులను కొనుగోలు చేయాలని కోరుకుంటున్నాడు."" (Kyler wants to buy 16 glasses.)
    *   ""అతడు వాటి కొరకు ఎంత చెల్లించాల్సి ఉంటుంది?"" (How much will he have to pay for them?)

    *   Step 1: Determine the cost of the first glass.
        Cost of 1st glass = $5.
    *   Step 2: Determine the cost of the second glass.
        Cost of 2nd glass = 60% of $5 = 0.60 * 5 = $3.
    *   Step 3: Determine the cost of a pair of glasses.
        Cost of 2 glasses = $5 + $3 = $8.
    *   Step 4: Calculate total cost for 16 glasses.
        Total glasses = 16.
        Number of pairs = 16 / 2 = 8.
        Total cost = 8 * $8 = $64.

    *   Is there any ambiguity in ""ప్రతి రెండో గ్లాసు ఖరీదు ధరలో కేవలం 60% మాత్రమే""?
        Could it mean the *total* cost is 60%? No, that doesn't make sense.
        Could it mean ""the second glass is 60% off""? (Meaning 40% of the price). No, ""60% of the price"" means $3.
        Could it mean ""the second glass costs 60% *less* than the first""? If so, the price would",,Qwen3.5-27B,0.0,False,"The candidate solution is completely empty. It provides no calculations, reasoning, or final answer to the mathematical problem.","{
  ""score"": 0.0,
  ""correct"": false,
  ""reason"": ""The candidate solution is completely empty. It provides no calculations, reasoning, or final answer to the mathematical problem.""
}","The user wants me to evaluate a mathematical solution provided by an AI candidate.

**1. Analyze the Input:**
- **Question:** A word problem in Telugu.
  - Translation: Kailer went to a store to buy glasses for his new apartment. One glass costs $5, but every second glass costs only 60% of the price. Kailer wants to buy 16 glasses. How much does he have to pay for them?
- **Candidate Solution:** The candidate solution is empty (`<<< >>>`).

**2. Solve the Problem Independently:**
- **Cost of one glass:** $5.
- **Discount rule:** Every second glass costs 60% of the price.
  - Price of a discounted glass = $5 * 0.60 = $3.
- **Pattern:**
  - 1st glass: $5
  - 2nd glass: $3
  - 3rd glass: $5
  - 4th glass: $3
  - ...
  - This is a repeating pattern of ($5, $3) for every pair of glasses.
- **Total glasses:** 16.
- **Number of pairs:** 16 / 2 = 8 pairs.
- **Cost per pair:** $5 + $3 = $8.
- **Total cost:** 8 pairs * $8/pair = $64.

**3. Evaluate the Candidate Solution:**
- The candidate solution provided is completely empty. There is no text, no calculation, no reasoning, and no answer.
- An empty solution cannot be mathematically correct. It fails to address the problem at all.

**4. Determine the Score:**
- Since there is no solution provided, it is mathematically incorrect (or rather, non-existent).
- Score: 0.0
- Correct: false
- Reason: The candidate solution is empty. It provides no reasoning or answer.

**5. Format the Output:**
- JSON object with `score`, `correct`, and `reason`.

**Wait, let me double check the input.**
The input says:
CANDIDATE SOLUTION:
<<<

>>>

There is literally nothing between the delimiters. It's an empty string.

Therefore, the evaluation must reflect that the solution is missing.

**"
Gemma-4-26B,7,P1,"టౌలస్ వద్ద చార్లెస్టన్ కంటే రెట్టింపు సంఖ్యలో గొర్రెలు ఉన్నాయి. చార్లెస్టన్ వద్ద సియాటెల్ కంటే 4 రెట్లు ఎక్కువగా గొర్రెలు ఉన్నాయి. సియాటెల్ వద్ద 20 గొర్రెలు ఉన్నట్లయితే టౌలస్, చార్లెస్టన్ మరియు సియాటెల్ వద్ద మొత్తం ఎన్ని గొర్రెలు ఉన్నాయి?","Solve the following math problem step by step. Show your reasoning clearly and provide the final answer.

Problem:
టౌలస్ వద్ద చార్లెస్టన్ కంటే రెట్టింపు సంఖ్యలో గొర్రెలు ఉన్నాయి. చార్లెస్టన్ వద్ద సియాటెల్ కంటే 4 రెట్లు ఎక్కువగా గొర్రెలు ఉన్నాయి. సియాటెల్ వద్ద 20 గొర్రెలు ఉన్నట్లయితే టౌలస్, చార్లెస్టన్ మరియు సియాటెల్ వద్ద మొత్తం ఎన్ని గొర్రెలు ఉన్నాయి?","*   The problem is in Telugu.
    *   ""టౌలస్ వద్ద చార్లెస్టన్ కంటే రెట్టింపు సంఖ్యలో గొర్రెలు ఉన్నాయి."" (Toulouse has twice as many sheep as Charleston.)
    *   ""చార్లెస్టన్ వద్ద సియాటెల్ కంటే 4 రెట్లు ఎక్కువగా గొర్రెలు ఉన్నాయి."" (Charleston has 4 times as many sheep as Seattle.)
    *   ""సియాటెల్ వద్ద 20 గొర్రెలు ఉన్నట్లయితే..."" (If Seattle has 20 sheep...)
    *   ""...టౌలస్, చార్లెస్టన్ మరియు సియాటెల్ వద్ద మొత్తం ఎన్ని గొర్రెలు ఉన్నాయి?"" (...how many sheep are there in total in Toulouse, Charleston, and Seattle?)

    *   Let $S$ = number of sheep in Seattle.
    *   Let $C$ = number of sheep in Charleston.
    *   Let $T$ = number of sheep in Toulouse.

    *   Seattle ($S$) = 20.
    *   Charleston ($C$) = 4 times Seattle ($S$). So, $C = 4 \times S$.
    *   Toulouse ($T$) = twice Charleston ($C$). So, $T = 2 \times C$.

    *   $S = 20$
    *   $C = 4 \times 20 = 80$
    *   $T = 2 \times 80 = 160$

    *   Total = $T + C + S$
    *   Total = $160 + 80 + 20$
    *   Total = $160 + 100 = 260$

    *   Step 1: Find Seattle's sheep (given as 20).
    *   Step 2: Find Charleston's sheep (4 * 20 = 80).
    *   Step 3: Find Toulouse's sheep (2 * 80 = 160).
    *   Step 4: Sum them up (160 + 80 + 20 = 260).

    *   Write the steps clearly in Telugu (or English, but since the question is in Telugu, a Telugu explanation or a clear English one is good. Usually, providing the answer in the same language as the question is best, but since I'm an AI, I will provide the reasoning clearly in English and then summarize). Let's stick to a clear logical flow.

    *   *Self-Correction/Double Check:*
        - Seattle = 20.
        - Charleston = 4 * 20 = 80.
        - Toulouse = 2 * 80 = 160.
        - Total = 20 + 80 + 160 = 260.
        - Check: Does Charleston (80) have 4 times Seattle (20)? Yes.
        - Check: Does Toulouse (160) have twice Charleston (80)? Yes.
        - All conditions met.","To solve this problem, we will determine the number of sheep in each location step by step.

**1. Identify the number of sheep in Seattle:**
According to the problem, Seattle has:
*   **Seattle = 20 sheep**

**2. Calculate the number of sheep in Charleston:**
The problem states that Charleston has 4 times as many sheep as Seattle.
*   Charleston = 4 × Seattle
*   Charleston = 4 × 20
*   **Charleston = 80 sheep**

**3. Calculate the number of sheep in Toulouse:**
The problem states that Toulouse has twice (double) the number of sheep as Charleston.
*   Toulouse = 2 × Charleston
*   Toulouse = 2 × 80
*   **Toulouse = 160 sheep**

**4. Calculate the total number of sheep:**
To find the total, we add the sheep from all three locations:
*   Total = Toulouse + Charleston + Seattle
*   Total = 160 + 80 + 20
*   Total = 260

**Final Answer:**
టౌలస్, చార్లెస్టన్ మరియు సియాటెల్ వద్ద మొత్తం **260** గొర్రెలు ఉన్నాయి. (There are a total of **260** sheep in Toulouse, Charleston, and Seattle.)",Qwen3.5-27B,1.0,True,The candidate correctly interpreted the relationships between the number of sheep in each location. Seattle = 20. Charleston = 4 * 20 = 80. Toulouse = 2 * 80 = 160. The total sum is calculated correctly as 160 + 80 + 20 = 260. The reasoning is logical and the arithmetic is accurate.,"{
  ""score"": 1.0,
  ""correct"": true,
  ""reason"": ""The candidate correctly interpreted the relationships between the number of sheep in each location. Seattle = 20. Charleston = 4 * 20 = 80. Toulouse = 2 * 80 = 160. The total sum is calculated correctly as 160 + 80 + 20 = 260. The reasoning is logical and the arithmetic is accurate.""
}","The user wants me to evaluate a mathematical solution provided by an AI candidate.

**1. Analyze the Question:**
The question is in Telugu.
Translation:
""Toulouse has twice the number of sheep as Charleston. Charleston has 4 times more sheep than Seattle. If there are 20 sheep in Seattle, how many sheep are there in total in Toulouse, Charleston, and Seattle?""

Let's break down the relationships:
- Seattle ($S$) = 20
- Charleston ($C$) = 4 times Seattle ($4 \times S$)
- Toulouse ($T$) = 2 times Charleston ($2 \times C$)
- Total = $T + C + S$

**2. Solve the Problem Independently:**
- $S = 20$
- $C = 4 \times 20 = 80$
- $T = 2 \times 80 = 160$
- Total = $160 + 80 + 20$
- Total = $240 + 20 = 260$

**3. Evaluate the Candidate Solution:**
- **Step 1:** Identifies Seattle = 20. (Correct)
- **Step 2:** Calculates Charleston = 4 * 20 = 80. (Correct interpretation of ""4 రెట్లు ఎక్కువగా"" which usually means 4 times as many in this context, though ""4 times more"" can sometimes be ambiguous in English, in Telugu ""4 రెట్లు"" means 4 times. The candidate interprets it as $4 \times S$. Let's check the Telugu phrasing: ""చార్లెస్టన్ వద్ద సియాటెల్ కంటే 4 రెట్లు ఎక్కువగా గొర్రెలు ఉన్నాయి"". ""4 రెట్లు ఎక్కువగా"" literally translates to ""4 times more"". In common math problem contexts, this usually means $4 \times$. If it meant $S + 4S$, it would usually be phrased differently or context implies multiplication. Given the standard interpretation of such word problems, $4 \times$ is the intended meaning. The candidate used $4 \times 20 = 80$. This is standard.)"
Gemma-4-26B,7,P2,"టౌలస్ వద్ద చార్లెస్టన్ కంటే రెట్టింపు సంఖ్యలో గొర్రెలు ఉన్నాయి. చార్లెస్టన్ వద్ద సియాటెల్ కంటే 4 రెట్లు ఎక్కువగా గొర్రెలు ఉన్నాయి. సియాటెల్ వద్ద 20 గొర్రెలు ఉన్నట్లయితే టౌలస్, చార్లెస్టన్ మరియు సియాటెల్ వద్ద మొత్తం ఎన్ని గొర్రెలు ఉన్నాయి?","Please solve the following math problem carefully. Explain your solution step by step and clearly state the final answer.

Problem:
టౌలస్ వద్ద చార్లెస్టన్ కంటే రెట్టింపు సంఖ్యలో గొర్రెలు ఉన్నాయి. చార్లెస్టన్ వద్ద సియాటెల్ కంటే 4 రెట్లు ఎక్కువగా గొర్రెలు ఉన్నాయి. సియాటెల్ వద్ద 20 గొర్రెలు ఉన్నట్లయితే టౌలస్, చార్లెస్టన్ మరియు సియాటెల్ వద్ద మొత్తం ఎన్ని గొర్రెలు ఉన్నాయి?","*   The problem is in Telugu.
    *   Let's translate/understand the core information:
        *   ""టౌలస్ వద్ద చార్లెస్టన్ కంటే రెట్టింపు సంఖ్యలో గొర్రెలు ఉన్నాయి"" $\rightarrow$ Number of sheep in Toulouse is twice the number of sheep in Charleston.
        *   ""చార్లెస్టన్ వద్ద సియాటెల్ కంటే 4 రెట్లు ఎక్కువగా గొర్రెలు ఉన్నాయి"" $\rightarrow$ Number of sheep in Charleston is 4 times the number of sheep in Seattle.
        *   ""సియాటెల్ వద్ద 20 గొర్రెలు ఉన్నట్లయితే"" $\rightarrow$ Seattle has 20 sheep.
        *   ""టౌలస్, చార్లెస్టన్ మరియు సియాటెల్ వద్ద మొత్తం ఎన్ని గొర్రెలు ఉన్నాయి?"" $\rightarrow$ What is the total number of sheep in Toulouse, Charleston, and Seattle?

    *   Let $S$ = number of sheep in Seattle.
    *   Let $C$ = number of sheep in Charleston.
    *   Let $T$ = number of sheep in Toulouse.

    *   $S = 20$ (Given)
    *   $C = 4 \times S$ (Charleston has 4 times more than Seattle)
    *   $T = 2 \times C$ (Toulouse has twice as many as Charleston)

    *   Step 1: Find $S$ (Seattle).
        *   $S = 20$
    *   Step 2: Find $C$ (Charleston).
        *   $C = 4 \times 20 = 80$
    *   Step 3: Find $T$ (Toulouse).
        *   $T = 2 \times 80 = 160$
    *   Step 4: Find Total ($T + C + S$).
        *   Total = $160 + 80 + 20$
        *   Total = $260$

    *   Start with the given information.
    *   Show the calculation for Charleston.
    *   Show the calculation for Toulouse.
    *   Show the sum of all three.

    *   *Given:* సియాటెల్ వద్ద గొర్రెలు ($S$) = 20
    *   *Step 1:* చార్లెస్టన్ వద్ద గొర్రెలు ($C$) = 4 $\times$ సియాటెల్ గొర్రెలు = $4 \times 20 = 80$
    *   *Step 2:* టౌలస్ వద్ద గొర్రెలు ($T$) = 2 $\times$ చార్లెస్టన్ గొర్రెలు = $2 \times 80 = 160$
    *   *Step 3:* మొత్తం గొర్రెలు = టౌలస్ + చార్లెస్టన్ + సియాటెల్
    *   *Step 4:* మొత్తం = $160 + 80 + 20 = 260$

    *   ""టౌలస్ వద్ద చార్లెస్టన్ కంటే రెట్టింపు సంఖ్యలో గొర్రెలు ఉన్నాయి"" -> $T = 2C$. Correct.
    *   ""చార్లెస్టన్ వద్ద సియాటెల్ కంటే 4 రెట్లు ఎక్కువగా గొర్రెలు ఉన్నాయి"" -> $C = 4S$. Correct.
    *   ""సియాటెల్ వద్ద 20 గొర్రెలు ఉన్నట్లయితే"" -> $S = 20$. Correct.
    *   ""మొత్తం ఎన్ని గొర్రెలు ఉన్నాయి?"" -> $T+C+S$. Correct.

    Calculation: $20 \times 4 = 80$. $80 \times 2 = 160$. $160 + 80 + 20 = 260$.

    *   Translate the explanation clearly into Telugu.
    *   Use clear headings/steps.","ఈ సమస్యను దశలవారీగా పరిష్కరిద్దాం:

**1. ఇచ్చిన సమాచారాన్ని గుర్తించడం:**
*   సియాటెల్ (Seattle) వద్ద ఉన్న గొర్రెలు = 20
*   చార్లెస్టన్ (Charleston) వద్ద ఉన్న గొర్రెలు = సియాటెల్ కంటే 4 రెట్లు ఎక్కువ.
*   టౌలస్ (Toulouse) వద్ద ఉన్న గొర్రెలు = చార్లెస్టన్ కంటే రెట్టింపు (2 రెట్లు).

**2. ప్రతి నగరం వద్ద ఉన్న గొర్రెల సంఖ్యను లెక్కించడం:**

*   **సియాటెల్ (Seattle):** 
    సియాటెల్ వద్ద గొర్రెలు = **20**

*   **చార్లెస్టన్ (Charleston):** 
    చార్లెస్టన్ వద్ద గొర్రెలు = $4 \times 20$ (సియాటెల్ గొర్రెలు)
    చార్లెస్టన్ వద్ద గొర్రెలు = **80**

*   **టౌలస్ (Toulouse):** 
    టౌలస్ వద్ద గొర్రెలు = $2 \times 80$ (చార్లెస్టన్ గొర్రెలు)
    టౌలస్ వద్ద గొర్రెలు = **160**

**3. మొత్తం గొర్రెల సంఖ్యను కనుగొనడం:**
మొత్తం గొర్రెలు = టౌలస్ + చార్లెస్టన్ + సియాటెల్
మొత్తం గొర్రెలు = $160 + 80 + 20$
మొత్తం గొర్రెలు = **260**

**జవాబు:**
టౌలస్, చార్లెస్టన్ మరియు సియాటెల్ వద్ద మొత్తం **260** గొర్రెలు ఉన్నాయి.",Qwen3.5-27B,,,"JUDGE_ERROR: Invalid JSON returned by Qwen.
Response:
$).
- The interpretation of ""4 times more"" (4 రెట్లు ఎక్కువ) in this context usually means ""4 times as many"" (4 రెట్లు) in standard word problem phrasing in Telugu/English contexts unless specified as ""4 times more than"" meaning $x + 4x$. However, looking at the phrasing ""సియాటెల్ కంటే 4 రెట్లు ఎక్కువగా"" (4 times more than Seattle), in many regional math contexts, this is treated as multiplication by 4. Let's check the candidate's interpretation. The candidate calculated $4 \times 20 = 80$. If it meant $20 + (4 \times 20) = 100$, the answer would differ.
Standard interpretation in school math problems for ""X times more than Y"" often equates to ""X times Y"". Specifically, ""4 రెట్లు ఎక్కువగా"" (4 times more) is often used interchangeably with ""4 రెట్లు"" (4 times) in Telugu word problems unless it's a specific trick question. Given the candidate's logic is consistent with standard arithmetic word problem conventions (multiplication), and the numbers work out cleanly, this is the intended interpretation.
Let's re-read carefully: ""చార్లెస్టన్ వద్ద సియాటెల్ కంటే 4","$).
- The interpretation of ""4 times more"" (4 రెట్లు ఎక్కువ) in this context usually means ""4 times as many"" (4 రెట్లు) in standard word problem phrasing in Telugu/English contexts unless specified as ""4 times more than"" meaning $x + 4x$. However, looking at the phrasing ""సియాటెల్ కంటే 4 రెట్లు ఎక్కువగా"" (4 times more than Seattle), in many regional math contexts, this is treated as multiplication by 4. Let's check the candidate's interpretation. The candidate calculated $4 \times 20 = 80$. If it meant $20 + (4 \times 20) = 100$, the answer would differ.
Standard interpretation in school math problems for ""X times more than Y"" often equates to ""X times Y"". Specifically, ""4 రెట్లు ఎక్కువగా"" (4 times more) is often used interchangeably with ""4 రెట్లు"" (4 times) in Telugu word problems unless it's a specific trick question. Given the candidate's logic is consistent with standard arithmetic word problem conventions (multiplication), and the numbers work out cleanly, this is the intended interpretation.
Let's re-read carefully: ""చార్లెస్టన్ వద్ద సియాటెల్ కంటే 4","The user wants me to evaluate a mathematical solution provided in Telugu.

**1. Analyze the Question:**
The question is in Telugu.
Translation:
""There are twice as many sheep in Toulouse as in Charleston. There are 4 times more sheep in Charleston than in Seattle. If there are 20 sheep in Seattle, how many sheep are there in total in Toulouse, Charleston, and Seattle?""

Let $S$ be the number of sheep in Seattle.
Let $C$ be the number of sheep in Charleston.
Let $T$ be the number of sheep in Toulouse.

Given:
1. $T = 2 \times C$ (Twice as many in Toulouse as in Charleston)
2. $C = 4 \times S$ (4 times more in Charleston than in Seattle)
3. $S = 20$

Find: $T + C + S$

**2. Solve the Problem Independently:**
$S = 20$
$C = 4 \times 20 = 80$
$T = 2 \times 80 = 160$

Total = $T + C + S = 160 + 80 + 20$
Total = $240 + 20 = 260$

**3. Evaluate the Candidate Solution:**
The candidate solution is also in Telugu.

**Step 1: Identify given information.**
- Seattle = 20
- Charleston = 4 times Seattle
- Toulouse = 2 times Charleston

**Step 2: Calculate sheep per city.**
- Seattle = 20
- Charleston = $4 \times 20 = 80$
- Toulouse = $2 \times 80 = 160$

**Step 3: Calculate total.**
- Total = $160 + 80 + 20 = 260$

**Step 4: Final Answer.**
- 260

**Comparison:**
My independent calculation matches the candidate's calculation exactly.
- Logic is sound.
- Arithmetic is correct ($4 \times 20 = 80$, $2 \times 80 = 160$, $160 + 80 + 20 = 26"
Gemma-4-26B,7,P3,"టౌలస్ వద్ద చార్లెస్టన్ కంటే రెట్టింపు సంఖ్యలో గొర్రెలు ఉన్నాయి. చార్లెస్టన్ వద్ద సియాటెల్ కంటే 4 రెట్లు ఎక్కువగా గొర్రెలు ఉన్నాయి. సియాటెల్ వద్ద 20 గొర్రెలు ఉన్నట్లయితే టౌలస్, చార్లెస్టన్ మరియు సియాటెల్ వద్ద మొత్తం ఎన్ని గొర్రెలు ఉన్నాయి?","Work through the following math problem step by step. Show how you arrive at the answer and give the final result.

Problem:
టౌలస్ వద్ద చార్లెస్టన్ కంటే రెట్టింపు సంఖ్యలో గొర్రెలు ఉన్నాయి. చార్లెస్టన్ వద్ద సియాటెల్ కంటే 4 రెట్లు ఎక్కువగా గొర్రెలు ఉన్నాయి. సియాటెల్ వద్ద 20 గొర్రెలు ఉన్నట్లయితే టౌలస్, చార్లెస్టన్ మరియు సియాటెల్ వద్ద మొత్తం ఎన్ని గొర్రెలు ఉన్నాయి?","*   The problem is in Telugu.
    *   The goal is to find the total number of sheep in three locations: Tulsa, Charleston, and Seattle.

    *   ""టౌలస్ వద్ద చార్లెస్టన్ కంటే రెట్టింపు సంఖ్యలో గొర్రెలు ఉన్నాయి."" (Tulsa has twice as many sheep as Charleston.)
    *   ""చార్లెస్టన్ వద్ద సియాటెల్ కంటే 4 రెట్లు ఎక్కువగా గొర్రెలు ఉన్నాయి."" (Charleston has 4 times as many sheep as Seattle.)
    *   ""సియాటెల్ వద్ద 20 గొర్రెలు ఉన్నట్లయితే..."" (If Seattle has 20 sheep...)
    *   ""...టౌలస్, చార్లెస్టన్ మరియు సియాటెల్ వద్ద మొత్తం ఎన్ని గొర్రెలు ఉన్నాయి?"" (...what is the total number of sheep in Tulsa, Charleston, and Seattle?)

    *   **Step 1: Find the number of sheep in Seattle.**
        *   Given: Seattle = 20 sheep.

    *   **Step 2: Find the number of sheep in Charleston.**
        *   Relationship: Charleston = 4 $\times$ Seattle.
        *   Calculation: Charleston = 4 $\times$ 20 = 80 sheep.

    *   **Step 3: Find the number of sheep in Tulsa.**
        *   Relationship: Tulsa = 2 $\times$ Charleston.
        *   Calculation: Tulsa = 2 $\times$ 80 = 160 sheep.

    *   **Step 4: Find the total number of sheep.**
        *   Total = Tulsa + Charleston + Seattle.
        *   Calculation: Total = 160 + 80 + 20.
        *   Calculation: 160 + 100 = 260.

    *   State the given information clearly.
    *   Perform each calculation step by step.
    *   Sum the results.
    *   Provide the final answer.

    *   *Seattle (సియాటెల్):* 20
    *   *Charleston (చార్లెస్టన్):* $20 \times 4 = 80$
    *   *Tulsa (టౌలస్):* $80 \times 2 = 160$
    *   *Total (మొత్తం):* $160 + 80 + 20 = 260$

    *   ""సియాటెల్ వద్ద ఉన్న గొర్రెలు = 20""
    *   ""చార్లెస్టన్ వద్ద ఉన్న గొర్రెలు = 4 $\times$ 20 = 80""
    *   ""టౌలస్ వద్ద ఉన్న గొర్రెలు = 2 $\times$ 80 = 160""
    *   ""మొత్తం గొర్రెలు = 160 + 80 + 20 = 260""

    *   Did I use the correct multipliers? Yes (4 for Charleston, 2 for Tulsa).
    *   Is the math correct? 20 * 4 = 80. 80 * 2 = 160. 160 + 80 + 20 = 260. Yes.
    *   Did I answer the specific question? Yes, total sheep.","To find the total number of sheep in Tulsa, Charleston, and Seattle, we can solve the problem step-by-step based on the information provided.

**1. Find the number of sheep in Seattle (సియాటెల్):**
The problem states that Seattle has 20 sheep.
*   **Seattle = 20**

**2. Find the number of sheep in Charleston (చార్లెస్టన్):**
The problem states that Charleston has 4 times as many sheep as Seattle.
*   Charleston = 4 × Seattle
*   Charleston = 4 × 20 = **80**

**3. Find the number of sheep in Tulsa (టౌలస్):**
The problem states that Tulsa has twice (double) the number of sheep as Charleston.
*   Tulsa = 2 × Charleston
*   Tulsa = 2 × 80 = **160**

**4. Find the total number of sheep (మొత్తం గొర్రెలు):**
To find the total, we add the number of sheep in all three locations:
*   Total = Tulsa + Charleston + Seattle
*   Total = 160 + 80 + 20
*   Total = 260

**Final Result:**
టౌలస్, చార్లెస్టన్ మరియు సియాటెల్ వద్ద మొత్తం **260** గొర్రెలు ఉన్నాయి. (The total number of sheep in Tulsa, Charleston, and Seattle is **260**.)",Qwen3.5-27B,1.0,True,"The candidate solution correctly interprets the relationships between the number of sheep in each city. It accurately calculates Seattle (20), Charleston (4 * 20 = 80), and Tulsa (2 * 80 = 160). The final summation (160 + 80 + 20 = 260) is mathematically correct and matches the independent solution.","{
  ""score"": 1.0,
  ""correct"": true,
  ""reason"": ""The candidate solution correctly interprets the relationships between the number of sheep in each city. It accurately calculates Seattle (20), Charleston (4 * 20 = 80), and Tulsa (2 * 80 = 160). The final summation (160 + 80 + 20 = 260) is mathematically correct and matches the independent solution.""
}","The user wants me to evaluate a mathematical solution provided by an AI candidate.

**1. Analyze the Question:**
The question is in Telugu.
Translation:
""Tulsa has twice the number of sheep as Charleston. Charleston has 4 times more sheep than Seattle. If there are 20 sheep in Seattle, how many sheep are there in total in Tulsa, Charleston, and Seattle?""

Let's break down the relationships:
- Seattle ($S$) = 20
- Charleston ($C$) = 4 times Seattle ($4 \times S$)
- Tulsa ($T$) = 2 times Charleston ($2 \times C$)
- Total = $T + C + S$

**2. Solve the Problem Independently:**
- $S = 20$
- $C = 4 \times 20 = 80$
- $T = 2 \times 80 = 160$
- Total = $160 + 80 + 20$
- Total = $260$

**3. Evaluate the Candidate Solution:**
- **Step 1:** Identifies Seattle = 20. Correct.
- **Step 2:** Calculates Charleston = 4 * 20 = 80. Correct.
- **Step 3:** Calculates Tulsa = 2 * 80 = 160. Correct.
- **Step 4:** Calculates Total = 160 + 80 + 20 = 260. Correct.
- **Final Answer:** 260. Correct.

**4. Check for Language/Logic Issues:**
- The candidate solution is in English but references the Telugu terms in parentheses.
- The logic follows the problem statement accurately.
- ""Charleston has 4 times more sheep than Seattle"" usually means $4 \times S$. Sometimes ""4 times more"" can be interpreted as $S + 4S = 5S$, but in standard math word problems of this level, ""4 times as many"" or ""4 times more"" is often treated as multiplication by 4. Let's look at the Telugu text: ""చార్లెస్టన్ వద్ద సియాటెల్ కంటే 4 రెట్లు ఎక్కువగా గ"
Gemma-4-26B,7,P4,"టౌలస్ వద్ద చార్లెస్టన్ కంటే రెట్టింపు సంఖ్యలో గొర్రెలు ఉన్నాయి. చార్లెస్టన్ వద్ద సియాటెల్ కంటే 4 రెట్లు ఎక్కువగా గొర్రెలు ఉన్నాయి. సియాటెల్ వద్ద 20 గొర్రెలు ఉన్నట్లయితే టౌలస్, చార్లెస్టన్ మరియు సియాటెల్ వద్ద మొత్తం ఎన్ని గొర్రెలు ఉన్నాయి?","Find the solution to the following problem. Explain your reasoning and calculations before giving the final answer.

Problem:
టౌలస్ వద్ద చార్లెస్టన్ కంటే రెట్టింపు సంఖ్యలో గొర్రెలు ఉన్నాయి. చార్లెస్టన్ వద్ద సియాటెల్ కంటే 4 రెట్లు ఎక్కువగా గొర్రెలు ఉన్నాయి. సియాటెల్ వద్ద 20 గొర్రెలు ఉన్నట్లయితే టౌలస్, చార్లెస్టన్ మరియు సియాటెల్ వద్ద మొత్తం ఎన్ని గొర్రెలు ఉన్నాయి?","*   Tulsa (టౌలస్) has twice as many sheep as Charleston (చార్లెస్టన్).
    *   Charleston (చార్లెస్టన్) has 4 times more sheep than Seattle (సియాటెల్).
    *   Seattle (సియాటెల్) has 20 sheep.
    *   Question: Find the total number of sheep in Tulsa, Charleston, and Seattle.

    *   Seattle (S) = 20
    *   Charleston (C) = 4 $\times$ Seattle (S)
    *   Tulsa (T) = 2 $\times$ Charleston (C)
    *   Total (Total_S) = T + C + S

    *   Step 1: Find Seattle's sheep.
        *   Seattle = 20
    *   Step 2: Find Charleston's sheep.
        *   Charleston = 4 $\times$ 20
        *   Charleston = 80
    *   Step 3: Find Tulsa's sheep.
        *   Tulsa = 2 $\times$ Charleston
        *   Tulsa = 2 $\times$ 80
        *   Tulsa = 160
    *   Step 4: Find the total number of sheep.
        *   Total = Tulsa + Charleston + Seattle
        *   Total = 160 + 80 + 20
        *   Total = 260

    *   ""టౌలస్ వద్ద చార్లెస్టన్ కంటే రెట్టింపు సంఖ్యలో గొర్రెలు ఉన్నాయి."" (Tulsa has twice as many sheep as Charleston.) -> $T = 2C$
    *   ""చార్లెస్టన్ వద్ద సియాటెల్ కంటే 4 రెట్లు ఎక్కువగా గొర్రెలు ఉన్నాయి."" (Charleston has 4 times more sheep than Seattle.) -> $C = 4S$
    *   ""సియాటెల్ వద్ద 20 గొర్రెలు ఉన్నట్లయితే..."" (If Seattle has 20 sheep...) -> $S = 20$
    *   ""టౌలస్, చార్లెస్టన్ మరియు సియాటెల్ వద్ద మొత్తం ఎన్ని గొర్రెలు ఉన్నాయి?"" (How many sheep are there in total in Tulsa, Charleston, and Seattle?) -> $T + C + S = ?$

    *   S = 20
    *   C = 4 * 20 = 80
    *   T = 2 * 80 = 160
    *   Total = 160 + 80 + 20 = 260.

    *   Explain each step clearly in Telugu.
    *   Show the arithmetic.

    *Drafting the explanation:*
    1.  సియాటెల్ వద్ద గొర్రెలు = 20.
    2.  చార్లెస్టన్ వద్ద గొర్రెలు = సియాటెల్ వద్ద ఉన్న దానికంటే 4 రెట్లు = 4 $\times$ 20 = 80.
    3.  టౌలస్ వద్ద గొర్రెలు = చార్లెస్టన్ వద్ద ఉన్న దానికంటే రెట్టింపు (2 రెట్లు) = 2 $\times$ 80 = 160.
    4.  మొత్తం గొర్రెలు = టౌలస్ + చార్లెస్టన్ + సియాటెల్ = 160 + 80 + 20 = 260.","ఈ సమస్యను పరిష్కరించడానికి, మనం ఇచ్చిన సమాచారాన్ని ఒక్కో దశలో విశ్లేషించాలి:

**1. సియాటెల్ (Seattle) వద్ద గొర్రెలు:**
లెక్క ప్రకారం, సియాటెల్ వద్ద గొర్రెలు = **20**

**2. చార్లెస్టన్ (Charleston) వద్ద గొర్రెలు:**
చార్లెస్టన్ వద్ద సియాటెల్ కంటే 4 రెట్లు ఎక్కువ గొర్రెలు ఉన్నాయి.
కాబట్టి, చార్లెస్టన్ వద్ద గొర్రెలు = 4 $\times$ 20 = **80**

**3. టౌలస్ (Tulsa) వద్ద గొర్రెలు:**
టౌలస్ వద్ద చార్లెస్టన్ కంటే రెట్టింపు (2 రెట్లు) సంఖ్యలో గొర్రెలు ఉన్నాయి.
కాబట్టి, టౌలస్ వద్ద గొర్రెలు = 2 $\times$ 80 = **160**

**4. మొత్తం గొర్రెల సంఖ్య:**
మొత్తం గొర్రెలు = టౌలస్ వద్ద ఉన్నవి + చార్లెస్టన్ వద్ద ఉన్నవి + సియాటెల్ వద్ద ఉన్నవి
మొత్తం గొర్రెలు = 160 + 80 + 20 = **260**

**జవాబు:**
టౌలస్, చార్లెస్టన్ మరియు సియాటెల్ వద్ద మొత్తం **260** గొర్రెలు ఉన్నాయి.",Qwen3.5-27B,1.0,True,"The candidate solution correctly interprets the relationships between the number of sheep in each city. It correctly calculates Charleston's sheep as 4 times Seattle's (4 * 20 = 80) and Tulsa's sheep as 2 times Charleston's (2 * 80 = 160). Finally, it correctly sums the values (160 + 80 + 20) to get the total of 260. The reasoning and calculations are mathematically valid.","{
  ""score"": 1.0,
  ""correct"": true,
  ""reason"": ""The candidate solution correctly interprets the relationships between the number of sheep in each city. It correctly calculates Charleston's sheep as 4 times Seattle's (4 * 20 = 80) and Tulsa's sheep as 2 times Charleston's (2 * 80 = 160). Finally, it correctly sums the values (160 + 80 + 20) to get the total of 260. The reasoning and calculations are mathematically valid.""
}","The user wants me to evaluate a mathematical solution provided in Telugu.

**1. Analyze the Question:**
The question is in Telugu. Let's translate it to understand the math problem.
""టౌలస్ వద్ద చార్లెస్టన్ కంటే రెట్టింపు సంఖ్యలో గొర్రెలు ఉన్నాయి."" -> Tulsa has twice as many sheep as Charleston.
""చార్లెస్టన్ వద్ద సియాటెల్ కంటే 4 రెట్లు ఎక్కువగా గొర్రెలు ఉన్నాయి."" -> Charleston has 4 times as many sheep as Seattle.
""సియాటెల్ వద్ద 20 గొర్రెలు ఉన్నట్లయితే టౌలస్, చార్లెస్టన్ మరియు సియాటెల్ వద్ద మొత్తం ఎన్ని గొర్రెలు ఉన్నాయి?"" -> If Seattle has 20 sheep, how many sheep are there in total in Tulsa, Charleston, and Seattle?

**2. Solve the Problem Independently:**
*   **Seattle (S):** Given as 20.
*   **Charleston (C):** 4 times Seattle. $C = 4 \times S = 4 \times 20 = 80$.
*   **Tulsa (T):** Twice Charleston. $T = 2 \times C = 2 \times 80 = 160$.
*   **Total:** $T + C + S = 160 + 80 + 20$.
*   **Calculation:** $160 + 80 = 240$. $240 + 20 = 260$.

**3. Evaluate the Candidate Solution:**
*   **Step 1 (Seattle):** Identifies Seattle sheep = 20. Correct.
*   **Step 2 (Charleston):** Calculates Charleston sheep = $4 \times 20 = 80$. Correct interpretation of ""4 రెట్లు ఎక్కువగా"" (4 times more/as many). Note: In some contexts ""4 times more"" could mean $x + 4x$, but in standard word problems of this level, ""4 ర"
Gemma-4-26B,7,P5,"టౌలస్ వద్ద చార్లెస్టన్ కంటే రెట్టింపు సంఖ్యలో గొర్రెలు ఉన్నాయి. చార్లెస్టన్ వద్ద సియాటెల్ కంటే 4 రెట్లు ఎక్కువగా గొర్రెలు ఉన్నాయి. సియాటెల్ వద్ద 20 గొర్రెలు ఉన్నట్లయితే టౌలస్, చార్లెస్టన్ మరియు సియాటెల్ వద్ద మొత్తం ఎన్ని గొర్రెలు ఉన్నాయి?","Carefully solve the following mathematical problem. Provide a step-by-step solution and conclude with the final answer.

Problem:
టౌలస్ వద్ద చార్లెస్టన్ కంటే రెట్టింపు సంఖ్యలో గొర్రెలు ఉన్నాయి. చార్లెస్టన్ వద్ద సియాటెల్ కంటే 4 రెట్లు ఎక్కువగా గొర్రెలు ఉన్నాయి. సియాటెల్ వద్ద 20 గొర్రెలు ఉన్నట్లయితే టౌలస్, చార్లెస్టన్ మరియు సియాటెల్ వద్ద మొత్తం ఎన్ని గొర్రెలు ఉన్నాయి?","*   The problem is in Telugu.
    *   ""టౌలస్ వద్ద చార్లెస్టన్ కంటే రెట్టింపు సంఖ్యలో గొర్రెలు ఉన్నాయి."" (Toulouse has twice as many sheep as Charleston.)
    *   ""చార్లెస్టన్ వద్ద సియాటెల్ కంటే 4 రెట్లు ఎక్కువగా గొర్రెలు ఉన్నాయి."" (Charleston has 4 times as many sheep as Seattle.)
    *   ""సియాటెల్ వద్ద 20 గొర్రెలు ఉన్నట్లయితే..."" (If Seattle has 20 sheep...)
    *   ""...టౌలస్, చార్లెస్టన్ మరియు సియాటెల్ వద్ద మొత్తం ఎన్ని గొర్రెలు ఉన్నాయి?"" (...how many sheep are there in total at Toulouse, Charleston, and Seattle?)

    *   Seattle (సియాటెల్) = 20
    *   Charleston (చార్లెస్టన్) = 4 * Seattle (సియాటెల్ కంటే 4 రెట్లు)
    *   Toulouse (టౌలస్) = 2 * Charleston (చార్లెస్టన్ కంటే రెట్టింపు)

    *   Step 1: Find the number of sheep in Charleston.
        Charleston = 4 * 20 = 80.
    *   Step 2: Find the number of sheep in Toulouse.
        Toulouse = 2 * Charleston = 2 * 80 = 160.
    *   Step 3: Calculate the total number of sheep (Toulouse + Charleston + Seattle).
        Total = 160 + 80 + 20.

    *   160 + 80 = 240.
    *   240 + 20 = 260.

    *   Seattle = 20
    *   Charleston = 4 * 20 = 80
    *   Toulouse = 2 * 80 = 160
    *   Total = 160 + 80 + 20 = 260.

    *   ""టౌలస్ వద్ద చార్లెస్టన్ కంటే రెట్టింపు సంఖ్యలో గొర్రెలు ఉన్నాయి."" (Toulouse = 2 * Charleston) - Correct.
    *   ""చార్లెస్టన్ వద్ద సియాటెల్ కంటే 4 రెట్లు ఎక్కువగా గొర్రెలు ఉన్నాయి."" (Charleston = 4 * Seattle) - Correct.
    *   ""సియాటెల్ వద్ద 20 గొర్రెలు ఉన్నట్లయితే..."" (Seattle = 20) - Correct.
    *   ""టౌలస్, చార్లెస్టన్ మరియు సియాటెల్ వద్ద మొత్తం ఎన్ని గొర్రెలు ఉన్నాయి?"" (Total = Toulouse + Charleston + Seattle) - Correct.

    *   Step 1: సియాటెల్ వద్ద గొర్రెలు = 20.
    *   Step 2: చార్లెస్టన్ వద్ద గొర్రెలు = 4 × 20 = 80.
    *   Step 3: టౌలస్ వద్ద గొర్రెలు = 2 × 80 = 160.
    *   Step 4: మొత్తం గొర్రెలు = 160 + 80 + 20 = 260.

    *   Seattle = 20
    *   Charleston = 4 * 20 = 80
    *   Toulouse = 2 * 80 = 160
    *   Total = 20 + 80 + 160 = 260.

    Everything seems correct.

    *   సియాటెల్ వద్ద గొర్రెలు = 20
    *   చార్లెస్టన్ వద్ద గొర్రెలు = 4 * 20 = 80
    *   టౌలస్ వద్ద గొర్రెలు = 2 * 80 = 160
    *   మొత్తం గొర్రెలు = 160 + 80 + 20 = 260.

    Wait, let me re-read ""చార్లెస్టన్ వద్ద సియాటెల్ కంటే 4 రెట్లు ఎక్కువగా గొర్రెలు ఉన్నాయి"".
    Does ""4 రెట్లు ఎక్కువగా"" mean $4 \times \text{Seattle}$ or $5 \times \text{Seattle}$?
    In common mathematical word problems:
    ""4 times as many as"" (4 రెట్లు) usually means $4x$.
    ""4 times more than"" (4 రెట్లు ఎక్కువగా) can sometimes mean $x + 4x = 5x$ in strict English, but in many contexts and translation to Telugu, ""4 రెట్లు"" means $4x$.
    Let's re-examine: ""చార్లెస్టన్ వద్ద సియాటెల్ కంటే 4 రెట్లు ఎక్కువగా గొర్రెలు ఉన్నాయి.""
    If Seattle = 20, 4 times as many = 80.
    If it meant ""4 times more than"", Charleston = 20 + 4(20) = 100.
    However, standard school-level math problems interpret ""4 times as many as"" and ""4 times more than"" interchangeably as $4 \times \text{value}$. Let's assume $4 \times 20 = 80$.

    Let's check the first sentence: ""టౌలస్ వద్ద చార్లెస్టన్ కంటే రెట్టింపు సంఖ్యలో గొర్రెలు ఉన్నాయి.""
    ""రెట్టింపు"" means double (2x).
    Toulouse = 2 * Charleston.

    If Seattle = 20, Charleston = 80, Toulouse = 160. Total = 260.
    If Seattle = 20, Charleston = 100, Toulouse = 200. Total = 320.

    Usually, ""4 రెట్లు"" means 4 times. ""4 రెట్లు ఎక్కువగా"" is a bit ambiguous but in most math problems, it is treated as $4x$. Let's stick with 260.

    Let's re-verify the Telugu phrasing:
    ""4 రెట్లు ఎక్కువగా"" (4 times more) vs ""4 రెట్లు"" (4 times).
    In Telugu:
    ""సియాటెల్ కంటే 4 రెట్లు"" = 4 times Seattle.
    ""సియాటెల్ కంటే 4 రెట్లు ఎక్కువగా"" = 4 times more than Seattle.
    In many contexts, ""4 times more than"" is still treated as $4 \times 20 = 80$. Let's look at the structure again.
    ""చార్లెస్టన్ వద్ద సియాటెల్ కంటే 4 రెట్లు ... గొర్రెలు ఉన్నాయి""
    If it were $x + 4x$, the total would be $160+80+20=2",,Qwen3.5-27B,0.0,False,"The candidate solution is empty. It provides no calculations, reasoning, or final answer to the mathematical problem.","{
  ""score"": 0.0,
  ""correct"": false,
  ""reason"": ""The candidate solution is empty. It provides no calculations, reasoning, or final answer to the mathematical problem.""
}","The user wants me to evaluate a mathematical solution provided by an AI candidate.

**1. Analyze the Input:**
- **Question:** A word problem in Telugu about the number of sheep in three locations: Toulouse, Charleston, and Seattle.
  - ""టౌలస్ వద్ద చార్లెస్టన్ కంటే రెట్టింపు సంఖ్యలో గొర్రెలు ఉన్నాయి."" (Toulouse has twice as many sheep as Charleston.)
  - ""చార్లెస్టన్ వద్ద సియాటెల్ కంటే 4 రెట్లు ఎక్కువగా గొర్రెలు ఉన్నాయి."" (Charleston has 4 times as many sheep as Seattle.)
  - ""సియాటెల్ వద్ద 20 గొర్రెలు ఉన్నట్లయితే"" (If Seattle has 20 sheep)
  - ""టౌలస్, చార్లెస్టన్ మరియు సియాటెల్ వద్ద మొత్తం ఎన్ని గొర్రెలు ఉన్నాయి?"" (How many sheep are there in total in Toulouse, Charleston, and Seattle?)
- **Candidate Solution:** The candidate solution is empty (`<<< >>>`).

**2. Solve the Problem Independently:**
- Let $T$ be the number of sheep in Toulouse.
- Let $C$ be the number of sheep in Charleston.
- Let $S$ be the number of sheep in Seattle.

Given:
1. $S = 20$
2. $C = 4 \times S$
3. $T = 2 \times C$

Calculate $C$:
$C = 4 \times 20 = 80$

Calculate $T$:
$T = 2 \times 80 = 160$

Calculate Total ($T + C + S$):
Total $= 160 + 80 + 20 = 260$

**3. Evaluate the Candidate Solution:**
- The candidate solution provided is completely empty. There is no text, no calculation, no answer.
- An empty solution cannot be mathematically correct. It fails to address the question at all.

**4. Formulate the Output:**
-"
Gemma-4-26B,8,P1,"కార్లా 200GB ఫైలును డౌన్‌లోడ్ చేస్తోంది. సాధారణంగా ఆమె నిమిషానికి 2 GB డౌన్‌లోడ్ చేయగలదు, కానీ డౌన్‌లోడ్ 40% చేరుకునే సరికి, అప్‌డేట్‌లను ఇన్‌స్టాల్ చేయడానికి విండోస్ ఫోర్స్ రీస్టార్ట్ అయింది, దీనికి 20 నిమిషాలు పట్టింది. తరువాత కార్లా డౌన్‌లోడ్‌ని మొదటి నుంచి తిరిగి ప్రారంభించాల్సి వచ్చింది. ఫైలు డౌన్‌లోడ్ చేయడానికి ఎంత లోడ్ పడుతుంది?","Solve the following math problem step by step. Show your reasoning clearly and provide the final answer.

Problem:
కార్లా 200GB ఫైలును డౌన్‌లోడ్ చేస్తోంది. సాధారణంగా ఆమె నిమిషానికి 2 GB డౌన్‌లోడ్ చేయగలదు, కానీ డౌన్‌లోడ్ 40% చేరుకునే సరికి, అప్‌డేట్‌లను ఇన్‌స్టాల్ చేయడానికి విండోస్ ఫోర్స్ రీస్టార్ట్ అయింది, దీనికి 20 నిమిషాలు పట్టింది. తరువాత కార్లా డౌన్‌లోడ్‌ని మొదటి నుంచి తిరిగి ప్రారంభించాల్సి వచ్చింది. ఫైలు డౌన్‌లోడ్ చేయడానికి ఎంత లోడ్ పడుతుంది?","*   Total file size: 200 GB.
    *   Download speed: 2 GB per minute.
    *   Event 1: Download reaches 40% completion.
    *   Event 2: Windows forced a restart for updates, taking 20 minutes.
    *   Event 3: The download must be restarted from the beginning (0%).
    *   Goal: Find the total time taken to download the file.

    *   The problem says she ""had to restart the download from the beginning"" (మొదటి నుంచి తిరిగి ప్రారంభించాల్సి వచ్చింది). This means everything downloaded before the restart is lost.

    *   Total file size = 200 GB.
    *   Download speed = 2 GB/min.
    *   Time taken to reach 40%?
        *   40% of 200 GB = $0.40 \times 200 = 80$ GB.
        *   Time = $\frac{80 \text{ GB}}{2 \text{ GB/min}} = 40$ minutes.

    *   Time taken for the restart = 20 minutes.

    *   After the restart, the download starts from 0 GB.
    *   Total file size = 200 GB.
    *   Download speed = 2 GB/min.
    *   Time to download the full file = $\frac{200 \text{ GB}}{2 \text{ GB/min}} = 100$ minutes.

    *   Time spent before restart = 40 minutes.
    *   Time spent during restart = 20 minutes.
    *   Time spent downloading from scratch = 100 minutes.
    *   Total Time = $40 + 20 + 100 = 160$ minutes.

    *   160 minutes = 2 hours and 40 minutes.

    *   Total Size: 200 GB.
    *   Speed: 2 GB/min.
    *   40% of 200 = 80 GB.
    *   Time for 80 GB = 40 min.
    *   Restart time = 20 min.
    *   New download starts from 0.
    *   Time for 200 GB = 100 min.
    *   Total = 40 (initial) + 20 (wait) + 100 (new download) = 160 min.

    *   Step 1: Calculate time for the first 40% download.
    *   Step 2: Account for the restart time.
    *   Step 3: Calculate time for the complete download from the start.
    *   Step 4: Sum everything up.

    (Self-Correction/Refinement): Does ""restart from the beginning"" imply the 40% was wasted? Yes. The problem says ""తరువాత కార్లా డౌన్‌లోడ్‌ని మొదటి నుంచి తిరిగి ప్రారంభించాల్సి వచ్చింది"" (Then Carla had to restart the download from the beginning).

    *   Step 1: 40% of 200 GB = 80 GB.
    *   Step 2: Time for 80 GB = 80/2 = 40 min.
    *   Step 3: Restart time = 20 min.
    *   Step 4: Time for full 200 GB = 200/2 = 100 min.
    *   Step 5: Total = 40 + 20 + 100 = 160 min.

    160 minutes = 2 hours 40 minutes.","ఈ సమస్యను దశలవారీగా పరిష్కరిద్దాం:

**1. సమస్యలోని ముఖ్యమైన వివరాలు:**
*   మొత్తం ఫైలు పరిమాణం = 200 GB
*   డౌన్‌లోడ్ వేగం = నిమిషానికి 2 GB
*   డౌన్‌లోడ్ 40% చేరుకున్నప్పుడు రీస్టార్ట్ అయ్యింది.
*   రీస్టార్ట్ అవ్వడానికి పట్టిన సమయం = 20 నిమిషాలు.
*   రీస్టార్ట్ తర్వాత, డౌన్‌లోడ్ మొదటి నుంచి (0% నుండి) ప్రారంభించాల్సి వచ్చింది.

**2. మొదటి ప్రయత్నంలో పట్టిన సమయం:**
*   మొదట డౌన్‌లోడ్ అయిన పరిమాణం = 200 GB లో 40%
*   $200 \times \frac{40}{100} = 80$ GB
*   80 GB డౌన్‌లోడ్ చేయడానికి పట్టిన సమయం = $\frac{80 \text{ GB}}{2 \text{ GB/min}} = 40$ నిమిషాలు.

**3. రీస్టార్ట్ సమయంలో పట్టిన సమయం:**
*   విండోస్ అప్‌డేట్ మరియు రీస్టార్ట్ కోసం పట్టిన సమయం = 20 నిమిషాలు.

**4. రెండో ప్రయత్నంలో (మొదటి నుండి) పట్టిన సమయం:**
*   రీస్టార్ట్ తర్వాత డౌన్‌లోడ్ మొదటి నుండి ప్రారంభం కాబట్టి, మొత్తం 200 GB ని మళ్ళీ డౌన్‌లోడ్ చేయాలి.
*   మొత్తం 200 GB డౌన్‌లోడ్ చేయడానికి పట్టిన సమయం = $\frac{200 \text{ GB}}{2 \text{ GB/min}} = 100$ నిమిషాలు.

**5. మొత్తం పట్టిన సమయం:**
*   మొత్తం సమయం = (మొదటి ప్రయత్న సమయం) + (రీస్టార్ట్ సమయం) + (రెండో ప్రయత్న సమయం)
*   మొత్తం సమయం = $40 + 20 + 100 = 160$ నిమిషాలు.

**సమయాన్ని గంటలలోకి మారిస్తే:**
*   160 నిమిషాలు = 2 గంటల 40 నిమిషాలు.

**జవాబు:**
ఫైలు డౌన్‌లోడ్ చేయడానికి మొత్తం **160 నిమిషాలు** (లేదా 2 గంటల 40 నిమిషాలు) పడుతుంది.",Qwen3.5-27B,1.0,True,"The candidate solution correctly calculates the time taken for the first attempt (40 minutes for 80 GB), adds the restart time (20 minutes), and calculates the time for the full second attempt (100 minutes for 200 GB). The final sum of 160 minutes is mathematically accurate based on the problem statement.","{
  ""score"": 1.0,
  ""correct"": true,
  ""reason"": ""The candidate solution correctly calculates the time taken for the first attempt (40 minutes for 80 GB), adds the restart time (20 minutes), and calculates the time for the full second attempt (100 minutes for 200 GB). The final sum of 160 minutes is mathematically accurate based on the problem statement.""
}","The user wants me to evaluate a mathematical solution provided in Telugu.

**1. Analyze the Question:**
*   **Total File Size:** 200 GB
*   **Download Speed:** 2 GB/minute
*   **Event:** Download reached 40%, then Windows forced a restart.
*   **Restart Time:** 20 minutes.
*   **Consequence:** Download restarted from the beginning (0%).
*   **Question:** How long does it take to download the file? (Total time elapsed).

**2. Solve the Problem Independently:**
*   **Step 1: Calculate the amount downloaded before the restart.**
    *   40% of 200 GB = $0.40 \times 200 = 80$ GB.
*   **Step 2: Calculate the time taken for the first attempt.**
    *   Time = Amount / Speed = $80 \text{ GB} / 2 \text{ GB/min} = 40$ minutes.
*   **Step 3: Account for the restart time.**
    *   Restart time = 20 minutes.
*   **Step 4: Calculate the time for the second attempt.**
    *   Since it restarted from the beginning, the full 200 GB needs to be downloaded again.
    *   Time = $200 \text{ GB} / 2 \text{ GB/min} = 100$ minutes.
*   **Step 5: Calculate total time.**
    *   Total Time = (Time for 1st attempt) + (Restart time) + (Time for 2nd attempt)
    *   Total Time = $40 + 20 + 100 = 160$ minutes.
*   **Step 6: Convert to hours/minutes (optional but good for context).**
    *   160 minutes = 2 hours 40 minutes.

**3. Evaluate the Candidate Solution:**
*   **Step 1 (Given Info):** Correctly identifies file size (200 GB), speed (2 GB/min), restart point (40%), restart duration (20 min), and restart consequence (from beginning).
*   **Step 2 (First Attempt):**
    *"
Gemma-4-26B,8,P2,"కార్లా 200GB ఫైలును డౌన్‌లోడ్ చేస్తోంది. సాధారణంగా ఆమె నిమిషానికి 2 GB డౌన్‌లోడ్ చేయగలదు, కానీ డౌన్‌లోడ్ 40% చేరుకునే సరికి, అప్‌డేట్‌లను ఇన్‌స్టాల్ చేయడానికి విండోస్ ఫోర్స్ రీస్టార్ట్ అయింది, దీనికి 20 నిమిషాలు పట్టింది. తరువాత కార్లా డౌన్‌లోడ్‌ని మొదటి నుంచి తిరిగి ప్రారంభించాల్సి వచ్చింది. ఫైలు డౌన్‌లోడ్ చేయడానికి ఎంత లోడ్ పడుతుంది?","Please solve the following math problem carefully. Explain your solution step by step and clearly state the final answer.

Problem:
కార్లా 200GB ఫైలును డౌన్‌లోడ్ చేస్తోంది. సాధారణంగా ఆమె నిమిషానికి 2 GB డౌన్‌లోడ్ చేయగలదు, కానీ డౌన్‌లోడ్ 40% చేరుకునే సరికి, అప్‌డేట్‌లను ఇన్‌స్టాల్ చేయడానికి విండోస్ ఫోర్స్ రీస్టార్ట్ అయింది, దీనికి 20 నిమిషాలు పట్టింది. తరువాత కార్లా డౌన్‌లోడ్‌ని మొదటి నుంచి తిరిగి ప్రారంభించాల్సి వచ్చింది. ఫైలు డౌన్‌లోడ్ చేయడానికి ఎంత లోడ్ పడుతుంది?","*   Total file size: 200 GB.
    *   Download speed: 2 GB per minute.
    *   Event 1: Download reaches 40% of the file.
    *   Event 2: Windows force restarts for updates, taking 20 minutes.
    *   Event 3: Download starts from the beginning (0%) after the restart.
    *   Goal: Find the total time taken to download the file.

    *   Total size = 200 GB.
    *   Percentage reached = 40%.
    *   Size downloaded = $40\% \text{ of } 200 = 0.40 \times 200 = 80 \text{ GB}$.
    *   Speed = 2 GB/min.
    *   Time taken for the first part = $\frac{\text{Size}}{\text{Speed}} = \frac{80 \text{ GB}}{2 \text{ GB/min}} = 40 \text{ minutes}$.

    *   Time taken for update = 20 minutes.

    *   Since the download starts from the beginning, the entire 200 GB must be downloaded again.
    *   Speed = 2 GB/min.
    *   Time taken for the second part = $\frac{\text{Total Size}}{\text{Speed}} = \frac{200 \text{ GB}}{2 \text{ GB/min}} = 100 \text{ minutes}$.

    *   Total time = (Time for first part) + (Time for restart) + (Time for the second full download).
    *   Total time = $40 \text{ minutes} + 20 \text{ minutes} + 100 \text{ minutes}$.
    *   Total time = $160 \text{ minutes}$.

    *   160 minutes = 2 hours and 40 minutes (since 60 min = 1 hour).

    *   Step 1: Calculate size at 40% -> $0.4 \times 200 = 80$ GB.
    *   Step 2: Time for first 80 GB -> $80 / 2 = 40$ min.
    *   Step 3: Restart time -> 20 min.
    *   Step 4: Time for full 200 GB -> $200 / 2 = 100$ min.
    *   Step 5: Sum -> $40 + 20 + 100 = 160$ min.

    *   ""కార్లా 200GB ఫైలును డౌన్‌లోడ్ చేస్తోంది."" (Carla is downloading a 200GB file.)
    *   ""సాధారణంగా ఆమె నిమిషానికి 2 GB డౌన్‌లోడ్ చేయగలదు"" (She can normally download 2 GB per minute.)
    *   ""డౌన్‌లోడ్ 40% చేరుకునే సరికి... విండోస్ ఫోర్స్ రీస్టార్ట్ అయింది, దీనికి 20 నిమిషాలు పట్టింది."" (When the download reached 40%... Windows force restarted, taking 20 minutes.)
    *   ""తరువాత కార్లా డౌన్‌లోడ్‌ని మొదటి నుంచి తిరిగి ప్రారంభించాల్సి వచ్చింది."" (Then Carla had to restart the download from the beginning.)
    *   ""ఫైలు డౌన్‌లోడ్ చేయడానికి ఎంత లోడ్ పడుతుంది?"" (How long will it take to download the file?)

    *   Step 1: మొదటిసారి డౌన్‌లోడ్ చేసిన పరిమాణం (Amount downloaded first time): $200 \times 40\% = 80$ GB.
    *   Step 2: మొదటిసారి పట్టిన సమయం (Time taken first time): $80 / 2 = 40$ నిమిషాలు.
    *   Step 3: రీస్టార్ట్ సమయం (Restart time): 20 నిమిషాలు.
    *   Step 4: మళ్ళీ మొదటి నుంచి పూర్తి డౌన్‌లోడ్ సమయం (Time for full download again): $200 / 2 = 100$ నిమిషాలు.
    *   Step 5: మొత్తం సమయం (Total time): $40 + 20 + 100 = 160$ నిమిషాలు.

    *   Total time = 160 minutes.
    *   Conversion to hours: 2 hours 40 minutes.

    *   Translate steps clearly into Telugu or provide English with Telugu explanation if needed, but the user asked the prompt in Telugu, so I should answer in Telugu primarily or clearly. Let's provide a clear step-by-step in English/Telugu.

    *Self-Correction during drafting:* The question asks ""ఎంత లోడ్ పడుతుంది?"" which usually means ""How much time will it take?"".

    *Calculation Check:*
    40% of 200 = 80.
    80 / 2 = 40 mins.
    Restart = 20 mins.
    Restarted download (0 to 100%) = 200 / 2 = 100 mins.
    40 + 20 + 100 = 160 mins.

    Result is 160 minutes.","To find the total time it takes for Carla to download the file, we need to break the process down into three parts: the initial download until the restart, the time spent during the restart, and the time taken to download the file from the beginning.

### **Step-by-Step Solution:**

**1. Calculate the time taken for the first part of the download (up to 40%):**
*   **Total file size:** 200 GB
*   **Percentage downloaded:** 40%
*   **Size downloaded:** $200 \text{ GB} \times \frac{40}{100} = 80 \text{ GB}$
*   **Download speed:** 2 GB per minute
*   **Time taken for the first part:** $\frac{80 \text{ GB}}{2 \text{ GB/min}} = 40 \text{ minutes}$

**2. Account for the time taken for the Windows restart:**
*   **Restart time:** 20 minutes

**3. Calculate the time taken for the second download (from the beginning):**
*   Since the download started from the beginning, Carla has to download the entire 200 GB again.
*   **Total file size to download:** 200 GB
*   **Download speed:** 2 GB per minute
*   **Time taken for the second part:** $\frac{200 \text{ GB}}{2 \text{ GB/min}} = 100 \text{ minutes}$

**4. Calculate the total time taken:**
*   **Total time** = (Time for the first part) + (Restart time)",Qwen3.5-27B,0.0,False,"The candidate solution correctly calculates the individual time components (40 minutes for the first part, 20 minutes for restart, 100 minutes for the second download). However, the solution is incomplete and mathematically incorrect in its final step. In Step 4, it defines the total time formula as only the sum of the first part and the restart time, omitting the time required for the second download (100 minutes). It fails to provide the final numerical answer (160 minutes) and the logic for the total sum is flawed.","{
  ""score"": 0.0,
  ""correct"": false,
  ""reason"": ""The candidate solution correctly calculates the individual time components (40 minutes for the first part, 20 minutes for restart, 100 minutes for the second download). However, the solution is incomplete and mathematically incorrect in its final step. In Step 4, it defines the total time formula as only the sum of the first part and the restart time, omitting the time required for the second download (100 minutes). It fails to provide the final numerical answer (160 minutes) and the logic for the total sum is flawed.""
}","The user wants me to evaluate a mathematical solution provided by an AI candidate.

**1. Analyze the Question:**
*   **Total File Size:** 200 GB
*   **Download Speed:** 2 GB/minute
*   **Event:** Download reaches 40%, then Windows forces a restart.
*   **Restart Duration:** 20 minutes.
*   **Consequence:** Download must restart from the beginning.
*   **Question:** How long does it take to download the file? (Total time elapsed).

**2. Solve the Problem Independently:**
*   **Phase 1: Initial Download**
    *   Amount downloaded = 40% of 200 GB = $0.40 \times 200 = 80$ GB.
    *   Time taken = Amount / Speed = $80 \text{ GB} / 2 \text{ GB/min} = 40$ minutes.
*   **Phase 2: Restart**
    *   Time taken = 20 minutes.
*   **Phase 3: Second Download**
    *   Since it restarts from the beginning, the full 200 GB needs to be downloaded.
    *   Time taken = $200 \text{ GB} / 2 \text{ GB/min} = 100$ minutes.
*   **Total Time:**
    *   Total = Phase 1 + Phase 2 + Phase 3
    *   Total = $40 + 20 + 100 = 160$ minutes.

**3. Evaluate the Candidate Solution:**
*   **Step 1:** Calculates 40% of 200 GB = 80 GB. Time = 80 / 2 = 40 minutes. (Correct)
*   **Step 2:** Restart time = 20 minutes. (Correct)
*   **Step 3:** Second download = 200 GB / 2 GB/min = 100 minutes. (Correct)
*   **Step 4:** Calculates Total Time.
    *   The text says: ""**Total time** = (Time for the first part) + (Restart time)""
    *   It stops there. It does not add the time for"
Gemma-4-26B,8,P3,"కార్లా 200GB ఫైలును డౌన్‌లోడ్ చేస్తోంది. సాధారణంగా ఆమె నిమిషానికి 2 GB డౌన్‌లోడ్ చేయగలదు, కానీ డౌన్‌లోడ్ 40% చేరుకునే సరికి, అప్‌డేట్‌లను ఇన్‌స్టాల్ చేయడానికి విండోస్ ఫోర్స్ రీస్టార్ట్ అయింది, దీనికి 20 నిమిషాలు పట్టింది. తరువాత కార్లా డౌన్‌లోడ్‌ని మొదటి నుంచి తిరిగి ప్రారంభించాల్సి వచ్చింది. ఫైలు డౌన్‌లోడ్ చేయడానికి ఎంత లోడ్ పడుతుంది?","Work through the following math problem step by step. Show how you arrive at the answer and give the final result.

Problem:
కార్లా 200GB ఫైలును డౌన్‌లోడ్ చేస్తోంది. సాధారణంగా ఆమె నిమిషానికి 2 GB డౌన్‌లోడ్ చేయగలదు, కానీ డౌన్‌లోడ్ 40% చేరుకునే సరికి, అప్‌డేట్‌లను ఇన్‌స్టాల్ చేయడానికి విండోస్ ఫోర్స్ రీస్టార్ట్ అయింది, దీనికి 20 నిమిషాలు పట్టింది. తరువాత కార్లా డౌన్‌లోడ్‌ని మొదటి నుంచి తిరిగి ప్రారంభించాల్సి వచ్చింది. ఫైలు డౌన్‌లోడ్ చేయడానికి ఎంత లోడ్ పడుతుంది?","*   Total file size: 200 GB.
    *   Download speed: 2 GB per minute.
    *   Event: Download reaches 40% completion.
    *   Interruption: Windows forced restart for updates.
    *   Duration of interruption: 20 minutes.
    *   Consequence: Download must be restarted from the beginning (0%).
    *   Goal: Find the total time taken to download the file.

    *   Total size = 200 GB.
    *   Progress reached = 40% of 200 GB.
    *   Calculation: $200 \times \frac{40}{100} = 80$ GB.
    *   Time taken to reach 80 GB: $\frac{\text{Size}}{\text{Speed}} = \frac{80 \text{ GB}}{2 \text{ GB/min}} = 40$ minutes.

    *   Time spent waiting for the restart = 20 minutes.

    *   Since the download must be restarted from the beginning, the entire 200 GB must be downloaded again.
    *   Time to download 200 GB: $\frac{200 \text{ GB}}{2 \text{ GB/min}} = 100$ minutes.

    *   Time for the first (incomplete) attempt = 40 minutes.
    *   Time spent on the restart = 20 minutes.
    *   Time for the second (full) attempt = 100 minutes.
    *   Total time = $40 + 20 + 100 = 160$ minutes.

    *   Total time = 160 minutes.
    *   Convert to hours and minutes (optional but good for clarity): 2 hours and 40 minutes.

    *   *Step 1: Calculate initial progress.*
        మొత్తం ఫైలు పరిమాణం = 200 GB.
        డౌన్‌లోడ్ అయిన భాగం = 40%.
        డౌన్‌లోడ్ అయిన డేటా = $200 \times \frac{40}{100} = 80$ GB.
    *   *Step 2: Calculate time for initial progress.*
        వేగం = 2 GB/నిమిషం.
        పట్టిన సమయం = $\frac{80}{2} = 40$ నిమిషాలు.
    *   *Step 3: Add interruption time.*
        రీస్టార్ట్ సమయం = 20 నిమిషాలు.
    *   *Step 4: Calculate time for the second attempt.*
        డౌన్‌లోడ్ మళ్ళీ మొదటి నుండి ప్రారంభించాల్సి వచ్చింది కాబట్టి, మొత్తం 200 GB డౌన్‌లోడ్ చేయాలి.
        రెండవసారి పట్టే సమయం = $\frac{200}{2} = 100$ నిమిషాలు.
    *   *Step 5: Total time calculation.*
        మొత్తం సమయం = 40 + 20 + 100 = 160 నిమిషాలు.

    *   Did I miss anything? ""డౌన్‌లోడ్ 40% చేరుకునే సరికి... రీస్టార్ట్ అయింది... తరువాత కార్లా డౌన్‌లోడ్‌ని మొదటి నుంచి తిరిగి ప్రారంభించాల్సి వచ్చింది."" Yes, this confirms the first 40% is lost.
    *   Check math: $200 \times 0.4 = 80$. $80 / 2 = 40$. $200 / 2 = 100$. $40 + 20 + 100 = 160$. Correct.

    (Drafting the final response in Telugu as requested by the problem's language).","ఈ సమస్యను దశలవారీగా పరిష్కరిద్దాం:

**1. మొదటి ప్రయత్నంలో ఎంత డేటా డౌన్‌లోడ్ అయ్యింది?**
*   మొత్తం ఫైలు పరిమాణం = 200 GB
*   డౌన్‌లోడ్ అయిన శాతం = 40%
*   డౌన్‌లోడ్ అయిన డేటా = $200 \times \frac{40}{100} = 80$ GB

**2. మొదటి ప్రయత్నంలో ఎంత సమయం పట్టింది?**
*   డౌన్‌లోడ్ వేగం = నిమిషానికి 2 GB
*   80 GB డౌన్‌లోడ్ చేయడానికి పట్టిన సమయం = $\frac{80}{2} = 40$ నిమిషాలు

**3. ఇంటర్రప్షన్ (అడ్డంకి) సమయంలో పట్టిన సమయం:**
*   విండోస్ రీస్టార్ట్ అవ్వడానికి పట్టిన సమయం = 20 నిమిషాలు

**4. రెండో ప్రయత్నంలో పట్టే సమయం:**
*   డౌన్‌లోడ్ మళ్ళీ మొదటి నుండి (0% నుండి) ప్రారంభించాల్సి వచ్చింది కాబట్టి, మొత్తం 200 GB ని మళ్ళీ డౌన్‌లోడ్ చేయాలి.
*   మొత్తం 200 GB డౌన్‌లోడ్ చేయడానికి పట్టే సమయం = $\frac{200}{2} = 100$ నిమిషాలు

**5. మొత్తం పట్టే సమయం:**
మొత్తం సమయం = (మొదటి ప్రయత్న సమయం) + (రీస్టార్ట్ సమయం) + (రెండో ప్రయత్న సమయం)
*   మొత్తం సమయం = $40 + 20 + 100 = 160$ నిమిషాలు

**సమాధానం:**
ఫైలు డౌన్‌లోడ్ చేయడానికి మొత్తం **160 నిమిషాలు** (లేదా 2 గంటల 40 నిమిషాలు) పడుతుంది.",Qwen3.5-27B,1.0,True,"The candidate solution correctly calculates the data downloaded in the first attempt (80 GB), the time taken for that attempt (40 minutes), adds the restart delay (20 minutes), and calculates the time for the full download from the beginning (100 minutes). The final sum (40 + 20 + 100 = 160 minutes) is mathematically accurate and logically sound based on the problem statement.","{
  ""score"": 1.0,
  ""correct"": true,
  ""reason"": ""The candidate solution correctly calculates the data downloaded in the first attempt (80 GB), the time taken for that attempt (40 minutes), adds the restart delay (20 minutes), and calculates the time for the full download from the beginning (100 minutes). The final sum (40 + 20 + 100 = 160 minutes) is mathematically accurate and logically sound based on the problem statement.""
}","The user wants me to evaluate a mathematical solution provided in Telugu.

**1. Analyze the Question:**
*   **Total File Size:** 200 GB
*   **Download Speed:** 2 GB/minute
*   **Event:** Download reached 40%, then Windows forced a restart.
*   **Restart Time:** 20 minutes.
*   **Consequence:** Download restarted from the beginning (0%).
*   **Question:** How long does it take to download the file? (Total time including the restart delay).

**2. Solve the Problem Independently:**
*   **Step 1: Calculate data downloaded in the first attempt.**
    *   $40\%$ of $200 \text{ GB} = 0.40 \times 200 = 80 \text{ GB}$.
*   **Step 2: Calculate time taken for the first attempt.**
    *   Speed = $2 \text{ GB/min}$.
    *   Time = $\frac{\text{Data}}{\text{Speed}} = \frac{80}{2} = 40 \text{ minutes}$.
*   **Step 3: Account for the restart delay.**
    *   Restart time = $20 \text{ minutes}$.
*   **Step 4: Calculate time for the second attempt.**
    *   Since it restarted from the beginning, the full $200 \text{ GB}$ needs to be downloaded again.
    *   Time = $\frac{200}{2} = 100 \text{ minutes}$.
*   **Step 5: Calculate total time.**
    *   Total Time = (Time for 1st attempt) + (Restart time) + (Time for 2nd attempt).
    *   Total Time = $40 + 20 + 100 = 160 \text{ minutes}$.

**3. Evaluate the Candidate Solution:**
*   **Step 1:** Calculates 40% of 200 GB = 80 GB. (Correct)
*   **Step 2:** Calculates time for 80 GB at 2 GB/min = 40 minutes. (Correct)
*   **Step 3:** Identifies"
Gemma-4-26B,8,P4,"కార్లా 200GB ఫైలును డౌన్‌లోడ్ చేస్తోంది. సాధారణంగా ఆమె నిమిషానికి 2 GB డౌన్‌లోడ్ చేయగలదు, కానీ డౌన్‌లోడ్ 40% చేరుకునే సరికి, అప్‌డేట్‌లను ఇన్‌స్టాల్ చేయడానికి విండోస్ ఫోర్స్ రీస్టార్ట్ అయింది, దీనికి 20 నిమిషాలు పట్టింది. తరువాత కార్లా డౌన్‌లోడ్‌ని మొదటి నుంచి తిరిగి ప్రారంభించాల్సి వచ్చింది. ఫైలు డౌన్‌లోడ్ చేయడానికి ఎంత లోడ్ పడుతుంది?","Find the solution to the following problem. Explain your reasoning and calculations before giving the final answer.

Problem:
కార్లా 200GB ఫైలును డౌన్‌లోడ్ చేస్తోంది. సాధారణంగా ఆమె నిమిషానికి 2 GB డౌన్‌లోడ్ చేయగలదు, కానీ డౌన్‌లోడ్ 40% చేరుకునే సరికి, అప్‌డేట్‌లను ఇన్‌స్టాల్ చేయడానికి విండోస్ ఫోర్స్ రీస్టార్ట్ అయింది, దీనికి 20 నిమిషాలు పట్టింది. తరువాత కార్లా డౌన్‌లోడ్‌ని మొదటి నుంచి తిరిగి ప్రారంభించాల్సి వచ్చింది. ఫైలు డౌన్‌లోడ్ చేయడానికి ఎంత లోడ్ పడుతుంది?","*   Total file size: 200 GB.
    *   Normal download speed: 2 GB per minute.
    *   Interruption event: Download reaches 40% of completion.
    *   Interruption duration: 20 minutes (Windows forced restart/updates).
    *   Consequence: Download must start from the beginning.
    *   Goal: Find the total time taken to finish the download.

    *   Total size = 200 GB.
    *   Progress reached = 40% of 200 GB.
    *   Calculation: $0.40 \times 200 = 80$ GB.
    *   Time spent downloading the first 80 GB:
        *   Speed = 2 GB/min.
        *   Time = $80 \text{ GB} / 2 \text{ GB/min} = 40$ minutes.

    *   The restart took 20 minutes.
    *   During this time, no progress was made on the file.

    *   Since the download must start from the beginning, the entire 200 GB needs to be downloaded again.
    *   Time to download 200 GB:
        *   Speed = 2 GB/min.
        *   Time = $200 \text{ GB} / 2 \text{ GB/min} = 100$ minutes.

    *   Time spent on the first (incomplete) attempt: 40 minutes.
    *   Time spent during the restart: 20 minutes.
    *   Time spent on the second (successful) attempt: 100 minutes.
    *   Total Time = $40 + 20 + 100 = 160$ minutes.

    *   160 minutes = 2 hours and 40 minutes.

    *   *Check:*
        *   Initial progress: 40% of 200 = 80 GB.
        *   Time for 80 GB: 80/2 = 40 mins.
        *   Restart: 20 mins.
        *   Restarted download: 200 GB.
        *   Time for 200 GB: 200/2 = 100 mins.
        *   Total: 40 + 20 + 100 = 160 mins. Correct.

    *   Translate the logic into Telugu as requested.
    *   Step 1: Initial progress calculation.
    *   Step 2: Time spent before restart.
    *   Step 3: Time spent during restart.
    *   Step 4: Time for the second attempt.
    *   Step 5: Final summation.

    *   ""కార్లా 200GB ఫైలును డౌన్‌లోడ్ చేస్తోంది."" (Carla is downloading a 200GB file.)
    *   ""వేగం: నిమిషానికి 2 GB."" (Speed: 2 GB per min.)
    *   ""40% పూర్తి అయినప్పుడు..."" (When 40% is done...)
    *   ""40% అంటే: 200 * 0.40 = 80 GB.""
    *   ""ఆ 80 GB డౌన్‌లోడ్ చేయడానికి పట్టిన సమయం: 80 / 2 = 40 నిమిషాలు.""
    *   ""రీస్టార్ట్ సమయం: 20 నిమిషాలు.""
    *   ""తిరిగి మొదటి నుండి డౌన్‌లోడ్ చేయాలి: 200 GB.""
    *   ""మొత్తం 200 GB డౌన్‌లోడ్ చేయడానికి సమయం: 200 / 2 = 100 నిమిషాలు.""
    *   ""మొత్తం సమయం: 40 + 20 + 100 = 160 నిమిషాలు.""

    *   Final Answer format: 160 నిమిషాలు (లేదా 2 గంటల 40 నిమిషాలు).","ఈ సమస్యను పరిష్కరించడానికి, మనం డౌన్‌లోడ్ ప్రక్రియలో జరిగిన వివిధ దశలను లెక్కించాలి.

**దశ 1: మొదటి ప్రయత్నంలో ఎంత సమయం పట్టిందో లెక్కించడం**
*   మొత్తం ఫైలు పరిమాణం = 200 GB
*   డౌన్‌లోడ్ 40% చేరుకున్నప్పుడు రీస్టార్ట్ అయింది.
*   కాబట్టి, డౌన్‌లోడ్ అయిన ఫైలు పరిమాణం = $200 \text{ GB} \times \frac{40}{100} = 80 \text{ GB}$.
*   డౌన్‌లోడ్ వేగం = నిమిషానికి 2 GB.
*   80 GB డౌన్‌లోడ్ చేయడానికి పట్టిన సమయం = $\frac{80 \text{ GB}}{2 \text{ GB/min}} = 40 \text{ నిమిషాలు}$.

**దశ 2: రీస్టార్ట్ సమయంలో పట్టిన సమయం**
*   విండోస్ రీస్టార్ట్ అవ్వడం వల్ల పట్టిన సమయం = 20 నిమిషాలు.

**దశ 3: రెండో ప్రయత్నంలో (మొదటి నుండి) డౌన్‌లోడ్ చేయడానికి పట్టే సమయం**
*   కార్లా డౌన్‌లోడ్‌ని మొదటి నుంచి ప్రారంభించాల్సి వచ్చింది, అంటే పూర్తి 200 GB ని మళ్ళీ డౌన్‌లోడ్ చేయాలి.
*   మొత్తం 200 GB డౌన్‌లోడ్ చేయడానికి పట్టే సమయం = $\frac{200 \text{ GB}}{2 \text{ GB/min}} = 100 \text{ నిమిషాలు}$.

**దశ 4: మొత్తం సమయాన్ని లెక్కించడం**
మొత్తం పట్టిన సమయం = (మొదటి ప్రయత్న సమయం) + (రీస్టార్ట్ సమయం) + (రెండో ప్రయత్న సమయం)
*   మొత్తం సమయం = $40 \text{ నిమిషాలు} + 20 \text{ నిమిషాలు} + 100 \text{ నిమిషాలు} = 160 \text{ నిమిషాలు}$.

160 నిమిషాలను గంటలలోకి మారిస్తే:
$160 \text{ నిమిషాలు} = 2 \text{ గంటల } 40 \text{ నిమిషాలు}$.

**సమాధానం:**
ఫైలు డౌన్‌లోడ్ చేయడానికి మొత్తం **160 నిమిషాలు** (లేదా 2 గంటల 40 నిమిషాలు) పడుతుంది.",Qwen3.5-27B,1.0,True,"The candidate solution correctly calculates the time taken for the first partial download (40% of 200GB = 80GB, taking 40 minutes), adds the restart delay (20 minutes), and adds the time for the full second download (200GB taking 100 minutes). The final sum of 160 minutes is mathematically accurate based on the problem statement.","{
  ""score"": 1.0,
  ""correct"": true,
  ""reason"": ""The candidate solution correctly calculates the time taken for the first partial download (40% of 200GB = 80GB, taking 40 minutes), adds the restart delay (20 minutes), and adds the time for the full second download (200GB taking 100 minutes). The final sum of 160 minutes is mathematically accurate based on the problem statement.""
}","The user wants me to evaluate a mathematical solution provided in Telugu.

**1. Analyze the Question:**
*   **Total File Size:** 200 GB
*   **Download Speed:** 2 GB/minute
*   **Event:** Download reached 40%, then Windows forced a restart.
*   **Restart Time:** 20 minutes.
*   **Consequence:** Download had to restart from the beginning.
*   **Question:** How long does it take to download the file? (Total time including the restart delay).

**2. Solve the Problem Independently:**
*   **Step 1: Calculate time for the first attempt.**
    *   Amount downloaded before restart = 40% of 200 GB.
    *   $0.40 \times 200 = 80$ GB.
    *   Time taken = Amount / Speed = $80 \text{ GB} / 2 \text{ GB/min} = 40$ minutes.
*   **Step 2: Calculate restart time.**
    *   Given as 20 minutes.
*   **Step 3: Calculate time for the second attempt.**
    *   Since it restarted from the beginning, the full 200 GB needs to be downloaded again.
    *   Time taken = $200 \text{ GB} / 2 \text{ GB/min} = 100$ minutes.
*   **Step 4: Calculate total time.**
    *   Total Time = (Time for first attempt) + (Restart time) + (Time for second attempt).
    *   Total Time = $40 + 20 + 100 = 160$ minutes.
*   **Step 5: Convert to hours/minutes (optional but good for context).**
    *   $160 \text{ minutes} = 2 \text{ hours } 40 \text{ minutes}$.

**3. Evaluate the Candidate Solution:**
*   **Step 1 (First attempt):**
    *   Calculates 40% of 200 GB = 80 GB. Correct.
    *   Calculates time = 80 / 2 = 40 minutes. Correct.
*   **Step 2"
Gemma-4-26B,8,P5,"కార్లా 200GB ఫైలును డౌన్‌లోడ్ చేస్తోంది. సాధారణంగా ఆమె నిమిషానికి 2 GB డౌన్‌లోడ్ చేయగలదు, కానీ డౌన్‌లోడ్ 40% చేరుకునే సరికి, అప్‌డేట్‌లను ఇన్‌స్టాల్ చేయడానికి విండోస్ ఫోర్స్ రీస్టార్ట్ అయింది, దీనికి 20 నిమిషాలు పట్టింది. తరువాత కార్లా డౌన్‌లోడ్‌ని మొదటి నుంచి తిరిగి ప్రారంభించాల్సి వచ్చింది. ఫైలు డౌన్‌లోడ్ చేయడానికి ఎంత లోడ్ పడుతుంది?","Carefully solve the following mathematical problem. Provide a step-by-step solution and conclude with the final answer.

Problem:
కార్లా 200GB ఫైలును డౌన్‌లోడ్ చేస్తోంది. సాధారణంగా ఆమె నిమిషానికి 2 GB డౌన్‌లోడ్ చేయగలదు, కానీ డౌన్‌లోడ్ 40% చేరుకునే సరికి, అప్‌డేట్‌లను ఇన్‌స్టాల్ చేయడానికి విండోస్ ఫోర్స్ రీస్టార్ట్ అయింది, దీనికి 20 నిమిషాలు పట్టింది. తరువాత కార్లా డౌన్‌లోడ్‌ని మొదటి నుంచి తిరిగి ప్రారంభించాల్సి వచ్చింది. ఫైలు డౌన్‌లోడ్ చేయడానికి ఎంత లోడ్ పడుతుంది?","*   Total file size: 200 GB
    *   Normal download speed: 2 GB per minute
    *   Scenario:
        1.  Downloads 40% of the file.
        2.  Windows forced a restart due to updates.
        3.  Restart time: 20 minutes.
        4.  After restart, the download must start from the beginning (0%).
    *   Question: How much total time (in minutes) will it take to download the file?

    *   Total size = 200 GB
    *   Download progress before restart = 40% of 200 GB
    *   Progress = $0.40 \times 200 = 80$ GB
    *   Time taken for this part = $\frac{80 \text{ GB}}{2 \text{ GB/min}} = 40$ minutes.

    *   Restart time = 20 minutes.

    *   Since the download must start from the beginning, she has to download the full 200 GB.
    *   Time taken for the full download = $\frac{200 \text{ GB}}{2 \text{ GB/min}} = 100$ minutes.

    *   Total time = (Time for first 40%) + (Time for restart) + (Time for full download)
    *   Total time = 40 minutes + 20 minutes + 100 minutes
    *   Total time = 160 minutes.

    *   Did I misread the ""restart from beginning"" part?
        *   ""తరువాత కార్లా డౌన్‌లోడ్‌ని మొదటి నుంచి తిరిగి ప్రారంభించాల్సి వచ్చింది."" (Then Carla had to restart the download from the beginning.)
        *   Yes, this means the 40% already downloaded is lost/doesn't count towards the final state, but the time spent downloading it is still part of the *total* time taken to finish the task.
    *   Wait, let's re-read the question: ""ఫైలు డౌన్‌లోడ్ చేయడానికి ఎంత లోడ్ పడుతుంది?"" (How much time will it take to download the file?)
    *   Does ""total time"" include the time spent on the first (failed) attempt? Usually, in these word problems, yes. The question asks for the total duration from start to finish.

    *   Step 1: Download 40% of 200 GB.
        *   $0.4 \times 200 = 80$ GB.
        *   Time = $80 / 2 = 40$ minutes.
    *   Step 2: Restart.
        *   Time = 20 minutes.
    *   Step 3: Redownload the whole 200 GB.
        *   Time = $200 / 2 = 100$ minutes.
    *   Total time = $40 + 20 + 100 = 160$ minutes.

    *   Total file: 200 GB.
    *   Speed: 2 GB/min.
    *   40% of 200 = 80 GB.
    *   Time for 80 GB = 40 min.
    *   Restart time = 20 min.
    *   Restarting from beginning = Must download 200 GB again.
    *   Time for 200 GB = 100 min.
    *   Total = 40 + 20 + 100 = 160 min.

    *   Is there any ambiguity in ""ఎంత లోడ్ పడుతుంది""? It literally means ""How much time will it take?"" (In Telugu, ""లోడ్ పడుతుంది"" is a slightly informal way of saying ""takes time"", usually ""సమయం పడుతుంది"").
    *   Does ""restart from the beginning"" mean the 40% is lost? Yes.
    *   Does ""total time"" include the time already spent? Yes, usually.

    *   Total size = 200 GB
    *   Speed = 2 GB/min
    *   First attempt (up to 40%):
        *   Amount = 40% of 200 = 80 GB
        *   Time = 80 / 2 = 40 minutes
    *   Restart: 20 minutes
    *   Second attempt (full file):
        *   Amount = 200 GB
        *   Time = 200 / 2 = 100 minutes
    *   Total time = 40 + 20 + 100 = 160 minutes.

    *   40% of 200 is 80. Correct.
    *   80 / 2 is 40. Correct.
    *   200 / 2 is 100. Correct.
    *   40 + 20 + 100 = 160. Correct.

    *   ""కార్లా 200GB ఫైలును డౌన్‌లోడ్ చేస్తోంది."" (Carla is downloading a 200GB file.)
    *   ""సాధారణంగా ఆమె నిమిషానికి 2 GB డౌన్‌లోడ్ చేయగలదు,"" (Normally she can download 2 GB per minute,)
    *   ""కానీ డౌన్‌లోడ్ 40% చేరుకునే సరికి,"" (but when the download reaches 40%,)
    *   ""అప్‌డేట్‌లను ఇన్‌స్టాల్ చేయడానికి విండోస్ ఫోర్స్ రీస్టార్ట్ అయింది, దీనికి 20 నిమిషాలు పట్టింది."" (Windows forced a restart to install updates, which took 20 minutes.)
    *   ""తరువాత కార్లా డౌన్‌లోడ్‌ని మొదటి నుంచి తిరిగి ప్రారంభించాల్సి వచ్చింది."" (Then Carla had to restart the download from the beginning.)
    *   ""ఫైలు డౌన్‌లోడ్ చేయడానికి ఎంత లోడ్ పడుతుంది?"" (How much time will it take to download the file?)

    Everything seems consistent.

    160 minutes is 2 hours and 40 minutes. The question asks ""ఎంత లోడ్ పడుతుంది?"" (how much time), so 160 minutes should be the answer.

    *   Time spent on first 40% = 40 mins.
    *   Time spent on restart = 20 mins.
    *   Time spent on full download = 100 mins.
    *   Total = 160 mins.","To find the total time taken to download the file, we need to calculate the time spent in each stage of the process.

**1. Calculate the time spent on the first partial download:**
*   Total file size = 200 GB
*   The download reached 40% before the restart.
*   Amount downloaded = $4",Qwen3.5-27B,0.0,False,"The candidate solution is incomplete and cuts off mid-calculation. It fails to provide a final answer or complete the necessary steps to solve the problem. Additionally, the partial calculation shown ('Amount downloaded = $4') appears mathematically incorrect or truncated (should be 80 GB).","{
  ""score"": 0.0,
  ""correct"": false,
  ""reason"": ""The candidate solution is incomplete and cuts off mid-calculation. It fails to provide a final answer or complete the necessary steps to solve the problem. Additionally, the partial calculation shown ('Amount downloaded = $4') appears mathematically incorrect or truncated (should be 80 GB).""
}","The user wants me to evaluate a mathematical solution provided by an AI candidate.

**1. Analyze the Question:**
*   **Total File Size:** 200 GB
*   **Download Speed:** 2 GB/minute
*   **Event:** Download reached 40%, then Windows forced a restart.
*   **Restart Time:** 20 minutes.
*   **Consequence:** Download restarted from the beginning (0%).
*   **Goal:** Calculate the total time taken to download the file.

**2. Solve the Problem Independently:**
*   **Step 1: Calculate the amount downloaded before the restart.**
    *   40% of 200 GB = $0.40 \times 200 = 80$ GB.
*   **Step 2: Calculate the time taken for the first partial download.**
    *   Speed = 2 GB/min.
    *   Time = Amount / Speed = $80 / 2 = 40$ minutes.
*   **Step 3: Account for the restart time.**
    *   Restart duration = 20 minutes.
*   **Step 4: Calculate the time for the full download after restart.**
    *   Since it restarted from the beginning, the full 200 GB needs to be downloaded again.
    *   Time = $200 / 2 = 100$ minutes.
*   **Step 5: Calculate total time.**
    *   Total Time = (Time for first partial download) + (Restart time) + (Time for full download)
    *   Total Time = $40 + 20 + 100 = 160$ minutes.

**3. Evaluate the Candidate Solution:**
*   The candidate solution provided is incomplete. It cuts off mid-sentence: ""Amount downloaded = $4"".
*   It does not provide a final answer.
*   It does not complete the calculation.
*   Even the partial calculation shown (""Amount downloaded = $4"") seems incorrect or incomplete (likely meant to be 80, but it says 4). Wait, looking closely at the text: ""Amount downloaded = $4"". This looks like a LaTeX formatting error or a truncation. $40\% \times 2"
Gemma-4-26B,9,P1,"జాన్ గంటకు 60 మైళ్ల వేగంతో 3 గంటలపాటు ప్రయాణించాడు, ఇంటి వద్ద ముఖ్యమైనది ఏదో మర్చిపోయినట్లుగా అతడు అర్థం చేసుకోవడంతో వెనక్కి తిరిగాడు. అతడు 4 గంటల్లో ఇంటికి చేరుకోవడానికి ప్రయత్నిస్తాడు. కానీ మొదటి 2 గంటలు అతడు కదలకుండా ఆగిపోయిన ట్రాఫిక్‌లో గడిపాడు. అతడు తరువాత అర్ధ గంట 30 మైళ్ల వేగంతో ప్రయాణించాడు, 4 గంటల్లో మిగిన సమయాన్ని అతడు గంటకు 80 మైళ్ల వేగంతో ప్రయాణించగలుగుతాడు. ఆ 4 గంటలు ముగిసిన తరువాత అతడు ఇంటి నుంచి ఎంత దూరంలో ఉంటాడు?","Solve the following math problem step by step. Show your reasoning clearly and provide the final answer.

Problem:
జాన్ గంటకు 60 మైళ్ల వేగంతో 3 గంటలపాటు ప్రయాణించాడు, ఇంటి వద్ద ముఖ్యమైనది ఏదో మర్చిపోయినట్లుగా అతడు అర్థం చేసుకోవడంతో వెనక్కి తిరిగాడు. అతడు 4 గంటల్లో ఇంటికి చేరుకోవడానికి ప్రయత్నిస్తాడు. కానీ మొదటి 2 గంటలు అతడు కదలకుండా ఆగిపోయిన ట్రాఫిక్‌లో గడిపాడు. అతడు తరువాత అర్ధ గంట 30 మైళ్ల వేగంతో ప్రయాణించాడు, 4 గంటల్లో మిగిన సమయాన్ని అతడు గంటకు 80 మైళ్ల వేగంతో ప్రయాణించగలుగుతాడు. ఆ 4 గంటలు ముగిసిన తరువాత అతడు ఇంటి నుంచి ఎంత దూరంలో ఉంటాడు?","*   John travels at 60 mph for 3 hours.
    *   He realizes he forgot something at home and turns back.
    *   He tries to get home in 4 hours.
    *   In those 4 hours:
        *   He spends the first 2 hours stuck in traffic (speed = 0).
        *   He then travels for half an hour (0.5 hours) at 30 mph.
        *   He travels for the remaining time (of the 4 hours) at 80 mph.
    *   Goal: Find how far he is from home after those 4 hours.

    *   Speed ($v_1$) = 60 mph
    *   Time ($t_1$) = 3 hours
    *   Distance traveled from home ($D_1$) = $v_1 \times t_1 = 60 \times 3 = 180$ miles.
    *   At this point, he is 180 miles away from home.

    *   Total time allotted for the return trip = 4 hours.

        *   Time ($t_{stuck}$) = 2 hours
        *   Speed ($v_{stuck}$) = 0 mph
        *   Distance covered = 0 miles.
        *   Current distance from home = 180 miles.
        *   Remaining time = 4 - 2 = 2 hours.

        *   Time ($t_{half}$) = 0.5 hours
        *   Speed ($v_{half}$) = 30 mph
        *   Distance covered towards home ($D_{half}$) = $30 \times 0.5 = 15$ miles.
        *   Current distance from home = $180 - 15 = 165$ miles.
        *   Remaining time = 2 - 0.5 = 1.5 hours.

        *   Time ($t_{final}$) = 1.5 hours
        *   Speed ($v_{final}$) = 80 mph
        *   Distance covered towards home ($D_{final}$) = $80 \times 1.5 = 120$ miles.

    *   Total distance covered towards home during the 4-hour attempt = $0 + 15 + 120 = 135$ miles.
    *   Total distance originally traveled away from home = 180 miles.
    *   Final distance from home = $180 - 135 = 45$ miles.

    *   Initial distance: $60 \times 3 = 180$ miles.
    *   Return trip breakdown:
        *   0-2 hours: $0 \times 2 = 0$ miles.
        *   2-2.5 hours: $30 \times 0.5 = 15$ miles.
        *   2.5-4 hours: $80 \times 1.5 = 120$ miles.
    *   Total distance returned: $0 + 15 + 120 = 135$ miles.
    *   Remaining distance from home: $180 - 135 = 45$ miles.

    *   ""60 మైళ్ల వేగంతో 3 గంటలపాటు ప్రయాణించాడు"" -> $60 \times 3 = 180$ miles. (Correct)
    *   ""4 గంటల్లో ఇంటికి చేరుకోవడానికి ప్రయత్నిస్తాడు"" -> Total return time is 4 hours. (Correct)
    *   ""మొదటి 2 గంటలు అతడు కదలకుండా ఆగిపోయిన ట్రాఫిక్‌లో గడిపాడు"" -> $t=2, v=0$. (Correct)
    *   ""తరువాత అర్ధ గంట 30 మైళ్ల వేగంతో ప్రయాణించాడు"" -> $t=0.5, v=30$. (Correct)
    *   ""4 గంటల్లో మిగిన సమయాన్ని అతడు గంటకు 80 మైళ్ల వేగంతో ప్రయాణించగలుగుతాడు"" -> Remaining time = $4 - 2 - 0.5 = 1.5$ hours. $v=80$. (Correct)
    *   ""ఆ 4 గంటలు ముగిసిన తరువాత అతడు ఇంటి నుంచి ఎంత దూరంలో ఉంటాడు?"" -> Final position. (Correct)

    *   Step 1: Calculate initial distance from home.
    *   Step 2: Break down the return trip.
    *   Step 3: Calculate total distance covered during return.
    *   Step 4: Subtract return distance from initial distance to find the final distance from home.","ఈ సమస్యను దశలవారీగా పరిష్కరిద్దాం:

**దశ 1: జాన్ ఇంటి నుండి ఎంత దూరానికి వెళ్ళాడో లెక్కించడం.**
జాన్ గంటకు 60 మైళ్ల వేగంతో 3 గంటలపాటు ప్రయాణించాడు.
*   దూరం = వేగం $\times$ సమయం
*   దూరం = $60 \text{ మైళ్లు/గంట} \times 3 \text{ గంటలు} = 180 \text{ మైళ్లు}$.
కాబట్టి, జాన్ ఇంటి నుండి 180 మైళ్ల దూరంలో ఉన్నాడు.

**దశ 2: తిరిగి ఇంటికి వచ్చే ప్రయాణంలో జాన్ ప్రయాణించిన దూరాన్ని లెక్కించడం.**
జాన్ ఇంటికి రావడానికి మొత్తం 4 గంటల సమయం కేటాయించాడు. ఆ 4 గంటలను మనం మూడు భాగాలుగా విభజించవచ్చు:

1.  **మొదటి 2 గంటలు (ట్రాఫిక్ లో):**
    అతడు కదలకుండా ఆగిపోయాడు, కాబట్టి వేగం = 0.
    *   ప్రయాణించిన దూరం = $0 \text{ మైళ్లు}$.

2.  **తదుపరి అర్ధ గంట (0.5 గంటలు):**
    అతడు గంటకు 30 మైళ్ల వేగంతో ప్రయాణించాడు.
    *   ప్రయాణించిన దూరం = $30 \text{ మైళ్లు/గంట} \times 0.5 \text{ గంటలు} = 15 \text{ మైళ్లు}$.

3.  **మిగిలిన సమయం:**
    మొత్తం సమయం 4 గంటలు. ఇప్పటికే 2 గంటలు + 0.5 గంటలు = 2.5 గంటలు గడిచిపోయాయి.
    మిగిలిన సమయం = $4 - 2.5 = 1.5 \text{ గంటలు}$.
    ఈ సమయంలో అతడు గంటకు 80 మైళ్ల వేగంతో ప్రయాణించాడు.
    *   ప్రయాణించిన దూరం = $80 \text{ మైళ్లు/గంట} \times 1.5 \text{ గ",Qwen3.5-27B,0.0,False,"The candidate solution is incomplete and cuts off mid-calculation. It correctly calculates the initial distance (180 miles) and the first two segments of the return trip (0 miles and 15 miles). However, it stops abruptly while calculating the distance for the third segment ('80 మైళ్లు/గంట x 1.5 గ'). It fails to complete the multiplication (120 miles), sum the total return distance (135 miles), subtract this from the initial distance (180 - 135), or state the final answer (45 miles). Therefore, the solution is mathematically incomplete.","{
  ""score"": 0.0,
  ""correct"": false,
  ""reason"": ""The candidate solution is incomplete and cuts off mid-calculation. It correctly calculates the initial distance (180 miles) and the first two segments of the return trip (0 miles and 15 miles). However, it stops abruptly while calculating the distance for the third segment ('80 మైళ్లు/గంట x 1.5 గ'). It fails to complete the multiplication (120 miles), sum the total return distance (135 miles), subtract this from the initial distance (180 - 135), or state the final answer (45 miles). Therefore, the solution is mathematically incomplete.""
}","The user wants me to evaluate a mathematical solution provided in Telugu.

**1. Analyze the Question:**
*   **Initial Trip:** John travels at 60 mph for 3 hours.
    *   Distance away from home = $60 \times 3 = 180$ miles.
*   **Return Trip:** He tries to get home in 4 hours.
    *   **Phase 1:** Stuck in traffic for the first 2 hours.
        *   Distance covered = 0 miles.
        *   Time elapsed = 2 hours.
    *   **Phase 2:** Travels for half an hour (0.5 hours) at 30 mph.
        *   Distance covered = $30 \times 0.5 = 15$ miles.
        *   Time elapsed = 2 + 0.5 = 2.5 hours.
    *   **Phase 3:** Travels for the remaining time of the 4 hours at 80 mph.
        *   Remaining time = $4 - 2.5 = 1.5$ hours.
        *   Distance covered = $80 \times 1.5 = 120$ miles.
*   **Total Return Distance:** $0 + 15 + 120 = 135$ miles.
*   **Final Position:** He started 180 miles away. He traveled 135 miles back towards home.
    *   Distance from home = $180 - 135 = 45$ miles.

**2. Analyze the Candidate Solution:**
*   **Step 1:** Calculates initial distance.
    *   $60 \times 3 = 180$ miles. (Correct)
*   **Step 2:** Calculates return trip distance.
    *   **Part 1:** 2 hours traffic, speed 0. Distance = 0. (Correct)
    *   **Part 2:** 0.5 hours at 30 mph. Distance = $30 \times 0.5 = 15$ miles. (Correct)
    *   **Part 3:** Remaining time calculation. Total 4 hours. Used 2.5 hours. Remaining = 1"
Gemma-4-26B,9,P2,"జాన్ గంటకు 60 మైళ్ల వేగంతో 3 గంటలపాటు ప్రయాణించాడు, ఇంటి వద్ద ముఖ్యమైనది ఏదో మర్చిపోయినట్లుగా అతడు అర్థం చేసుకోవడంతో వెనక్కి తిరిగాడు. అతడు 4 గంటల్లో ఇంటికి చేరుకోవడానికి ప్రయత్నిస్తాడు. కానీ మొదటి 2 గంటలు అతడు కదలకుండా ఆగిపోయిన ట్రాఫిక్‌లో గడిపాడు. అతడు తరువాత అర్ధ గంట 30 మైళ్ల వేగంతో ప్రయాణించాడు, 4 గంటల్లో మిగిన సమయాన్ని అతడు గంటకు 80 మైళ్ల వేగంతో ప్రయాణించగలుగుతాడు. ఆ 4 గంటలు ముగిసిన తరువాత అతడు ఇంటి నుంచి ఎంత దూరంలో ఉంటాడు?","Please solve the following math problem carefully. Explain your solution step by step and clearly state the final answer.

Problem:
జాన్ గంటకు 60 మైళ్ల వేగంతో 3 గంటలపాటు ప్రయాణించాడు, ఇంటి వద్ద ముఖ్యమైనది ఏదో మర్చిపోయినట్లుగా అతడు అర్థం చేసుకోవడంతో వెనక్కి తిరిగాడు. అతడు 4 గంటల్లో ఇంటికి చేరుకోవడానికి ప్రయత్నిస్తాడు. కానీ మొదటి 2 గంటలు అతడు కదలకుండా ఆగిపోయిన ట్రాఫిక్‌లో గడిపాడు. అతడు తరువాత అర్ధ గంట 30 మైళ్ల వేగంతో ప్రయాణించాడు, 4 గంటల్లో మిగిన సమయాన్ని అతడు గంటకు 80 మైళ్ల వేగంతో ప్రయాణించగలుగుతాడు. ఆ 4 గంటలు ముగిసిన తరువాత అతడు ఇంటి నుంచి ఎంత దూరంలో ఉంటాడు?","*   John travels for 3 hours at 60 mph.
    *   He realizes he forgot something at home and turns back.
    *   He wants to reach home in 4 hours.
    *   During those 4 hours:
        *   The first 2 hours are stuck in traffic (0 mph).
        *   The next 0.5 hours (half an hour), he travels at 30 mph.
        *   The remaining time (out of the 4 hours) he travels at 80 mph.
    *   Question: How far is he from home after those 4 hours?

    *   Speed = 60 mph
    *   Time = 3 hours
    *   Distance = Speed × Time = 60 × 3 = 180 miles.
    *   So, he is 180 miles away from home when he turns back.

    *   Total time allotted: 4 hours.
    *   Total distance to cover to reach home: 180 miles.

    *   *Phase 1: Traffic*
        *   Time = 2 hours
        *   Speed = 0 mph
        *   Distance covered = 0 miles.
        *   Remaining distance to home = 180 miles.
        *   Remaining time = 4 - 2 = 2 hours.

    *   *Phase 2: Slow travel*
        *   Time = 0.5 hours (half an hour)
        *   Speed = 30 mph
        *   Distance covered = 30 × 0.5 = 15 miles.
        *   Remaining distance to home = 180 - 15 = 165 miles.
        *   Remaining time = 2 - 0.5 = 1.5 hours.

    *   *Phase 3: Fast travel*
        *   Time = 1.5 hours
        *   Speed = 80 mph
        *   Distance covered = 80 × 1.5 = 120 miles.

    *   Distance traveled towards home = 0 (traffic) + 15 (slow) + 120 (fast) = 135 miles.
    *   Initial distance from home = 180 miles.
    *   Distance remaining from home = 180 - 135 = 45 miles.

    *   1. Distance away when turning back: $60 \times 3 = 180$ miles.
    *   2. Time spent in traffic: 2 hours (0 miles).
    *   3. Time spent at 30 mph: 0.5 hours $\Rightarrow$ $30 \times 0.5 = 15$ miles.
    *   4. Time remaining in the 4-hour window: $4 - 2 - 0.5 = 1.5$ hours.
    *   5. Distance covered in the remaining time: $1.5 \times 80 = 120$ miles.
    *   6. Total distance covered back towards home: $15 + 120 = 135$ miles.
    *   7. Distance from home: $180 - 135 = 45$ miles.

    *   The problem says: ""4 గంటల్లో మిగిన సమయాన్ని అతడు గంటకు 80 మైళ్ల వేగంతో ప్రయాణించగలుగుతాడు""
    *   Let's re-read the timeline:
        *   Total duration of the return trip: 4 hours.
        *   First 2 hours: 0 mph.
        *   Next 0.5 hours: 30 mph.
        *   ""Remaining time"" (of the 4 hours): 80 mph.
    *   Calculations check out.

    *   Step 1: Calculate distance traveled away from home.
    *   Step 2: Calculate distance covered during the 4-hour return trip.
    *   Step 3: Subtract the return distance from the initial distance to find the final distance from home.

    *   Step 1: $60 \times 3 = 180$ miles.
    *   Step 2:
        *   Traffic: 2 hours $\times$ 0 mph = 0 miles.
        *   Slow: 0.5 hours $\times$ 30 mph = 15 miles.
        *   Remaining time: $4 - 2 - 0.5 = 1.5$ hours.
        *   Fast: $1.5 \times 80 = 120$ miles.
        *   Total return distance: $0 + 15 + 120 = 135$ miles.
    *   Step 3: $180 - 135 = 45$ miles.

    *   ""జాన్ గంటకు 60 మైళ్ల వేగంతో 3 గంటలపాటు ప్రయాణించాడు"" -> John traveled at 60 mph for 3 hours. (Correct)
    *   ""ఇంటి వద్ద ముఖ్యమైనది ఏదో మర్చిపోయినట్లుగా అతడు వెనక్కి తిరిగాడు"" -> Turned back. (Correct)
    *   ""అతడు 4 గంటల్లో ఇంటికి చేరుకోవడానికి ప్రయత్నిస్తాడు"" -> Tries to reach home in 4 hours. (Correct)
    *   ""మొదటి 2 గంటలు అతడు కదలకుండా ఆగిపోయిన ట్రాఫిక్‌లో గడిపాడు"" -> First 2 hours stuck in traffic. (Correct)
    *   ""అతడు తరువాత అర్ధ గంట 30 మైళ్ల వేగంతో ప్రయాణించాడు"" -> Then for half an hour, at 30 mph. (Correct)
    *   ""4 గంటల్లో మిగిన సమయాన్ని అతడు గంటకు 80 మైళ్ల వేగంతో ప్రయాణించగలుగుతాడు"" -> Remaining time of the 4 hours, at 80 mph. (Correct)
    *   ""ఆ 4 గంటలు ముగిసిన తరువాత అతడు ఇంటి నుంచి ఎంత దూరంలో ఉంటాడు?"" -> How far from home after those 4 hours? (Correct)

    *   Initial distance = 180 miles.
    *   Return journey progress:
        *   0-2 hrs: 0 miles (Dist from home = 180)
        *   2-2.5 hrs: 15 miles (Dist from home = 180 - 15 = 165)
        *   2.5-4 hrs: $1.5 \times 80 = 120$ miles (Dist from home = 165 - 120 = 45)
    *   Result: 45 miles.",ఈ సమస్యను దశలవ,Qwen3.5-27B,0.0,False,"The candidate solution is incomplete and does not provide any mathematical reasoning or a final answer. It cuts off mid-sentence ('ఈ సమస్యను దశలవ' translates to 'This problem step-by...'). Therefore, it cannot be evaluated as mathematically correct.","{
  ""score"": 0.0,
  ""correct"": false,
  ""reason"": ""The candidate solution is incomplete and does not provide any mathematical reasoning or a final answer. It cuts off mid-sentence ('ఈ సమస్యను దశలవ' translates to 'This problem step-by...'). Therefore, it cannot be evaluated as mathematically correct.""
}","The user wants me to evaluate a mathematical solution provided by an AI candidate.

**1. Analyze the Mathematical Question:**

The question is in Telugu. Let me translate and understand it.

*   **Initial Journey:** John travels at 60 mph for 3 hours.
    *   Distance covered = $60 \text{ mph} \times 3 \text{ hours} = 180 \text{ miles}$.
    *   He realizes he forgot something and turns back.
*   **Return Journey Goal:** He tries to reach home in 4 hours.
*   **Return Journey Details:**
    *   First 2 hours: Stuck in traffic (speed = 0 mph). Distance covered = 0 miles.
    *   Next 0.5 hours (half an hour): Travels at 30 mph. Distance covered = $30 \times 0.5 = 15 \text{ miles}$.
    *   Remaining time in the 4-hour window:
        *   Total time allowed = 4 hours.
        *   Time used so far = 2 hours (traffic) + 0.5 hours (30 mph) = 2.5 hours.
        *   Remaining time = $4 - 2.5 = 1.5 \text{ hours}$.
    *   Speed for remaining time = 80 mph.
    *   Distance covered in remaining time = $80 \times 1.5 = 120 \text{ miles}$.
*   **Total Distance Covered on Return:**
    *   $0 + 15 + 120 = 135 \text{ miles}$.
*   **Question:** After these 4 hours, how far is he from home?
    *   He started the return journey from 180 miles away from home.
    *   He traveled 135 miles towards home.
    *   Distance remaining = $180 - 135 = 45 \text{ miles}$.

**2. Analyze the Candidate Solution:**

The candidate solution provided is:
`<<<`
`ఈ సమస్యను దశలవ`
`>>>`

This is incomplete. It literally cuts off after ""ఈ సమస్"
Gemma-4-26B,9,P3,"జాన్ గంటకు 60 మైళ్ల వేగంతో 3 గంటలపాటు ప్రయాణించాడు, ఇంటి వద్ద ముఖ్యమైనది ఏదో మర్చిపోయినట్లుగా అతడు అర్థం చేసుకోవడంతో వెనక్కి తిరిగాడు. అతడు 4 గంటల్లో ఇంటికి చేరుకోవడానికి ప్రయత్నిస్తాడు. కానీ మొదటి 2 గంటలు అతడు కదలకుండా ఆగిపోయిన ట్రాఫిక్‌లో గడిపాడు. అతడు తరువాత అర్ధ గంట 30 మైళ్ల వేగంతో ప్రయాణించాడు, 4 గంటల్లో మిగిన సమయాన్ని అతడు గంటకు 80 మైళ్ల వేగంతో ప్రయాణించగలుగుతాడు. ఆ 4 గంటలు ముగిసిన తరువాత అతడు ఇంటి నుంచి ఎంత దూరంలో ఉంటాడు?","Work through the following math problem step by step. Show how you arrive at the answer and give the final result.

Problem:
జాన్ గంటకు 60 మైళ్ల వేగంతో 3 గంటలపాటు ప్రయాణించాడు, ఇంటి వద్ద ముఖ్యమైనది ఏదో మర్చిపోయినట్లుగా అతడు అర్థం చేసుకోవడంతో వెనక్కి తిరిగాడు. అతడు 4 గంటల్లో ఇంటికి చేరుకోవడానికి ప్రయత్నిస్తాడు. కానీ మొదటి 2 గంటలు అతడు కదలకుండా ఆగిపోయిన ట్రాఫిక్‌లో గడిపాడు. అతడు తరువాత అర్ధ గంట 30 మైళ్ల వేగంతో ప్రయాణించాడు, 4 గంటల్లో మిగిన సమయాన్ని అతడు గంటకు 80 మైళ్ల వేగంతో ప్రయాణించగలుగుతాడు. ఆ 4 గంటలు ముగిసిన తరువాత అతడు ఇంటి నుంచి ఎంత దూరంలో ఉంటాడు?","*   John travels at 60 mph for 3 hours.
    *   Then he realizes he forgot something at home and turns back.
    *   He aims to reach home in 4 hours (starting from the moment he turns back).
    *   During those 4 hours:
        *   First 2 hours: Stuck in traffic (speed = 0 mph).
        *   Next 0.5 hours (half an hour): Travels at 30 mph.
        *   Remaining time (of the 4 hours): Travels at 80 mph.
    *   Question: How far is he from home after those 4 hours are over?

    *   Speed = 60 mph
    *   Time = 3 hours
    *   Distance = Speed × Time = $60 \times 3 = 180$ miles.
    *   So, John is 180 miles away from home when he turns back.

    *   Total time allotted for the return journey = 4 hours.
    *   Total distance to be covered to reach home = 180 miles.

    *   **Phase 1: Stuck in traffic**
        *   Time = 2 hours
        *   Speed = 0 mph
        *   Distance covered = $0 \times 2 = 0$ miles.
    *   **Phase 2: Traveling at 30 mph**
        *   Time = 0.5 hours (half an hour)
        *   Speed = 30 mph
        *   Distance covered = $30 \times 0.5 = 15$ miles.
    *   **Phase 3: Traveling at 80 mph**
        *   Remaining time = Total time - Time spent - Time spent in Phase 2
        *   Remaining time = $4 - 2 - 0.5 = 1.5$ hours.
        *   Speed = 80 mph
        *   Distance covered = $80 \times 1.5 = 120$ miles.

    *   Total distance covered during the return journey = $0 + 15 + 120 = 135$ miles.

    *   Initial distance from home (when turning back) = 180 miles.
    *   Distance covered towards home = 135 miles.
    *   Distance remaining = $180 - 135 = 45$ miles.

    *   Step 1: Distance from home before turning back = $60 \times 3 = 180$ miles. Correct.
    *   Step 2: Return journey breakdown:
        *   2 hours @ 0 mph = 0 miles.
        *   0.5 hours @ 30 mph = 15 miles.
        *   Time left: $4 - 2 - 0.5 = 1.5$ hours.
        *   1.5 hours @ 80 mph = $80 \times 1.5 = 120$ miles.
    *   Step 3: Total return distance = $0 + 15 + 120 = 135$ miles. Correct.
    *   Step 4: Distance from home = $180 - 135 = 45$ miles. Correct.

    *   Translate the steps clearly into Telugu as requested by the prompt context.

    *   *Step 1: Initial distance traveled:*
        జాన్ ప్రయాణించిన దూరం = వేగం × సమయం = 60 మైళ్లు/గంట × 3 గంటలు = 180 మైళ్లు.
        కాబట్టి, అతను ఇంటి నుండి 180 మైళ్ల దూరంలో ఉన్నాడు.

    *   *Step 2: Return journey details:*
        మొత్తం సమయం = 4 గంటలు.
        - మొదటి 2 గంటలు (ట్రాఫిక్): దూరం = 0 మైళ్లు.
        - తర్వాతి 0.5 గంటలు (30 mph): దూరం = 30 × 0.5 = 15 మైళ్లు.
        - మిగిలిన సమయం: 4 - 2 - 0.5 = 1.5 గంటలు.
        - మిగిలిన సమయంలో దూరం (80 mph): 80 × 1.5 = 120 మైళ్లు.

    *   *Step 3: Total return distance:*
        మొత్తం ప్రయాణించిన దూరం = 0 + 15 + 120 = 135 మైళ్లు.

    *   *Step 4: Distance from home:*
        ఇంటి నుండి దూరం = ప్రారంభ దూరం - ప్రయాణించిన దూరం
        180 - 135 = 45 మైళ్లు.

    *   Start from initial distance.
    *   Calculate return distance segments.
    *   Subtract return distance from initial distance.
    *   State final answer.","ఈ సమస్యను దశలవారీగా పరిష్కరిద్దాం:

**దశ 1: జాన్ ఇంటి నుండి ఎంత దూరానికి వెళ్ళాడు?**
జాన్ 60 మైళ్ల వేగంతో 3 గంటల పాటు ప్రయాణించాడు.
*   దూరం = వేగం × సమయం
*   దూరం = 60 మైళ్లు/గంట × 3 గంటలు = **180 మైళ్లు**.
కాబట్టి, అతను ఇంటి నుండి 180 మైళ్ల దూరంలో ఉన్నాడు.

**దశ 2: తిరిగి ఇంటికి వచ్చే క్రమంలో ప్రయాణించిన దూరాన్ని లెక్కించుదాం.**
జాన్ తిరిగి ఇంటికి రావడానికి 4 గంటల సమయం పడుతుందని భావించాడు. ఆ 4 గంటల్లో అతను ప్రయాణించిన దూరాన్ని మూడు భాగాలుగా విభజించవచ్చు:

1.  **మొదటి 2 గంటలు (ట్రాఫిక్‌లో):**
    అతను కదలకుండా ఆగిపోయాడు, కాబట్టి ప్రయాణించిన దూరం = **0 మైళ్లు**.

2.  **తర్వాతి అర్ధ గంట (0.5 గంటలు):**
    అతను 30 మైళ్ల వేగంతో ప్రయాణించాడు.
    *   దూరం = 30 మైళ్లు/గంట × 0.5 గంటలు = **15 మైళ్లు**.

3.  **మిగిలిన సమయం (80 మైళ్ల వేగంతో):**
    మొత్తం సమయం 4 గంటలు కాబట్టి, మిగిలిన సమయం = 4 - 2 - 0.5 = **1.5 గంటలు**.
    ఈ సమయంలో అతని వేగం 80 మైళ్లు/గంట.
    *   దూరం = 80 మైళ్లు/గంట × 1.5 గంటలు = **120 మైళ్లు**.

**దశ 3: మొత్తం తిరిగి",Qwen3.5-27B,0.0,False,"The candidate solution is incomplete and does not provide a final answer. It correctly calculates the initial distance (180 miles) and the distances covered during the return trip segments (0, 15, and 120 miles), but it cuts off mid-sentence in 'దశ 3' (Step 3) without summing the return distance or subtracting it from the initial distance to find the final distance from home. The mathematical reasoning shown is correct up to the point of truncation, but the solution is not finished.","{
  ""score"": 0.0,
  ""correct"": false,
  ""reason"": ""The candidate solution is incomplete and does not provide a final answer. It correctly calculates the initial distance (180 miles) and the distances covered during the return trip segments (0, 15, and 120 miles), but it cuts off mid-sentence in 'దశ 3' (Step 3) without summing the return distance or subtracting it from the initial distance to find the final distance from home. The mathematical reasoning shown is correct up to the point of truncation, but the solution is not finished.""
}","The user wants me to evaluate a mathematical solution provided in Telugu.

**1. Analyze the Question:**
*   **Initial Trip:** John travels at 60 mph for 3 hours.
    *   Distance away from home = $60 \times 3 = 180$ miles.
*   **Return Trip:** He turns back to return home.
*   **Time Constraint:** He tries to reach home in 4 hours.
*   **Return Trip Breakdown:**
    1.  First 2 hours: Stuck in traffic (0 mph). Distance = 0 miles.
    2.  Next 0.5 hours (half hour): Travels at 30 mph. Distance = $30 \times 0.5 = 15$ miles.
    3.  Remaining time of the 4 hours: Travels at 80 mph.
        *   Total time allocated = 4 hours.
        *   Time used so far = 2 hours + 0.5 hours = 2.5 hours.
        *   Remaining time = $4 - 2.5 = 1.5$ hours.
        *   Distance = $80 \times 1.5 = 120$ miles.
*   **Total Distance Covered on Return:** $0 + 15 + 120 = 135$ miles.
*   **Final Question:** After these 4 hours, how far is he from home?
    *   Initial distance from home = 180 miles.
    *   Distance covered towards home = 135 miles.
    *   Remaining distance from home = $180 - 135 = 45$ miles.

**2. Analyze the Candidate Solution:**
*   **Step 1:** Calculates initial distance. $60 \times 3 = 180$ miles. Correct.
*   **Step 2:** Breaks down the return trip.
    *   First 2 hours: 0 miles. Correct.
    *   Next 0.5 hours: $30 \times 0.5 = 15$ miles. Correct.
    *   Remaining time: $4 - 2 - 0.5 = 1"
Gemma-4-26B,9,P4,"జాన్ గంటకు 60 మైళ్ల వేగంతో 3 గంటలపాటు ప్రయాణించాడు, ఇంటి వద్ద ముఖ్యమైనది ఏదో మర్చిపోయినట్లుగా అతడు అర్థం చేసుకోవడంతో వెనక్కి తిరిగాడు. అతడు 4 గంటల్లో ఇంటికి చేరుకోవడానికి ప్రయత్నిస్తాడు. కానీ మొదటి 2 గంటలు అతడు కదలకుండా ఆగిపోయిన ట్రాఫిక్‌లో గడిపాడు. అతడు తరువాత అర్ధ గంట 30 మైళ్ల వేగంతో ప్రయాణించాడు, 4 గంటల్లో మిగిన సమయాన్ని అతడు గంటకు 80 మైళ్ల వేగంతో ప్రయాణించగలుగుతాడు. ఆ 4 గంటలు ముగిసిన తరువాత అతడు ఇంటి నుంచి ఎంత దూరంలో ఉంటాడు?","Find the solution to the following problem. Explain your reasoning and calculations before giving the final answer.

Problem:
జాన్ గంటకు 60 మైళ్ల వేగంతో 3 గంటలపాటు ప్రయాణించాడు, ఇంటి వద్ద ముఖ్యమైనది ఏదో మర్చిపోయినట్లుగా అతడు అర్థం చేసుకోవడంతో వెనక్కి తిరిగాడు. అతడు 4 గంటల్లో ఇంటికి చేరుకోవడానికి ప్రయత్నిస్తాడు. కానీ మొదటి 2 గంటలు అతడు కదలకుండా ఆగిపోయిన ట్రాఫిక్‌లో గడిపాడు. అతడు తరువాత అర్ధ గంట 30 మైళ్ల వేగంతో ప్రయాణించాడు, 4 గంటల్లో మిగిన సమయాన్ని అతడు గంటకు 80 మైళ్ల వేగంతో ప్రయాణించగలుగుతాడు. ఆ 4 గంటలు ముగిసిన తరువాత అతడు ఇంటి నుంచి ఎంత దూరంలో ఉంటాడు?","*   John travels for 3 hours at 60 mph.
    *   Then he realizes he forgot something and turns back.
    *   He wants to reach home in 4 hours.
    *   However, the first 2 hours of this return journey are spent in traffic (no movement).
    *   Then, he travels for 0.5 hours (half an hour) at 30 mph.
    *   Then, he travels for the remaining time (out of the 4 hours) at 80 mph.
    *   Question: How far is he from home after these 4 hours?

    *   Speed = 60 mph
    *   Time = 3 hours
    *   Distance = Speed × Time = $60 \times 3 = 180$ miles.
    *   So, John is 180 miles away from home when he decides to turn back.

    *   Total time allotted for return: 4 hours.
    *   Breakdown of the 4 hours:
        *   First 2 hours: Stuck in traffic (0 mph). Distance covered = $0 \times 2 = 0$ miles.
        *   Next 0.5 hours: Travels at 30 mph. Distance covered = $30 \times 0.5 = 15$ miles.
        *   Remaining time: Total time - (Time in traffic + Time at 30 mph) = $4 - (2 + 0.5) = 4 - 2.5 = 1.5$ hours.
        *   Speed during remaining time: 80 mph.
        *   Distance covered during remaining time = $80 \times 1.5 = 120$ miles.

    *   Distance covered during the first 2 hours (traffic): 0 miles.
    *   Distance covered during the next 0.5 hours (30 mph): 15 miles.
    *   Distance covered during the last 1.5 hours (80 mph): 120 miles.
    *   Total distance covered back towards home: $0 + 15 + 120 = 135$ miles.

    *   Initial distance from home when turning back: 180 miles.
    *   Total distance covered towards home: 135 miles.
    *   Distance from home = Initial distance - Distance covered back.
    *   Distance from home = $180 - 135 = 45$ miles.

    *   *Step 1: Initial trip.* 3 hours @ 60 mph = 180 miles away.
    *   *Step 2: Return trip timeline.*
        *   Total time = 4 hours.
        *   Time 0-2h: 0 mph $\rightarrow$ 0 miles.
        *   Time 2-2.5h: 30 mph $\rightarrow$ 15 miles.
        *   Time 2.5-4h: 80 mph $\rightarrow$ 1.5 hours $\times$ 80 mph = 120 miles.
    *   *Step 3: Total return distance.* $0 + 15 + 120 = 135$ miles.
    *   *Step 4: Final position.* $180 - 135 = 45$ miles.

    *   Explain the steps in Telugu as requested.

    *Drafting Telugu Explanation:*
    1. జాన్ ప్రయాణించిన దూరం: 60 మైళ్లు/గంట $\times$ 3 గంటలు = 180 మైళ్లు. (John's distance traveled: 60 mph x 3 hours = 180 miles).
    2. వెనక్కి వచ్చే ప్రయాణంలో సమయం మరియు దూరం: (Time and distance in return journey)
       - మొదటి 2 గంటలు (ట్రాఫిక్): 0 మైళ్లు. (First 2 hours (traffic): 0 miles).
       - తరువాతి 0.5 గంటలు (30 మైళ్లు/గంట వేగంతో): 30 $\times$ 0.5 = 15 మైళ్లు. (Next 0.5 hours (at 30 mph): 30 x 0.5 = 15 miles).
       - మిగిలిన సమయం: 4 గంటలు - (2 + 0.5) = 1.5 గంటలు. (Remaining time: 4 hours - (2 + 0.5) = 1.5 hours).
       - మిగిలిన సమయంలో ప్రయాణించిన దూరం (80 మైళ్లు/గంట వేగంతో): 80 $\times$ 1.5 = 120 మైళ్లు. (Distance in remaining time (at 80 mph): 80 x 1.5 = 120 miles).
    3. మొత్తం వెనక్కి ప్రయాణించిన దూరం: 0 + 15 + 120 = 135 మైళ్లు. (Total distance traveled back: 0 + 15 + 120 = 135 miles).
    4. ఇంటి నుండి దూరం: 180 - 135 = 45 మైళ్లు. (Distance from home: 180 - 135 = 45 miles).

    *   Check math: $80 \times 1.5 = 120$. Correct.
    *   Check subtraction: $180 - 135 = 45$. Correct.
    *   Check time breakdown: $2 + 0.5 + 1.5 = 4$. Correct.
    *   Check logic: He was 180 away, he moved 135 back, so he is 45 away. Correct.","ఈ సమస్యను దశలవారీగా పరిష్కరిద్దాం:

**దశ 1: జాన్ ఇంటి నుండి ఎంత దూరానికి వెళ్ళాడు?**
జాన్ గంటకు 60 మైళ్ల వేగంతో 3 గంటలపాటు ప్రయాణించాడు.
*   దూరం = వేగం $\times$ కాలం
*   దూరం = $60 \text{ మైళ్లు/గంట} \times 3 \text{ గంటలు} = 180 \text{ మైళ్లు}$.
కాబట్టి, అతను ఇంటి నుండి 180 మైళ్ల దూరంలో ఉన్నప్పుడు వెనక్కి తిరిగాడు.

**దశ 2: వెనక్కి వచ్చే ప్రయాణంలో 4 గంటల్లో ప్రయాణించిన దూరాన్ని లెక్కించడం:**
అతను వెనక్కి రావడానికి మొత్తం 4 గంటల సమయం పడుతుంది. ఆ 4 గంటలను మనం మూడు భాగాలుగా విభజించవచ్చు:

1.  **మొదటి 2 గంటలు (ట్రాఫిక్ వల్ల):**
    ఈ సమయంలో అతను క",Qwen3.5-27B,0.0,False,"The candidate solution is incomplete and cuts off mid-sentence. It correctly calculates the initial distance (180 miles) but fails to calculate the distance covered during the return journey segments (traffic, 30 mph, 80 mph) and does not provide a final answer. A solution that does not finish the calculation or state the final result cannot be considered mathematically correct.","{
  ""score"": 0.0,
  ""correct"": false,
  ""reason"": ""The candidate solution is incomplete and cuts off mid-sentence. It correctly calculates the initial distance (180 miles) but fails to calculate the distance covered during the return journey segments (traffic, 30 mph, 80 mph) and does not provide a final answer. A solution that does not finish the calculation or state the final result cannot be considered mathematically correct.""
}","The user wants me to evaluate a candidate solution to a mathematical word problem.

**1. Analyze the Question:**
The problem is in Telugu. Let's translate and understand it.
""John traveled for 3 hours at a speed of 60 miles per hour. He realized he forgot something important at home and turned back. He tries to reach home in 4 hours. But he spent the first 2 hours stuck in traffic without moving. He then traveled for half an hour at a speed of 30 miles per hour. For the remaining time of the 4 hours, he can travel at a speed of 80 miles per hour. After those 4 hours are over, how far is he from home?""

**Breakdown of the problem:**
1.  **Outward Journey:**
    *   Speed = 60 mph
    *   Time = 3 hours
    *   Distance from home = $60 \times 3 = 180$ miles.
    *   He turns back from this point. So, initial distance to cover to return home = 180 miles.

2.  **Return Journey (Target Time = 4 hours):**
    *   Total time available = 4 hours.
    *   **Segment 1:** First 2 hours.
        *   Status: Stuck in traffic (not moving).
        *   Speed = 0 mph.
        *   Distance covered = 0 miles.
        *   Time elapsed = 2 hours.
        *   Remaining time = $4 - 2 = 2$ hours.
        *   Remaining distance to home = 180 miles.
    *   **Segment 2:** Next half an hour (0.5 hours).
        *   Speed = 30 mph.
        *   Time = 0.5 hours.
        *   Distance covered = $30 \times 0.5 = 15$ miles.
        *   Time elapsed = $2 + 0.5 = 2.5$ hours.
        *   Remaining time = $4 - 2.5 = 1.5$ hours.
        *   Remaining distance to home = $180 - 15 = 165$ miles.
    *   **Segment 3"
Gemma-4-26B,9,P5,"జాన్ గంటకు 60 మైళ్ల వేగంతో 3 గంటలపాటు ప్రయాణించాడు, ఇంటి వద్ద ముఖ్యమైనది ఏదో మర్చిపోయినట్లుగా అతడు అర్థం చేసుకోవడంతో వెనక్కి తిరిగాడు. అతడు 4 గంటల్లో ఇంటికి చేరుకోవడానికి ప్రయత్నిస్తాడు. కానీ మొదటి 2 గంటలు అతడు కదలకుండా ఆగిపోయిన ట్రాఫిక్‌లో గడిపాడు. అతడు తరువాత అర్ధ గంట 30 మైళ్ల వేగంతో ప్రయాణించాడు, 4 గంటల్లో మిగిన సమయాన్ని అతడు గంటకు 80 మైళ్ల వేగంతో ప్రయాణించగలుగుతాడు. ఆ 4 గంటలు ముగిసిన తరువాత అతడు ఇంటి నుంచి ఎంత దూరంలో ఉంటాడు?","Carefully solve the following mathematical problem. Provide a step-by-step solution and conclude with the final answer.

Problem:
జాన్ గంటకు 60 మైళ్ల వేగంతో 3 గంటలపాటు ప్రయాణించాడు, ఇంటి వద్ద ముఖ్యమైనది ఏదో మర్చిపోయినట్లుగా అతడు అర్థం చేసుకోవడంతో వెనక్కి తిరిగాడు. అతడు 4 గంటల్లో ఇంటికి చేరుకోవడానికి ప్రయత్నిస్తాడు. కానీ మొదటి 2 గంటలు అతడు కదలకుండా ఆగిపోయిన ట్రాఫిక్‌లో గడిపాడు. అతడు తరువాత అర్ధ గంట 30 మైళ్ల వేగంతో ప్రయాణించాడు, 4 గంటల్లో మిగిన సమయాన్ని అతడు గంటకు 80 మైళ్ల వేగంతో ప్రయాణించగలుగుతాడు. ఆ 4 గంటలు ముగిసిన తరువాత అతడు ఇంటి నుంచి ఎంత దూరంలో ఉంటాడు?","*   John travels at 60 mph for 3 hours.
    *   He realizes he forgot something at home and turns back.
    *   He tries to get home in 4 hours.
    *   In the first 2 hours (of the return trip/attempt to reach home), he is stuck in traffic (0 mph).
    *   After the first 2 hours, he travels for 0.5 hours (half an hour) at 30 mph.
    *   In the remaining time of the 4 hours, he travels at 80 mph.
    *   The question asks for the distance from home *after* these 4 hours have passed.

    *   Speed ($v_1$) = 60 mph
    *   Time ($t_1$) = 3 hours
    *   Distance covered ($D_1$) = $v_1 \times t_1 = 60 \times 3 = 180$ miles.
    *   At this point, John is 180 miles away from home.

    *   He turns back. He is 180 miles away from home.
    *   He has 4 hours to get back.

    *   Total time for the return trip attempt = 4 hours.
    *   **Phase 1: Stuck in traffic**
        *   Time ($t_{r1}$) = 2 hours
        *   Speed ($v_{r1}$) = 0 mph
        *   Distance covered ($D_{r1}$) = $0 \times 2 = 0$ miles.
    *   **Phase 2: Traveling at 30 mph**
        *   Time ($t_{r2}$) = 0.5 hours (half an hour)
        *   Speed ($v_{r2}$) = 30 mph
        *   Distance covered ($D_{r2}$) = $30 \times 0.5 = 15$ miles.
    *   **Phase 3: Traveling at 80 mph**
        *   Total time allotted = 4 hours.
        *   Time used so far = 2 hours (traffic) + 0.5 hours (30 mph) = 2.5 hours.
        *   Remaining time ($t_{r3}$) = $4 - 2.5 = 1.5$ hours.
        *   Speed ($v_{r3}$) = 80 mph
        *   Distance covered ($D_{r3}$) = $80 \times 1.5 = 120$ miles.

    *   Total distance covered during the return trip = $D_{r1} + D_{r2} + D_{r3}$
    *   Total distance covered = $0 + 15 + 120 = 135$ miles.

    *   Initial distance from home = 180 miles.
    *   Distance traveled towards home = 135 miles.
    *   Distance remaining from home = $180 - 135 = 45$ miles.

    *   John travels 180 miles away.
    *   He turns back.
    *   Time elapsed in return trip:
        *   0-2 hours: 0 miles.
        *   2-2.5 hours: $30 \times 0.5 = 15$ miles.
        *   2.5-4 hours: $80 \times 1.5 = 120$ miles.
    *   Total return distance = 135 miles.
    *   Distance from home = $180 - 135 = 45$ miles.

    *   ""జాన్ గంటకు 60 మైళ్ల వేగంతో 3 గంటలపాటు ప్రయాణించాడు"" (John traveled for 3 hours at 60 mph) -> 180 miles away. Correct.
    *   ""ఇంటి వద్ద ముఖ్యమైనది ఏదో మర్చిపోయినట్లుగా అతడు వెనక్కి తిరిగాడు"" (He realized he forgot something and turned back). Correct.
    *   ""అతడు 4 గంటల్లో ఇంటికి చేరుకోవడానికి ప్రయత్నిస్తాడు"" (He tries to reach home in 4 hours). Correct.
    *   ""కానీ మొదటి 2 గంటలు అతడు కదలకుండా ఆగిపోయిన ట్రాఫిక్‌లో గడిపాడు"" (But he spent the first 2 hours in stuck traffic). Correct.
    *   ""అతడు తరువాత అర్ధ గంట 30 మైళ్ల వేగంతో ప్రయాణించాడు"" (Then he traveled for half an hour at 30 mph). Correct.
    *   ""4 గంటల్లో మిగిన సమయాన్ని అతడు గంటకు 80 మైళ్ల వేగంతో ప్రయాణించగలుగుతాడు"" (In the remaining time of the 4 hours, he travels at 80 mph). Correct.
    *   ""ఆ 4 గంటలు ముగిసిన తరువాత అతడు ఇంటి నుంచి ఎంత దూరంలో ఉంటాడు?"" (How far is he from home after those 4 hours?) Correct.

    *   Total time = 4 hours.
    *   Time spent in traffic = 2 hours.
    *   Time spent at 30 mph = 0.5 hours.
    *   Time spent at 80 mph = 4 - 2 - 0.5 = 1.5 hours.
    *   Distance covered at 30 mph = $30 \times 0.5 = 15$ miles.
    *   Distance covered at 80 mph = $80 \times 1.5 = 120$ miles.
    *   Total distance covered on return = $15 + 120 = 135$ miles.
    *   Initial distance from home = $60 \times 3 = 180$ miles.
    *   Remaining distance = $180 - 135 = 45$ miles.

    The calculation is straightforward.
    180 - (0 + 15 + 120) = 180 - 135 = 45.

    *   180 miles away.
    *   Returns:
        *   2 hrs: 0 distance.
        *   0.5 hrs: 15 miles. (180-15=165 miles from home)
        *   1.5 hrs: 120 miles. (165-120=45 miles from home)
    *   Final distance: 45 miles.

    Wait, let's re-read ""4 గంటల్లో మిగిన సమయాన్ని అతడు గంటకు 80 మైళ్ల వేగంతో ప్రయాణించగలుగుతాడు"".
    ""4 గంటల్లో మిగిన సమయం"" translates to ""the remaining time in 4 hours",,Qwen3.5-27B,0.0,False,"The candidate solution is completely empty. There is no mathematical reasoning, calculation, or final answer provided to evaluate. Therefore, it cannot be considered correct.","{
  ""score"": 0.0,
  ""correct"": false,
  ""reason"": ""The candidate solution is completely empty. There is no mathematical reasoning, calculation, or final answer provided to evaluate. Therefore, it cannot be considered correct.""
}","The user wants me to evaluate a mathematical solution provided by a candidate.

**1. Analyze the Input:**
- **Question:** A word problem in Telugu about John's travel.
- **Candidate Solution:** The candidate solution section is empty (`<<< >>>`).

**2. Solve the Problem Independently:**
Let's break down the problem statement in Telugu:
- ""జాన్ గంటకు 60 మైళ్ల వేగంతో 3 గంటలపాటు ప్రయాణించాడు"" (John traveled at 60 mph for 3 hours).
  - Distance covered away from home = $60 \text{ mph} \times 3 \text{ hours} = 180 \text{ miles}$.
  - Current position: 180 miles from home.
- ""ఇంటి వద్ద ముఖ్యమైనది ఏదో మర్చిపోయినట్లుగా అతడు అర్థం చేసుకోవడంతో వెనక్కి తిరిగాడు"" (He realized he forgot something important at home and turned back).
  - He is now heading towards home.
- ""అతడు 4 గంటల్లో ఇంటికి చేరుకోవడానికి ప్రయత్నిస్తాడు"" (He tries to reach home in 4 hours).
  - This sets a target time frame for the return journey.
- ""కానీ మొదటి 2 గంటలు అతడు కదలకుండా ఆగిపోయిన ట్రాఫిక్‌లో గడిపాడు"" (But he spent the first 2 hours stuck in traffic without moving).
  - Time elapsed: 2 hours.
  - Distance covered: 0 miles.
  - Remaining time in the 4-hour window: $4 - 2 = 2 \text{ hours}$.
- ""అతడు తరువాత అర్ధ గంట 30 మైళ్ల వేగంతో ప్రయాణించాడు"" (He then traveled for half an hour at 30 mph).
  - Time elapsed: 0.5 hours.
  - Speed: 30 mph.
  - Distance covered towards home: $30 \times "
Gemma-4-26B,10,P1,"ఎలీజా ప్రతివారం ఆమె పని చేసే మొదటి 40 గంటలకు గంటకు $10 రేటును పొందుతుంది. ఆమె ఓవర్ టైమ్ చెల్లింపును రెగ్యులర్ గంట రేటుకు 1.2 చొప్పున కూడా పొందుతుంది. ఎలీజా ఈ వారం 45 గంటలు పనిచేసినట్లయితే, ఈ వారానికి ఆమె ఎంత సంపాదిస్తుంది?","Solve the following math problem step by step. Show your reasoning clearly and provide the final answer.

Problem:
ఎలీజా ప్రతివారం ఆమె పని చేసే మొదటి 40 గంటలకు గంటకు $10 రేటును పొందుతుంది. ఆమె ఓవర్ టైమ్ చెల్లింపును రెగ్యులర్ గంట రేటుకు 1.2 చొప్పున కూడా పొందుతుంది. ఎలీజా ఈ వారం 45 గంటలు పనిచేసినట్లయితే, ఈ వారానికి ఆమె ఎంత సంపాదిస్తుంది?","*   Regular hours: First 40 hours.
    *   Regular rate: $10 per hour.
    *   Overtime hours: Hours worked beyond 40.
    *   Overtime rate: 1.2 times the regular rate.
    *   Total hours worked this week: 45 hours.
    *   Goal: Find the total earnings for the week.

    *   Total hours = 45 hours.
    *   Regular hours = 40 hours.
    *   Overtime hours = Total hours - Regular hours = 45 - 40 = 5 hours.

    *   Regular rate = $10 per hour.
    *   Regular earnings = Regular hours $\times$ Regular rate.
    *   Regular earnings = 40 hours $\times$ $10/hour = $400.

    *   Overtime rate = 1.2 $\times$ Regular rate.
    *   Overtime rate = 1.2 $\times$ $10 = $12 per hour.
    *   Overtime earnings = Overtime hours $\times$ Overtime rate.
    *   Overtime earnings = 5 hours $\times$ $12/hour = $60.

    *   Total earnings = Regular earnings + Overtime earnings.
    *   Total earnings = $400 + $60 = $460.

    *   *Step 1:* Identify regular hours (40) and overtime hours (45 - 40 = 5).
    *   *Step 2:* Calculate regular pay (40 * 10 = 400).
    *   *Step 3:* Calculate overtime rate (10 * 1.2 = 12).
    *   *Step 4:* Calculate overtime pay (5 * 12 = 60).
    *   *Step 5:* Total pay (400 + 60 = 460).

    *   ""ఎలీజా ప్రతివారం ఆమె పని చేసే మొదటి 40 గంటలకు గంటకు $10 రేటును పొందుతుంది."" (Eliza gets $10 per hour for the first 40 hours.)
    *   ""ఆమె ఓవర్ టైమ్ చెల్లింపును రెగ్యులర్ గంట రేటుకు 1.2 చొప్పున కూడా పొందుతుంది."" (She also gets overtime pay at 1.2 times the regular hourly rate.)
    *   ""ఎలీజా ఈ వారం 45 గంటలు పనిచేసినట్లయితే, ఈ వారానికి ఆమె ఎంత సంపాదిస్తుంది?"" (If Eliza worked 45 hours this week, how much will she earn this week?)

    *   Step 1: Regular Pay calculation.
    *   Step 2: Overtime Pay calculation.
    *   Step 3: Total Pay calculation.

    *Self-Correction/Refinement:*
    Wait, let me re-read the overtime part: ""ఆమె ఓవర్ టైమ్ చెల్లింపును రెగ్యులర్ గంట రేటుకు 1.2 చొప్పున కూడా పొందుతుంది.""
    Does this mean:
    A) Overtime rate = 1.2 * Regular rate? (Common in most math problems)
    B) Overtime rate = Regular rate + 1.2 * Regular rate? (Less likely, usually phrased as ""1.2 times the rate"" or ""1.2 times *more than* the rate"")
    C) Overtime rate = Regular rate * 1.2? (This is what I used).

    ""1.2 చొప్పున"" usually translates to ""at 1.2 times"" or ""at a rate of 1.2"".
    Let's check: ""1.2 times the regular hourly rate"" $\rightarrow$ 1.2 * 10 = 12.
    If it meant ""1.2 *more than* the regular rate"", it would be 10 + (1.2 * 10) = 22.
    However, standard English/Math problem phrasing ""1.2 times the rate"" means $1.2 \times \text{Rate}$. In Telugu, ""1.2 చొప్పున"" (at 1.2) implies the multiplier.

    Let's re-verify the math:
    Regular: 40 * 10 = 400
    OT hours: 45 - 40 = 5
    OT rate: 10 * 1.2 = 12
    OT pay: 5 * 12 = 60
    Total: 460.

    *   Total hours: 45
    *   Regular hours: 40
    *   Overtime hours: 45 - 40 = 5
    *   Regular Rate: $10/hour
    *   Regular Pay: 40 * $10 = $400
    *   Overtime Rate: $10 * 1.2 = $12/hour
    *   Overtime Pay: 5 * $12 = $60
    *   Total Pay: $400 + $60 = $460.

    *   40 గంటలకు సంపాదన: 40 * 10 = 400
    *   ఓవర్ టైమ్ గంటలు: 45 - 40 = 5
    *   ఓవర్ టైమ్ రేటు: 10 * 1.2 = 12
    *   ఓవర్ టైమ్ సంపాదన: 5 * 12 = 60
    *   మొత్తం సంపాదన: 400 + 60 = 460.

    The steps are logical and the calculation is correct.

    (Self-Correction on Telugu wording): ""1.2 చొప్పున"" can sometimes be tricky. In many contexts, if it meant ""1.2 times *more than* the regular rate,"" the rate would be 10 + (1.2 * 10) = 22. But usually, ""1.2 times the regular rate"" (రెగ్యులర్ గంట రేటుకు 1.2 చొప్పున) means the new rate is $1.2 \times \text{Regular Rate}$.

    Let's re-read carefully: ""ఆమె ఓవర్ టైమ్ చెల్లింపును రెగ్యులర్ గంట రేటుకు 1.2 చొప్పున కూడా పొందుతుంది.""
    This literally means ""She also receives overtime pay at 1.2 of the regular hourly rate.""
    So, Rate_OT = 1.2 * 10 = 12.

    1.  Calculate regular hours and overtime hours.
    2.  Calculate regular pay.
    3.  Calculate overtime rate.
    4.  Calculate overtime pay.
    5.  Calculate",,Qwen3.5-27B,0.0,False,"The candidate solution is empty. It provides no calculations, reasoning, or final answer to the problem.","` and `>>>`.
It seems the content between the delimiters is empty.
So, the candidate provided no answer.

Therefore, the evaluation is straightforward.

**JSON Construction:**
```json
{
  ""score"": 0.0,
  ""correct"": false,
  ""reason"": ""The candidate solution is empty. It provides no calculations, reasoning, or final answer to the problem.""
}
```
I need to make sure I follow the instruction: ""Return ONLY a valid JSON object"".

Let's double check the Telugu translation to ensure I understood the problem correctly.
""ఎలీజా ప్రతివారం ఆమె పని చేసే మొదటి 40 గంటలకు గంటకు $10 రేటును పొందుతుంది."" -> Eliza gets $10 rate per hour for the first 40 hours she works every week.
""ఆమె ఓవర్ టైమ్ చెల్లింపును రెగ్యులర్ గంట రేటుకు 1.2 చొప్పున కూడా పొందుతుంది."" -> She also gets overtime payment at 1.2 times the regular hour rate.
""ఎలీజా ఈ వారం 45 గంటలు పనిచేసినట్లయితే, ఈ వారానికి ఆమె ఎంత","The user wants me to evaluate a mathematical solution provided by an AI candidate.

**1. Analyze the Input:**
- **Question:** A word problem in Telugu about calculating wages.
  - Regular rate: $10 per hour for the first 40 hours.
  - Overtime rate: 1.2 times the regular rate for hours beyond 40.
  - Total hours worked: 45 hours.
  - Question: How much does she earn this week?
- **Candidate Solution:** The candidate solution is empty (`<<< >>>`).

**2. Solve the Problem Independently:**
- Regular hours: 40 hours.
- Regular rate: $10/hour.
- Regular pay = $40 \times 10 = \$400$.
- Overtime hours: Total hours - Regular hours = $45 - 40 = 5$ hours.
- Overtime rate: $1.2 \times \text{Regular rate} = 1.2 \times 10 = \$12$/hour.
- Overtime pay = $5 \times 12 = \$60$.
- Total pay = Regular pay + Overtime pay = $400 + 60 = \$460$.

**3. Evaluate the Candidate Solution:**
- The candidate solution provided is completely empty. There is no text, no calculation, no answer.
- An empty solution cannot be mathematically correct. It fails to address the problem at all.

**4. Determine the Score:**
- Since there is no solution provided, the score must be 0.0.
- `correct` must be false.
- `reason` should state that the solution is missing/empty.

**5. Format the Output:**
- JSON object with `score`, `correct`, and `reason`.

**Drafting the Reason:**
The candidate solution is empty. It does not provide any calculations or a final answer. Therefore, it is mathematically incorrect.

**Final Check:**
- Is the JSON valid? Yes.
- Is the score 0.0? Yes.
- Is `correct` false? Yes.
- Is the reason accurate? Yes.

Wait, looking closely at the prompt structure:
`CANDIDATE SOLUTION:` followed by `<<<"
Gemma-4-26B,10,P2,"ఎలీజా ప్రతివారం ఆమె పని చేసే మొదటి 40 గంటలకు గంటకు $10 రేటును పొందుతుంది. ఆమె ఓవర్ టైమ్ చెల్లింపును రెగ్యులర్ గంట రేటుకు 1.2 చొప్పున కూడా పొందుతుంది. ఎలీజా ఈ వారం 45 గంటలు పనిచేసినట్లయితే, ఈ వారానికి ఆమె ఎంత సంపాదిస్తుంది?","Please solve the following math problem carefully. Explain your solution step by step and clearly state the final answer.

Problem:
ఎలీజా ప్రతివారం ఆమె పని చేసే మొదటి 40 గంటలకు గంటకు $10 రేటును పొందుతుంది. ఆమె ఓవర్ టైమ్ చెల్లింపును రెగ్యులర్ గంట రేటుకు 1.2 చొప్పున కూడా పొందుతుంది. ఎలీజా ఈ వారం 45 గంటలు పనిచేసినట్లయితే, ఈ వారానికి ఆమె ఎంత సంపాదిస్తుంది?","*   Regular hours: First 40 hours.
    *   Regular rate: $10 per hour.
    *   Overtime hours: Hours worked beyond 40 hours.
    *   Overtime rate: 1.2 times the regular rate.
    *   Total hours worked this week: 45 hours.
    *   Goal: Calculate total earnings for the week.

    *   The user provided the problem in Telugu.
    *   ""ఎలీజా ప్రతివారం ఆమె పని చేసే మొదటి 40 గంటలకు గంటకు $10 రేటును పొందుతుంది."" (Eliza gets $10 per hour for the first 40 hours she works every week.)
    *   ""ఆమె ఓవర్ టైమ్ చెల్లింపును రెగ్యులర్ గంట రేటుకు 1.2 చొప్పున కూడా పొందుతుంది."" (She also gets overtime pay at 1.2 times the regular hourly rate.)
    *   ""ఎలీజా ఈ వారం 45 గంటలు పనిచేసినట్లయితే, ఈ వారానికి ఆమె ఎంత సంపాదిస్తుంది?"" (If Eliza worked 45 hours this week, how much does she earn this week?)

    *   **Step 1: Calculate Regular Earnings.**
        *   Regular hours = 40 hours.
        *   Regular rate = $10 per hour.
        *   Regular pay = 40 hours * $10/hour = $400.

    *   **Step 2: Calculate Overtime Hours.**
        *   Total hours = 45 hours.
        *   Overtime hours = Total hours - Regular hours = 45 - 40 = 5 hours.

    *   **Step 3: Calculate Overtime Rate.**
        *   Regular rate = $10 per hour.
        *   Overtime rate factor = 1.2.
        *   Overtime rate = $10 * 1.2 = $12 per hour.

    *   **Step 4: Calculate Overtime Earnings.**
        *   Overtime hours = 5 hours.
        *   Overtime rate = $12 per hour.
        *   Overtime pay = 5 hours * $12/hour = $60.

    *   **Step 5: Calculate Total Earnings.**
        *   Total earnings = Regular pay + Overtime pay.
        *   Total earnings = $400 + $60 = $460.

    *   *Introduction:* Summarize the given values.
    *   *Step 1: Regular Pay calculation.* (40 * 10 = 400)
    *   *Step 2: Overtime hours calculation.* (45 - 40 = 5)
    *   *Step 3: Overtime rate calculation.* (10 * 1.2 = 12)
    *   *Step 4: Overtime pay calculation.* (5 * 12 = 60)
    *   *Step 5: Total pay calculation.* (400 + 60 = 460)

    *   *Regular hours:* 40
    *   *Regular pay:* $400
    *   *Overtime hours:* 5
    *   *Overtime rate:* $12
    *   *Overtime pay:* $60
    *   *Total:* $460.

    (Self-Correction/Double Check):
    Is there another way to interpret ""1.2 చొప్పున""? It usually means 1.2 times.
    ""1.2 చొప్పున"" = 1.2 times.
    If it meant ""1.2 extra"", it would be 1.2 + 1.0 = 2.2. But usually, ""1.2 times the rate"" is the standard way ""1.2 rate"" is expressed in these word problems. Let's stick with 1.2 * $10 = $12.

    *Check math again:*
    40 * 10 = 400.
    5 * (10 * 1.2) = 5 * 12 = 60.
    400 + 60 = 460.

    *   Start with the given data.
    *   Show the step-by-step math.
    *   Final answer clearly stated.

    (Note: Since the question was in Telugu, I should provide the explanation clearly, perhaps in English or Telugu, but since the prompt is in English (""Please solve...""), I will provide the solution in English while acknowledging the context.)

    *Wait, the prompt is in English, asking me to solve the Telugu problem. I will provide the step-by-step solution in English.*

    - Regular Hours: 40 hours
    - Regular Rate: $10 per hour
    - Total Hours Worked: 45 hours
    - Overtime Rate: 1.2 × Regular Rate

    - Regular Pay = 40 × 10 = $400
    - Overtime Hours = 45 - 40 = 5 hours
    - Overtime Rate = 10 × 1.2 = $12 per hour
    - Overtime Pay = 5 × 12 = $60
    - Total Pay = 400 + 60 = $460

    (Wait, let me re-read: ""ఆమె ఓవర్ టైమ్ చెల్లింపును రెగ్యులర్ గంట రేటుకు 1.2 చొప్పున కూడా పొందుతుంది."" Does this mean the rate is $1.2 total or 1.2 times? ""1.2 times"" is standard. If it were $1.2, she'd lose money. So it's 1.2 times.)

    Final calculation check:
    40 * 10 = 400
    5 * (10 * 1.2) = 5 * 12 = 60
    Total = 460.

    Result: $460.","To solve this problem, we will break it down into steps: calculating the regular pay, determining the overtime hours, calculating the overtime rate, and finally finding the total earnings.

### **1. Identify the Given Information:**
*   **Regular hours per week:** 40 hours
*   **Regular hourly rate:** $10 per hour
*   **Total hours worked this week:** 45 hours
*   **Overtime rate:** 1.2 times the regular rate

---

### **2. Step-by-Step Calculation:**

**Step 1: Calculate the Regular Earnings**
Eliza gets $10 for each of her first 40 hours.
$$\text{Regular Pay} = \text{Regular Hours} \times \text{Regular Rate}$$
$$\text{Regular Pay} = 40",Qwen3.5-27B,0.0,False,"The candidate solution is incomplete. It cuts off mid-calculation at 'Regular Pay = 40' without finishing the regular pay calculation, calculating the overtime pay, or providing a final total earnings answer. A complete solution is required to be mathematically correct.","{
  ""score"": 0.0,
  ""correct"": false,
  ""reason"": ""The candidate solution is incomplete. It cuts off mid-calculation at 'Regular Pay = 40' without finishing the regular pay calculation, calculating the overtime pay, or providing a final total earnings answer. A complete solution is required to be mathematically correct.""
}","The user wants me to evaluate a mathematical solution provided by an AI candidate.

**1. Analyze the Mathematical Question:**
*   **Language:** Telugu.
*   **Problem Statement:**
    *   Eliza earns $10 per hour for the first 40 hours she works each week.
    *   She gets overtime pay at 1.2 times the regular hourly rate.
    *   She worked 45 hours this week.
    *   Question: How much does she earn this week?
*   **Key Data:**
    *   Regular Rate = $10/hour
    *   Regular Hours = 40 hours
    *   Total Hours = 45 hours
    *   Overtime Multiplier = 1.2
    *   Overtime Hours = Total Hours - Regular Hours = 45 - 40 = 5 hours
    *   Overtime Rate = $10 * 1.2 = $12/hour

**2. Solve the Problem Independently:**
*   **Regular Pay:** 40 hours * $10/hour = $400.
*   **Overtime Hours:** 45 hours - 40 hours = 5 hours.
*   **Overtime Rate:** $10 * 1.2 = $12/hour.
*   **Overtime Pay:** 5 hours * $12/hour = $60.
*   **Total Earnings:** $400 + $60 = $460.

**3. Evaluate the Candidate Solution:**
*   **Content:** The candidate solution starts by identifying the given information correctly.
*   **Step 1:** It sets up the calculation for Regular Earnings: `Regular Pay = 40`.
*   **Issue:** The solution cuts off abruptly. It ends with `$$\text{Regular Pay} = 40`. It does not complete the calculation, does not calculate overtime, does not sum the total, and does not provide a final answer.
*   **Mathematical Validity:** Since the solution is incomplete, it cannot be considered mathematically correct in the context of solving the problem. It stops mid-sentence/mid-calculation.
*   **Reasoning:** The reasoning starts correctly but fails to execute the"
Gemma-4-26B,10,P3,"ఎలీజా ప్రతివారం ఆమె పని చేసే మొదటి 40 గంటలకు గంటకు $10 రేటును పొందుతుంది. ఆమె ఓవర్ టైమ్ చెల్లింపును రెగ్యులర్ గంట రేటుకు 1.2 చొప్పున కూడా పొందుతుంది. ఎలీజా ఈ వారం 45 గంటలు పనిచేసినట్లయితే, ఈ వారానికి ఆమె ఎంత సంపాదిస్తుంది?","Work through the following math problem step by step. Show how you arrive at the answer and give the final result.

Problem:
ఎలీజా ప్రతివారం ఆమె పని చేసే మొదటి 40 గంటలకు గంటకు $10 రేటును పొందుతుంది. ఆమె ఓవర్ టైమ్ చెల్లింపును రెగ్యులర్ గంట రేటుకు 1.2 చొప్పున కూడా పొందుతుంది. ఎలీజా ఈ వారం 45 గంటలు పనిచేసినట్లయితే, ఈ వారానికి ఆమె ఎంత సంపాదిస్తుంది?","*   The problem is in Telugu.
    *   Eliza's regular pay: First 40 hours of work = \$10 per hour.
    *   Overtime pay: Rate is 1.2 times the regular hourly rate.
    *   Total hours worked this week: 45 hours.
    *   Goal: Calculate the total earnings for this week.

    *   ""ఎలీజా ప్రతివారం ఆమె పని చేసే మొదటి 40 గంటలకు గంటకు $10 రేటును పొందుతుంది.""
        *   Translation: Eliza gets \$10 per hour for the first 40 hours she works every week.
    *   ""ఆమె ఓవర్ టైమ్ చెల్లింపును రెగ్యులర్ గంట రేటుకు 1.2 చొప్పున కూడా పొందుతుంది.""
        *   Translation: She also gets overtime pay at 1.2 times the regular hourly rate.
    *   ""ఎలీజా ఈ వారం 45 గంటలు పనిచేసినట్లయితే, ఈ వారానికి ఆమె ఎంత సంపాదిస్తుంది?""
        *   Translation: If Eliza worked 45 hours this week, how much will she earn this week?

    *   Step 1: Calculate Regular Pay.
        *   Regular hours = 40 hours.
        *   Regular rate = \$10/hour.
        *   Regular Pay = 40 * 10 = \$400.

    *   Step 2: Calculate Overtime Hours.
        *   Total hours = 45.
        *   Regular hours = 40.
        *   Overtime hours = 45 - 40 = 5 hours.

    *   Step 3: Calculate Overtime Rate.
        *   Regular rate = \$10/hour.
        *   Overtime multiplier = 1.2.
        *   Overtime rate = 10 * 1.2 = \$12/hour.

    *   Step 4: Calculate Overtime Pay.
        *   Overtime hours = 5.
        *   Overtime rate = \$12.
        *   Overtime Pay = 5 * 12 = \$60.

    *   Step 5: Calculate Total Weekly Earnings.
        *   Total Earnings = Regular Pay + Overtime Pay.
        *   Total Earnings = \$400 + \$60 = \$460.

    *   Start with the given information.
    *   Break down the calculation into clear steps.
    *   Use Telugu for the explanation (to match the input) or English (if requested, but usually, it's better to provide a clear answer in the language of the problem or English with a translation). Since the prompt is in Telugu, I will provide the solution steps clearly.

    *   *Step 1 (Regular Pay):*
        మొదటి 40 గంటలకు జీతం = 40 గంటలు × $10 = $400.

    *   *Step 2 (Overtime Hours):*
        ఓవర్ టైమ్ గంటలు = 45 - 40 = 5 గంటలు.

    *   *Step 3 (Overtime Rate):*
        ఓవర్ టైమ్ గంట రేటు = $10 × 1.2 = $12.

    *   *Step 4 (Overtime Pay):*
        ఓవర్ టైమ్ జీతం = 5 గంటలు × $12 = $60.

    *   *Step 5 (Total Earnings):*
        మొత్తం సంపాదన = $400 + $60 = $460.

    *   Did I account for all hours? Yes (40 regular, 5 overtime).
    *   Is the overtime rate correct? Yes (1.2 * 10 = 12).
    *   Is the math correct? 400 + 60 = 460. Yes.","To find out how much Eliza earns this week, we need to calculate her regular pay and her overtime pay separately, then add them together.

**Step 1: Calculate Regular Pay**
Eliza earns \$10 per hour for the first 40 hours.
*   Regular hours = 40 hours
*   Regular rate = \$10 per hour
*   **Regular Pay** = $40 \times 10 = \$400$

**Step 2: Calculate Overtime Hours**
She worked a total of 45 hours. The hours exceeding 40 are considered overtime.
*   Total hours = 45 hours
*   Regular hours = 40 hours
*   **Overtime hours** = $45 - 40 = 5$ hours

**Step 3: Calculate the Overtime Rate**
The overtime rate is 1.2 times her regular rate.
*   Regular rate = \$10
*   Overtime multiplier = 1.2
*   **Overtime rate** = $10 \times 1.2 = \$12$ per hour

**Step 4: Calculate Overtime Pay**
Now, multiply the overtime hours by the overtime rate.
*   Overtime hours = 5 hours
*   Overtime rate = \$12
*   **Overtime Pay** = $5 \times 12 = \$60$

**Step 5: Calculate Total Earnings**
Add the regular pay and the overtime pay together.
*   Total Earnings = Regular Pay + Overtime Pay
*   Total Earnings = $\$400 + \$60 = \$460$

**Final Result:**
ఎలీజా ఈ వారం మొత్తం **$460** సంపాదిస్తుంది. (Eliza will earn a total of **$460** this week.)",Qwen3.5-27B,1.0,True,"The candidate solution correctly identifies the regular hours (40) and overtime hours (5). It accurately calculates the regular pay ($400), the overtime rate ($12), and the overtime pay ($60). The final sum ($460) is mathematically correct based on the problem statement.","{
  ""score"": 1.0,
  ""correct"": true,
  ""reason"": ""The candidate solution correctly identifies the regular hours (40) and overtime hours (5). It accurately calculates the regular pay ($400), the overtime rate ($12), and the overtime pay ($60). The final sum ($460) is mathematically correct based on the problem statement.""
}","The user wants me to evaluate a mathematical solution provided by an AI candidate.

**1. Analyze the Question:**
*   **Language:** Telugu.
*   **Problem:** Eliza earns $10 per hour for the first 40 hours. Overtime pay is 1.2 times the regular rate. She worked 45 hours this week. How much does she earn?
*   **Key Data:**
    *   Regular Rate: $10/hour
    *   Regular Hours Limit: 40 hours
    *   Overtime Multiplier: 1.2
    *   Total Hours Worked: 45 hours

**2. Solve the Problem Independently:**
*   **Regular Pay:**
    *   Hours: 40
    *   Rate: $10
    *   Calculation: $40 \times 10 = 400$
*   **Overtime Hours:**
    *   Total Hours: 45
    *   Regular Limit: 40
    *   Overtime Hours: $45 - 40 = 5$
*   **Overtime Rate:**
    *   Regular Rate: $10
    *   Multiplier: 1.2
    *   Calculation: $10 \times 1.2 = 12$
*   **Overtime Pay:**
    *   Hours: 5
    *   Rate: $12
    *   Calculation: $5 \times 12 = 60$
*   **Total Earnings:**
    *   Regular Pay + Overtime Pay
    *   $400 + 60 = 460$
*   **Final Answer:** $460

**3. Evaluate the Candidate Solution:**
*   **Step 1 (Regular Pay):** Calculates $40 \times 10 = 400$. Correct.
*   **Step 2 (Overtime Hours):** Calculates $45 - 40 = 5$. Correct.
*   **Step 3 (Overtime Rate):** Calculates $10 \times 1.2 = 12$. Correct.
*   **Step 4 (Overtime Pay):** Calculates $5 \times 12 = 60$. Correct"
Gemma-4-26B,10,P4,"ఎలీజా ప్రతివారం ఆమె పని చేసే మొదటి 40 గంటలకు గంటకు $10 రేటును పొందుతుంది. ఆమె ఓవర్ టైమ్ చెల్లింపును రెగ్యులర్ గంట రేటుకు 1.2 చొప్పున కూడా పొందుతుంది. ఎలీజా ఈ వారం 45 గంటలు పనిచేసినట్లయితే, ఈ వారానికి ఆమె ఎంత సంపాదిస్తుంది?","Find the solution to the following problem. Explain your reasoning and calculations before giving the final answer.

Problem:
ఎలీజా ప్రతివారం ఆమె పని చేసే మొదటి 40 గంటలకు గంటకు $10 రేటును పొందుతుంది. ఆమె ఓవర్ టైమ్ చెల్లింపును రెగ్యులర్ గంట రేటుకు 1.2 చొప్పున కూడా పొందుతుంది. ఎలీజా ఈ వారం 45 గంటలు పనిచేసినట్లయితే, ఈ వారానికి ఆమె ఎంత సంపాదిస్తుంది?","*   Regular hours: First 40 hours.
    *   Regular rate: $10 per hour.
    *   Overtime hours: Any hours beyond 40.
    *   Overtime rate: 1.2 times the regular rate.
    *   Total hours worked this week: 45 hours.
    *   Goal: Find the total earnings for the week.

    *   Regular hours = 40 hours.
    *   Rate = $10/hour.
    *   Calculation: $40 \times 10 = 400$.
    *   Regular earnings = $400.

    *   Total hours = 45 hours.
    *   Regular hours = 40 hours.
    *   Overtime hours = $45 - 40 = 5$ hours.

    *   Regular rate = $10/hour.
    *   Overtime multiplier = 1.2.
    *   Overtime rate = $10 \times 1.2 = 12$ per hour.

    *   Overtime hours = 5 hours.
    *   Overtime rate = $12/hour.
    *   Calculation: $5 \times 12 = 60$.
    *   Overtime earnings = $60.

    *   Total earnings = Regular earnings + Overtime earnings.
    *   Total earnings = $400 + $60 = $460.

    *   *Step 1: Regular Earnings.*
        ఎలీజా మొదటి 40 గంటలకు గంటకు $10 చొప్పున సంపాదిస్తుంది.
        కాబట్టి, రెగ్యులర్ సంపాదన = $40 \times 10 = \$400$.

    *   *Step 2: Overtime Hours.*
        ఆమె మొత్తం 45 గంటలు పనిచేసింది.
        కాబట్టి, ఓవర్ టైమ్ గంటలు = $45 - 40 = 5$ గంటలు.

    *   *Step 3: Overtime Rate.*
        ఓవర్ టైమ్ రేటు = రెగ్యులర్ రేటు $\times 1.2$
        ఓవర్ టైమ్ రేటు = $\$10 \times 1.2 = \$12$ प्रति గంట.

    *   *Step 4: Overtime Earnings.*
        ఓవర్ టైమ్ సంపాదన = $5 \text{ గంటలు} \times \$12 = \$60$.

    *   *Step 5: Total Earnings.*
        మొత్తం సంపాదన = రెగ్యులర్ సంపాదన + ఓవర్ టైమ్ సంపాదన
        మొత్తం సంపాదన = $\$400 + \$60 = \$460$.

    *   Does the logic hold? Yes.
    *   Is the calculation correct? $40 \times 10 = 400$, $45-40=5$, $10 \times 1.2 = 12$, $5 \times 12 = 60$, $400+60=460$. Yes.
    *   Translate thoughts into the final structured response.","To find the total amount Eliza earns this week, we need to calculate her regular earnings and her overtime earnings separately and then add them together.

**1. Calculate Regular Earnings:**
Eliza earns a regular rate for the first 40 hours of work.
*   **Regular hours:** 40 hours
*   **Regular rate:** $10 per hour
*   **Regular earnings:** $40 \times \$10 = \$400$

**2. Calculate Overtime Hours:**
Overtime is any time worked beyond the first 40 hours.
*   **Total hours worked:** 45 hours
*   **Overtime hours:** $45 - 40 = 5$ hours

**3. Calculate Overtime Rate:**
The overtime rate is 1.2 times her regular rate.
*   **Regular rate:** $10 per hour
*   **Overtime multiplier:** 1.2
*   **Overtime rate:** $\$10 \times 1.2 = \$12$ per hour

**4. Calculate Overtime Earnings:**
Now, multiply the overtime hours by the overtime rate.
*   **Overtime hours:** 5 hours
*   **Overtime rate:** $12 per hour
*   **Overtime earnings:** $5 \times \$12 = \$60$

**5. Calculate Total Earnings:**
Finally, add the regular earnings and the overtime earnings together.
*   **Total earnings:** $\$400 (\text{Regular}) + \$60 (\text{Overtime}) = \$460$

**Final Answer:**
ఎలీజా ఈ వారం మొత్తం **$460** సంపాదిస్తుంది. (Eliza earns a total of **$460** this week.)",Qwen3.5-27B,1.0,True,The candidate solution correctly identifies the regular hours (40) and overtime hours (5). It accurately calculates the regular earnings ($400) and the overtime rate ($12). The final calculation of total earnings ($400 + $60 = $460) is mathematically valid and matches the independent solution.,"{
  ""score"": 1.0,
  ""correct"": true,
  ""reason"": ""The candidate solution correctly identifies the regular hours (40) and overtime hours (5). It accurately calculates the regular earnings ($400) and the overtime rate ($12). The final calculation of total earnings ($400 + $60 = $460) is mathematically valid and matches the independent solution.""
}","The user wants me to evaluate a mathematical solution provided by an AI candidate.

**1. Analyze the Question:**
*   **Language:** Telugu.
*   **Problem:** Eliza earns $10 per hour for the first 40 hours. Overtime pay is 1.2 times the regular rate. She worked 45 hours this week. How much does she earn?
*   **Key Data:**
    *   Regular Rate: $10/hour
    *   Regular Hours Limit: 40 hours
    *   Overtime Multiplier: 1.2
    *   Total Hours Worked: 45 hours

**2. Solve the Problem Independently:**
*   **Regular Pay:**
    *   Hours: 40
    *   Rate: $10
    *   Calculation: $40 \times 10 = 400$
*   **Overtime Pay:**
    *   Total Hours: 45
    *   Overtime Hours: $45 - 40 = 5$
    *   Overtime Rate: $10 \times 1.2 = 12$
    *   Calculation: $5 \times 12 = 60$
*   **Total Pay:**
    *   $400 + 60 = 460$
*   **Final Answer:** $460

**3. Evaluate the Candidate Solution:**
*   **Step 1 (Regular Earnings):**
    *   Regular hours: 40
    *   Rate: $10
    *   Calculation: $40 \times 10 = 400$. Correct.
*   **Step 2 (Overtime Hours):**
    *   Total: 45
    *   Overtime: $45 - 40 = 5$. Correct.
*   **Step 3 (Overtime Rate):**
    *   Regular: $10
    *   Multiplier: 1.2
    *   Calculation: $10 \times 1.2 = 12$. Correct.
*   **Step 4 (Overtime Earnings):**
    *   Hours: 5
    *   Rate: $12
    *  "
Gemma-4-26B,10,P5,"ఎలీజా ప్రతివారం ఆమె పని చేసే మొదటి 40 గంటలకు గంటకు $10 రేటును పొందుతుంది. ఆమె ఓవర్ టైమ్ చెల్లింపును రెగ్యులర్ గంట రేటుకు 1.2 చొప్పున కూడా పొందుతుంది. ఎలీజా ఈ వారం 45 గంటలు పనిచేసినట్లయితే, ఈ వారానికి ఆమె ఎంత సంపాదిస్తుంది?","Carefully solve the following mathematical problem. Provide a step-by-step solution and conclude with the final answer.

Problem:
ఎలీజా ప్రతివారం ఆమె పని చేసే మొదటి 40 గంటలకు గంటకు $10 రేటును పొందుతుంది. ఆమె ఓవర్ టైమ్ చెల్లింపును రెగ్యులర్ గంట రేటుకు 1.2 చొప్పున కూడా పొందుతుంది. ఎలీజా ఈ వారం 45 గంటలు పనిచేసినట్లయితే, ఈ వారానికి ఆమె ఎంత సంపాదిస్తుంది?","*   The problem is in Telugu.
    *   Regular hours: First 40 hours.
    *   Regular rate: $10 per hour.
    *   Overtime hours: Hours worked beyond 40.
    *   Overtime rate: 1.2 times the regular rate.
    *   Total hours worked this week: 45 hours.
    *   Goal: Calculate the total earnings for the week.

    *   ""ఎలీజా ప్రతివారం ఆమె పని చేసే మొదటి 40 గంటలకు గంటకు $10 రేటును పొందుతుంది."" (Eliza gets $10 per hour for the first 40 hours she works every week.)
    *   ""ఆమె ఓవర్ టైమ్ చెల్లింపును రెగ్యులర్ గంట రేటుకు 1.2 చొప్పున కూడా పొందుతుంది."" (She also receives overtime pay at 1.2 times the regular hourly rate.)
    *   ""ఎలీజా ఈ వారం 45 గంటలు పనిచేసినట్లయితే, ఈ వారానికి ఆమె ఎంత సంపాదిస్తుంది?"" (If Eliza worked 45 hours this week, how much will she earn this week?)

    *   **Step 1: Calculate Regular Earnings.**
        *   Regular hours = 40 hours.
        *   Regular rate = $10 per hour.
        *   Regular earnings = 40 hours * $10/hour = $400.

    *   **Step 2: Calculate Overtime Hours.**
        *   Total hours = 45 hours.
        *   Regular hours = 40 hours.
        *   Overtime hours = Total hours - Regular hours = 45 - 40 = 5 hours.

    *   **Step 3: Calculate Overtime Rate.**
        *   Regular rate = $10.
        *   Overtime multiplier = 1.2.
        *   Overtime rate = $10 * 1.2 = $12 per hour.

    *   **Step 4: Calculate Overtime Earnings.**
        *   Overtime hours = 5 hours.
        *   Overtime rate = $12 per hour.
        *   Overtime earnings = 5 hours * $12/hour = $60.

    *   **Step 5: Calculate Total Earnings.**
        *   Total earnings = Regular earnings + Overtime earnings.
        *   Total earnings = $400 + $60 = $460.

    *   Regular hours: 40.
    *   Regular rate: $10.
    *   Regular pay: 40 * 10 = 400.
    *   Overtime hours: 45 - 40 = 5.
    *   Overtime rate: 10 * 1.2 = 12.
    *   Overtime pay: 5 * 12 = 60.
    *   Total pay: 400 + 60 = 460.

    *   *Step 1 (Regular Earnings):*
        ఎలీజా మొదటి 40 గంటలకు పొందే ఆదాయం = 40 గంటలు × $10/గంట = $400.
    *   *Step 2 (Overtime Hours):*
        ఓవర్ టైమ్ గంటలు = మొత్తం గంటలు - రెగ్యులర్ గంటలు = 45 - 40 = 5 గంటలు.
    *   *Step 3 (Overtime Rate):*
        ఓవర్ టైమ్ గంట రేటు = రెగ్యులర్ గంట రేటు × 1.2 = $10 × 1.2 = $12.
    *   *Step 4 (Overtime Earnings):*
        ఓవర్ టైమ్ ఆదాయం = 5 గంటలు × $12/గంట = $60.
    *   *Step 5 (Total Earnings):*
        మొత్తం ఆదాయం = రెగ్యులర్ ఆదాయం + ఓవర్ టైమ్ ఆదాయం = $400 + $60 = $460.

    *   Check the question again: ""ఎలీజా ఈ వారం 45 గంటలు పనిచేసినట్లయితే, ఈ వారానికి ఆమె ఎంత సంపాదిస్తుంది?"" (If Eliza worked 45 hours this week, how much will she earn this week?)
    *   Calculations: 40*10 + (45-40)*(10*1.2) = 400 + 5*12 = 400 + 60 = 460. Correct.

    *   Start with identifying the given values.
    *   Show calculation for regular pay.
    *   Show calculation for overtime hours.
    *   Show calculation for overtime rate.
    *   Show calculation for overtime pay.
    *   Sum them up for total pay.","ఈ సమస్యను పరిష్కరించడానికి మనం దశలవారీగా లెక్కలు చేయాలి:

**1. రెగ్యులర్ ఆదాయాన్ని (Regular Earnings) లెక్కించడం:**
ఎలీజా మొదటి 40 గంటలకు గంటకు $10 చొప్పున సంపాదిస్తుంది.
*   రెగ్యులర్ గంటలు = 40 గంటలు
*   గంటకు రేటు = $10
*   రెగ్యులర్ ఆదాయం = $40 \times 10 = \$400$

**2. ఓవర్ టైమ్ గంటలను (Overtime Hours) లెక్కించడం:**
ఎలీజా మొత్తం 45 గంటలు పనిచేసింది.
*   మొత్తం గంటలు = 45 గంటలు
*   రెగ్యులర్ గంటలు = 40 గంటలు
*   ఓవర్ టైమ్ గంటలు = $45 - 40 = 5$ గంటలు

**3. ఓవర్ టైమ్ గంట రేటును (Overtime Rate) లెక్కించడం:**
ఓవర్ టైమ్ చెల్లింపు రెగ్యులర్ గంట రేటుకు 1.2 రెట్లు.
*   రెగ్యులర్ రేటు = $10
*   ఓవర్ టైమ్ రేటు = $10 \times 1.2 = \$12$

**4. ఓవర్ టైమ్ ఆదాయాన్ని (Overtime Earnings) లెక్కించడం:**
*   ఓవర్ టైమ్ గంటలు = 5 గంటలు
*   ఓవర్ టైమ్ రేటు = $12
*   ఓవర్ టైమ్ ఆదాయం = $5 \times 12 = \$60$

**5. మొత్తం ఆదాయాన్ని (Total Earnings) లెక్కించడం:**
మొత్తం ఆదాయం = రెగ్యులర్ ఆదాయం + ఓవర్ టైమ్ ఆదాయం
*   మొత్తం ఆదాయం = $\$400 + \$60 = \$460$

**సమాధానం:**
ఎలీజా ఈ",Qwen3.5-27B,1.0,True,"The candidate solution correctly identifies the regular hours (40) and overtime hours (5). It accurately calculates the regular earnings ($400), the overtime rate ($12), and the overtime earnings ($60). The final sum ($460) is mathematically correct based on the problem statement.","{
  ""score"": 1.0,
  ""correct"": true,
  ""reason"": ""The candidate solution correctly identifies the regular hours (40) and overtime hours (5). It accurately calculates the regular earnings ($400), the overtime rate ($12), and the overtime earnings ($60). The final sum ($460) is mathematically correct based on the problem statement.""
}","The user wants me to evaluate a mathematical solution provided in Telugu.

**1. Analyze the Question:**
*   **Regular Rate:** $10 per hour for the first 40 hours.
*   **Overtime Rate:** 1.2 times the regular rate.
*   **Total Hours Worked:** 45 hours.
*   **Goal:** Calculate total earnings for the week.

**2. Solve the Problem Independently:**
*   **Regular Hours:** 40 hours.
*   **Regular Earnings:** $40 \text{ hours} \times \$10/\text{hour} = \$400$.
*   **Overtime Hours:** $45 \text{ total} - 40 \text{ regular} = 5 \text{ hours}$.
*   **Overtime Rate:** $1.2 \times \$10 = \$12/\text{hour}$.
*   **Overtime Earnings:** $5 \text{ hours} \times \$12/\text{hour} = \$60$.
*   **Total Earnings:** $\$400 + \$60 = \$460$.

**3. Evaluate the Candidate Solution:**
*   **Step 1 (Regular Earnings):** Calculates $40 \times 10 = 400$. Correct.
*   **Step 2 (Overtime Hours):** Calculates $45 - 40 = 5$. Correct.
*   **Step 3 (Overtime Rate):** Calculates $10 \times 1.2 = 12$. Correct.
*   **Step 4 (Overtime Earnings):** Calculates $5 \times 12 = 60$. Correct.
*   **Step 5 (Total Earnings):** Calculates $400 + 60 = 460$. Correct.
*   **Final Answer:** The text cuts off slightly at the end (""ఎలీజా ఈ""), but the calculation leading up to it clearly states the total earnings is $460. The logic and arithmetic are sound.

**4. Check for Errors:**
*   The logic follows standard overtime calculation rules.
*   The arithmetic is correct.
*   The interpretation of ""1.2 times the regular rate"" is correct ($"
Gemma-4-31B,1,P1,జనెత్ బాతులు ప్రతిరోజూ 16 గుడ్లు పెడతాయి. ఆమె ప్రతిరోజూ ఉదయం అల్పాహారం కొరకు మూడు గుడ్లు తింటుంది మరియు ప్రతిరోజూ నాలుగింటితో తన స్నేహితుల కొరకు మఫిన్‌లు బేక్ చేస్తుంది. ఆమె మిగిలిన వాటిని రోజూ రైతు మార్కెట్ వద్ద ప్రతి తాజా బాతు గుడ్డును $2కు విక్రయిస్తుంది. ఆమె రైతు మార్కెట్ వద్ద ప్రతిరోజూ ఎన్ని డాలర్లు సంపాదిస్తుంది?,"Solve the following math problem step by step. Show your reasoning clearly and provide the final answer.

Problem:
జనెత్ బాతులు ప్రతిరోజూ 16 గుడ్లు పెడతాయి. ఆమె ప్రతిరోజూ ఉదయం అల్పాహారం కొరకు మూడు గుడ్లు తింటుంది మరియు ప్రతిరోజూ నాలుగింటితో తన స్నేహితుల కొరకు మఫిన్‌లు బేక్ చేస్తుంది. ఆమె మిగిలిన వాటిని రోజూ రైతు మార్కెట్ వద్ద ప్రతి తాజా బాతు గుడ్డును $2కు విక్రయిస్తుంది. ఆమె రైతు మార్కెట్ వద్ద ప్రతిరోజూ ఎన్ని డాలర్లు సంపాదిస్తుంది?","*   Janet's ducks lay 16 eggs per day.
    *   She eats 3 eggs for breakfast every day.
    *   She uses 4 eggs to bake muffins for her friends every day.
    *   She sells the remaining eggs at the farmers market.
    *   Each egg is sold for $2.
    *   Question: How many dollars does she earn per day at the farmers market?

    *   Total eggs per day = 16.
    *   Eggs used (breakfast + baking) = 3 + 4.
    *   Eggs remaining to sell = Total eggs - Eggs used.
    *   Daily earnings = Eggs remaining * Price per egg.

    *   Total eggs: 16
    *   Eggs used: 3 (breakfast) + 4 (muffins) = 7 eggs.
    *   Remaining eggs: 16 - 7 = 9 eggs.
    *   Price per egg: $2.
    *   Earnings: 9 eggs * $2/egg = $18.

    *   Step 1: Calculate total eggs used.
        *   3 (అల్పాహారం కోసం) + 4 (మఫిన్‌ల కోసం) = 7 గుడ్లు.
    *   Step 2: Calculate remaining eggs to sell.
        *   16 (మొత్తం గుడ్లు) - 7 (ఉపయోగించిన గుడ్లు) = 9 గుడ్లు.
    *   Step 3: Calculate total earnings.
        *   9 (మిగిలిన గుడ్లు) × $2 (ఒక్కో గుడ్డు ధర) = $18.","ఈ సమస్యను దశలవారీగా పరిష్కరిద్దాం:

**దశ 1: ప్రతిరోజూ జెనెత్ ఉపయోగించే మొత్తం గుడ్ల సంఖ్యను లెక్కించండి.**
*   అల్పాహారం కోసం ఉపయోగించే గుడ్లు = 3
*   మఫిన్‌ల కోసం ఉపయోగించే గుడ్లు = 4
*   మొత్తం ఉపయోగించిన గుడ్లు = 3 + 4 = 7 గుడ్లు.

**దశ 2: ఆమె విక్రయించడానికి మిగిలిన గుడ్ల సంఖ్యను లెక్కించండి.**
*   బాతులు పెట్టే మొత్తం గుడ్లు = 16
*   ఉపయోగించిన గుడ్లు = 7
*   మిగిలిన గుడ్లు = 16 - 7 = 9 గుడ్లు.

**దశ 3: ఆమె రైతు మార్కెట్ వద్ద సంపాదించే మొత్తం డబ్బును లెక్కించండి.**
*   మిగిలిన గుడ్ల సంఖ్య = 9
*   ఒక్కో గుడ్డు ధర = $2
*   మొత్తం సంపాదన = 9 × $2 = $18.

**ముగింపు:**
జెనెత్ రైతు మార్కెట్ వద్ద ప్రతిరోజూ **$18** సంపాదిస్తుంది.",Qwen3.5-27B,1.0,True,"The candidate solution correctly identifies the total eggs produced (16), subtracts the eggs used for breakfast (3) and muffins (4) to find the remaining eggs (9), and then multiplies the remaining eggs by the price per egg ($2) to calculate the total earnings ($18). All calculations and logical steps are mathematically valid.","{
  ""score"": 1.0,
  ""correct"": true,
  ""reason"": ""The candidate solution correctly identifies the total eggs produced (16), subtracts the eggs used for breakfast (3) and muffins (4) to find the remaining eggs (9), and then multiplies the remaining eggs by the price per egg ($2) to calculate the total earnings ($18). All calculations and logical steps are mathematically valid.""
}","The user wants me to evaluate a mathematical solution provided in Telugu.

**1. Analyze the Question:**
*   **Given:**
    *   Ducks lay 16 eggs per day.
    *   Janet eats 3 eggs for breakfast.
    *   Janet bakes muffins using 4 eggs.
    *   She sells the remaining eggs at the farmer's market.
    *   Price per egg = $2.
*   **Question:** How much money does she earn per day at the farmer's market?

**2. Solve the Problem Independently:**
*   Total eggs produced = 16.
*   Eggs used for breakfast = 3.
*   Eggs used for muffins = 4.
*   Total eggs used = 3 + 4 = 7.
*   Eggs remaining for sale = Total produced - Total used = 16 - 7 = 9.
*   Price per egg = $2.
*   Total earnings = Eggs for sale * Price per egg = 9 * $2 = $18.

**3. Evaluate the Candidate Solution:**
*   **Step 1:** Calculates total eggs used.
    *   Breakfast = 3.
    *   Muffins = 4.
    *   Total used = 3 + 4 = 7.
    *   *Check:* Correct.
*   **Step 2:** Calculates remaining eggs.
    *   Total produced = 16.
    *   Used = 7.
    *   Remaining = 16 - 7 = 9.
    *   *Check:* Correct.
*   **Step 3:** Calculates earnings.
    *   Remaining eggs = 9.
    *   Price = $2.
    *   Earnings = 9 * 2 = $18.
    *   *Check:* Correct.
*   **Conclusion:** States $18.
    *   *Check:* Correct.

**4. Language Check:**
*   The question is in Telugu.
*   The solution is in Telugu.
*   The mathematical logic holds regardless of language.
*   The translation of numbers and operations seems accurate (3+4=7, 16-7=9, 9*"
Gemma-4-31B,1,P2,జనెత్ బాతులు ప్రతిరోజూ 16 గుడ్లు పెడతాయి. ఆమె ప్రతిరోజూ ఉదయం అల్పాహారం కొరకు మూడు గుడ్లు తింటుంది మరియు ప్రతిరోజూ నాలుగింటితో తన స్నేహితుల కొరకు మఫిన్‌లు బేక్ చేస్తుంది. ఆమె మిగిలిన వాటిని రోజూ రైతు మార్కెట్ వద్ద ప్రతి తాజా బాతు గుడ్డును $2కు విక్రయిస్తుంది. ఆమె రైతు మార్కెట్ వద్ద ప్రతిరోజూ ఎన్ని డాలర్లు సంపాదిస్తుంది?,"Please solve the following math problem carefully. Explain your solution step by step and clearly state the final answer.

Problem:
జనెత్ బాతులు ప్రతిరోజూ 16 గుడ్లు పెడతాయి. ఆమె ప్రతిరోజూ ఉదయం అల్పాహారం కొరకు మూడు గుడ్లు తింటుంది మరియు ప్రతిరోజూ నాలుగింటితో తన స్నేహితుల కొరకు మఫిన్‌లు బేక్ చేస్తుంది. ఆమె మిగిలిన వాటిని రోజూ రైతు మార్కెట్ వద్ద ప్రతి తాజా బాతు గుడ్డును $2కు విక్రయిస్తుంది. ఆమె రైతు మార్కెట్ వద్ద ప్రతిరోజూ ఎన్ని డాలర్లు సంపాదిస్తుంది?","*   Janet's ducks lay 16 eggs per day.
    *   Janet eats 3 eggs for breakfast every day.
    *   Janet uses 4 eggs to bake muffins for friends every day.
    *   The remaining eggs are sold at the farmer's market for $2 each.
    *   Question: How many dollars does she earn each day at the farmer's market?

    *   Total eggs laid per day = 16
    *   Eggs eaten for breakfast = 3
    *   Eggs used for muffins = 4
    *   Price per egg sold = $2

    *   *Step 1: Calculate total eggs used by Janet.*
        Eggs used = Breakfast eggs + Muffin eggs
        Eggs used = 3 + 4 = 7 eggs.

    *   *Step 2: Calculate the number of eggs remaining to be sold.*
        Remaining eggs = Total eggs - Eggs used
        Remaining eggs = 16 - 7 = 9 eggs.

    *   *Step 3: Calculate total earnings from selling the remaining eggs.*
        Total earnings = Number of eggs sold × Price per egg
        Total earnings = 9 eggs × $2/egg
        Total earnings = $18.

    *   Total eggs: 16.
    *   Used: 3 + 4 = 7.
    *   Remaining: 16 - 7 = 9.
    *   Earnings: 9 * 2 = 18.
    *   The math is correct.

    *   Start with the total number of eggs: 16.
    *   Subtract the eggs used for breakfast: 16 - 3 = 13.
    *   Subtract the eggs used for muffins: 13 - 4 = 9.
    *   Multiply the remaining eggs by the price per egg: 9 * 2 = 18.
    *   Final Answer: $18.","ఈ సమస్యను దశలవారీగా పరిష్కరిద్దాం:

**ఇచ్చిన సమాచారం:**
* బాతులు ప్రతిరోజూ పెట్టే మొత్తం గుడ్లు = 16
* జానెత్ అల్పాహారం కోసం తినే గుడ్లు = 3
* మఫిన్‌లు బేక్ చేయడానికి ఉపయోగించే గుడ్లు = 4
* ఒక గుడ్డు విక్రయ ధర = $2

**సాధన:**

1. **మొదట జానెత్ రోజుకు ఉపయోగించే మొత్తం గుడ్లను లెక్కిద్దాం:**
   ఉపయోగించిన గుడ్లు = అల్పాహారం గుడ్లు + మఫిన్‌ల గుడ్లు
   = 3 + 4 = 7 గుడ్లు.

2. **రైతు మార్కెట్‌లో అమ్మడానికి మిగిలిన గుడ్లను లెక్కిద్దాం:**
   మిగిలిన గుడ్లు = మొత్తం గుడ్లు - ఉపయోగించిన గుడ్లు
   = 16 - 7 = 9 గుడ్లు.

3. **ఆమె రైతు మార్కెట్ వద్ద సంపాదించే మొత్తం డబ్బును లెక్కిద్దాం:**
   మొత్తం సంపాదన = మిగిలిన గుడ్లు × ఒక గుడ్డు ధర
   = 9 × $2 = $18.

**ముగింపు:**
జానెత్ రైతు మార్కెట్ వద్ద ప్రతిరోజూ **$18** సంపాదిస్తుంది.

**జవాబు: $18**",Qwen3.5-27B,1.0,True,"The candidate solution correctly identifies all given values (16 total eggs, 3 for breakfast, 4 for muffins, $2 per egg). The arithmetic steps are accurate: calculating used eggs (3+4=7), remaining eggs (16-7=9), and total earnings (9*2=$18). The logic and final answer are mathematically valid.","```json
{
  ""score"": 1.0,
  ""correct"": true,
  ""reason"": ""The candidate solution correctly identifies all given values (16 total eggs, 3 for breakfast, 4 for muffins, $2 per egg). The arithmetic steps are accurate: calculating used eggs (3+4=7), remaining eggs (16-7=9), and total earnings (9*2=$18). The logic and final answer are mathematically valid.""
}
```","The user wants me to evaluate a mathematical solution provided in Telugu.

**1. Analyze the Question:**
*   **Total eggs laid per day:** 16
*   **Eggs eaten for breakfast:** 3
*   **Eggs used for muffins:** 4
*   **Selling price per egg:** $2
*   **Goal:** Calculate daily earnings from selling the remaining eggs.

**2. Solve the Problem Independently:**
*   Total eggs = 16
*   Eggs used = Breakfast (3) + Muffins (4) = 7
*   Eggs remaining for sale = Total - Used = 16 - 7 = 9
*   Earnings = Eggs remaining * Price per egg = 9 * $2 = $18

**3. Evaluate the Candidate Solution:**
*   **Given Information:**
    *   Total eggs = 16 (Correct)
    *   Breakfast eggs = 3 (Correct)
    *   Muffin eggs = 4 (Correct)
    *   Price per egg = $2 (Correct)
*   **Step 1 (Calculate used eggs):** 3 + 4 = 7. (Correct)
*   **Step 2 (Calculate remaining eggs):** 16 - 7 = 9. (Correct)
*   **Step 3 (Calculate earnings):** 9 * $2 = $18. (Correct)
*   **Final Answer:** $18. (Correct)

**4. Check for Errors:**
*   The logic is sound.
*   The arithmetic is correct.
*   The interpretation of the Telugu text matches the English translation I derived.
    *   ""జనెత్ బాతులు ప్రతిరోజూ 16 గుడ్లు పెడతాయి"" -> Janet's ducks lay 16 eggs daily.
    *   ""ఆమె ప్రతిరోజూ ఉదయం అల్పాహారం కొరకు మూడు గుడ్లు తింటుంది"" -> She eats 3 eggs for breakfast daily.
    *   ""మరియు ప్రతిరోజూ నాలుగింటితో తన స్నేహితుల కొరకు మఫిన్‌లు బేక్"
Gemma-4-31B,1,P3,జనెత్ బాతులు ప్రతిరోజూ 16 గుడ్లు పెడతాయి. ఆమె ప్రతిరోజూ ఉదయం అల్పాహారం కొరకు మూడు గుడ్లు తింటుంది మరియు ప్రతిరోజూ నాలుగింటితో తన స్నేహితుల కొరకు మఫిన్‌లు బేక్ చేస్తుంది. ఆమె మిగిలిన వాటిని రోజూ రైతు మార్కెట్ వద్ద ప్రతి తాజా బాతు గుడ్డును $2కు విక్రయిస్తుంది. ఆమె రైతు మార్కెట్ వద్ద ప్రతిరోజూ ఎన్ని డాలర్లు సంపాదిస్తుంది?,"Work through the following math problem step by step. Show how you arrive at the answer and give the final result.

Problem:
జనెత్ బాతులు ప్రతిరోజూ 16 గుడ్లు పెడతాయి. ఆమె ప్రతిరోజూ ఉదయం అల్పాహారం కొరకు మూడు గుడ్లు తింటుంది మరియు ప్రతిరోజూ నాలుగింటితో తన స్నేహితుల కొరకు మఫిన్‌లు బేక్ చేస్తుంది. ఆమె మిగిలిన వాటిని రోజూ రైతు మార్కెట్ వద్ద ప్రతి తాజా బాతు గుడ్డును $2కు విక్రయిస్తుంది. ఆమె రైతు మార్కెట్ వద్ద ప్రతిరోజూ ఎన్ని డాలర్లు సంపాదిస్తుంది?","*   Language: Telugu.
    *   Input: A math word problem about Janet's ducks and egg sales.
    *   Goal: Calculate the daily earnings from selling eggs at the farmer's market.

    *   Total eggs per day: 16
    *   Eggs eaten for breakfast: 3
    *   Eggs used for muffins: 4
    *   Selling price per egg: $2

    *   Step 1: Calculate the total number of eggs used by Janet.
        *   $3 (breakfast) + 4 (muffins) = 7$ eggs.
    *   Step 2: Calculate how many eggs are left to sell.
        *   $16 (total) - 7 (used) = 9$ eggs.
    *   Step 3: Calculate the daily earnings.
        *   $9 (eggs) \times \$2 (per egg) = \$18$.

    *   *Step 1 (Total used):*
        జనెత్ ప్రతిరోజూ ఉపయోగించే మొత్తం గుడ్ల సంఖ్య:
        అల్పాహారం కోసం: 3
        మఫిన్‌ల కోసం: 4
        మొత్తం = 3 + 4 = 7 గుడ్లు.

    *   *Step 2 (Remaining eggs):*
        విక్రయించడానికి మిగిలిన గుడ్ల సంఖ్య:
        మొత్తం గుడ్లు - ఉపయోగించిన గుడ్లు
        16 - 7 = 9 గుడ్లు.

    *   *Step 3 (Earnings):*
        ప్రతి గుడ్డు ధర $2.
        కాబట్టి, ఆమె సంపాదించే మొత్తం డబ్బు = 9 గుడ్లు × $2
        = $18.

    *   Does the math hold up? $16 - 3 - 4 = 9$. $9 \times 2 = 18$. Yes.
    *   Is the Telugu natural? Yes.","ఈ లెక్కను దశలవారీగా పరిష్కరిద్దాం:

**దశ 1: జనెత్ ప్రతిరోజూ ఉపయోగించే మొత్తం గుడ్ల సంఖ్యను లెక్కించండి.**
* అల్పాహారం కోసం తీసుకున్న గుడ్లు: 3
* మఫిన్‌ల కోసం ఉపయోగించిన గుడ్లు: 4
* మొత్తం ఉపయోగించిన గుడ్లు = 3 + 4 = 7 గుడ్లు.

**దశ 2: రైతు మార్కెట్‌లో విక్రయించడానికి మిగిలిన గుడ్ల సంఖ్యను లెక్కించండి.**
* ప్రతిరోజూ బాతులు పెట్టే మొత్తం గుడ్లు: 16
* ఉపయోగించిన గుడ్లు: 7
* మిగిలిన గుడ్లు = 16 - 7 = 9 గుడ్లు.

**దశ 3: ఆమె సంపాదించే మొత్తం డబ్బును లెక్కించండి.**
* ఒక గుడ్డు ధర: $2
* విక్రయించిన గుడ్లు: 9
* మొత్తం సంపాదన = 9 గుడ్లు × $2 = $18.

**జవాబు:**
ఆమె రైతు మార్కెట్ వద్ద ప్రతిరోజూ **$18** సంపాదిస్తుంది.",Qwen3.5-27B,1.0,True,"The candidate solution correctly identifies the total eggs produced (16), subtracts the eggs used for breakfast (3) and muffins (4) to find the remaining eggs (9), and multiplies the remaining eggs by the price per egg ($2) to calculate the total earnings ($18). All arithmetic operations and logical steps are mathematically valid.","{
  ""score"": 1.0,
  ""correct"": true,
  ""reason"": ""The candidate solution correctly identifies the total eggs produced (16), subtracts the eggs used for breakfast (3) and muffins (4) to find the remaining eggs (9), and multiplies the remaining eggs by the price per egg ($2) to calculate the total earnings ($18). All arithmetic operations and logical steps are mathematically valid.""
}","The user wants me to evaluate a mathematical solution provided in Telugu.

**1. Analyze the Question:**
*   **Given:**
    *   Ducks lay 16 eggs per day.
    *   Janet eats 3 eggs for breakfast.
    *   Janet bakes muffins using 4 eggs.
    *   She sells the remaining eggs at the farmer's market.
    *   Price per egg = $2.
*   **Question:** How much money does she earn per day at the farmer's market?

**2. Solve the Problem Independently:**
*   Total eggs produced = 16.
*   Eggs used for breakfast = 3.
*   Eggs used for muffins = 4.
*   Total eggs used = 3 + 4 = 7.
*   Eggs remaining for sale = Total produced - Total used = 16 - 7 = 9.
*   Price per egg = $2.
*   Total earnings = Eggs for sale * Price per egg = 9 * $2 = $18.

**3. Evaluate the Candidate Solution:**
*   **Step 1:** Calculates total eggs used.
    *   Breakfast: 3
    *   Muffins: 4
    *   Total used: 3 + 4 = 7. (Correct)
*   **Step 2:** Calculates remaining eggs.
    *   Total produced: 16
    *   Used: 7
    *   Remaining: 16 - 7 = 9. (Correct)
*   **Step 3:** Calculates earnings.
    *   Price: $2
    *   Quantity: 9
    *   Total: 9 * 2 = $18. (Correct)
*   **Final Answer:** $18. (Correct)

**4. Check for Errors:**
*   The logic is sound.
*   The arithmetic is correct.
*   The interpretation of the Telugu text matches the English translation I derived.
    *   ""జనెత్ బాతులు ప్రతిరోజూ 16 గుడ్లు పెడతాయి"" -> Janet's ducks lay 16 eggs daily.
    *   ""ఆమె ప్రతిరోజూ ఉదయం"
Gemma-4-31B,1,P4,జనెత్ బాతులు ప్రతిరోజూ 16 గుడ్లు పెడతాయి. ఆమె ప్రతిరోజూ ఉదయం అల్పాహారం కొరకు మూడు గుడ్లు తింటుంది మరియు ప్రతిరోజూ నాలుగింటితో తన స్నేహితుల కొరకు మఫిన్‌లు బేక్ చేస్తుంది. ఆమె మిగిలిన వాటిని రోజూ రైతు మార్కెట్ వద్ద ప్రతి తాజా బాతు గుడ్డును $2కు విక్రయిస్తుంది. ఆమె రైతు మార్కెట్ వద్ద ప్రతిరోజూ ఎన్ని డాలర్లు సంపాదిస్తుంది?,"Find the solution to the following problem. Explain your reasoning and calculations before giving the final answer.

Problem:
జనెత్ బాతులు ప్రతిరోజూ 16 గుడ్లు పెడతాయి. ఆమె ప్రతిరోజూ ఉదయం అల్పాహారం కొరకు మూడు గుడ్లు తింటుంది మరియు ప్రతిరోజూ నాలుగింటితో తన స్నేహితుల కొరకు మఫిన్‌లు బేక్ చేస్తుంది. ఆమె మిగిలిన వాటిని రోజూ రైతు మార్కెట్ వద్ద ప్రతి తాజా బాతు గుడ్డును $2కు విక్రయిస్తుంది. ఆమె రైతు మార్కెట్ వద్ద ప్రతిరోజూ ఎన్ని డాలర్లు సంపాదిస్తుంది?","*   Janet's ducks lay 16 eggs every day.
    *   She eats 3 eggs for breakfast every day.
    *   She uses 4 eggs to bake muffins for her friends every day.
    *   She sells the remaining eggs at the farmer's market for $2 each.
    *   Question: How many dollars does she earn per day at the farmer's market?

    *   Total eggs laid per day = 16
    *   Eggs eaten for breakfast = 3
    *   Eggs used for muffins = 4
    *   Selling price per egg = $2

    *   Step 1: Calculate total eggs used.
        3 (breakfast) + 4 (muffins) = 7 eggs.
    *   Step 2: Calculate the remaining eggs to be sold.
        Total eggs - Used eggs = 16 - 7 = 9 eggs.
    *   Step 3: Calculate the total earnings from selling those eggs.
        Remaining eggs × Price per egg = 9 × $2 = $18.

    *   *Given (ఇచ్చినవి):*
        *   మొత్తం గుడ్లు (Total eggs) = 16
        *   అల్పాహారం కోసం (For breakfast) = 3
        *   మఫిన్‌ల కోసం (For muffins) = 4
        *   ఒక గుడ్డు ధర (Price of one egg) = $2

    *   *Calculations (లెక్కలు):*
        1.  ఉపయోగించిన మొత్తం గుడ్లు (Total eggs used) = 3 + 4 = 7 గుడ్లు.
        2.  మిగిలిన గుడ్లు (Remaining eggs) = 16 - 7 = 9 గుడ్లు.
        3.  రోజువారీ సంపాదన (Daily earnings) = 9 గుడ్లు × $2 = $18.

    *   Start by listing the known values.
    *   Show the subtraction of used eggs.
    *   Multiply the result by the price per egg.
    *   State the final answer clearly.","ఈ సమస్యను పరిష్కరించడానికి దశలవారీ విధానం ఇక్కడ ఉంది:

**ఇచ్చిన వివరాలు:**
* ప్రతిరోజూ బాతులు పెట్టే మొత్తం గుడ్లు = 16
* జనెత్ అల్పాహారం కోసం తినే గుడ్లు = 3
* మఫిన్‌లు బేక్ చేయడానికి ఉపయోగించే గుడ్లు = 4
* ఒక్కో గుడ్డు విక్రయించే ధర = $2

**లెక్కించే విధానం:**

1. **మొదట, జనెత్ ప్రతిరోజూ ఉపయోగించే మొత్తం గుడ్ల సంఖ్యను కనుగొందాం:**
   అల్పాహారం గుడ్లు + మఫిన్‌ల గుడ్లు = 3 + 4 = 7 గుడ్లు.

2. **ఇప్పుడు, రైతు మార్కెట్‌లో విక్రయించడానికి మిగిలిన గుడ్ల సంఖ్యను కనుగొందాం:**
   మొత్తం గుడ్లు - ఉపయోగించిన గుడ్లు = 16 - 7 = 9 గుడ్లు.

3. **చివరగా, ఆమె రోజుకు సంపాదించే మొత్తం డాలర్లను కనుగొందాం:**
   మిగిలిన గుడ్లు $\times$ ఒక్కో గుడ్డు ధర = 9 $\times$ $2 = $18.

**ముగింపు:**
జనెత్ రైతు మార్కెట్ వద్ద ప్రతిరోజూ **$18** సంపాదిస్తుంది.",Qwen3.5-27B,1.0,True,"The candidate solution correctly identifies all given values (16 total eggs, 3 for breakfast, 4 for muffins, $2 per egg). The arithmetic steps are accurate: total used eggs (3 + 4 = 7), remaining eggs for sale (16 - 7 = 9), and total earnings (9 * 2 = 18). The final answer of $18 is mathematically correct.","{
  ""score"": 1.0,
  ""correct"": true,
  ""reason"": ""The candidate solution correctly identifies all given values (16 total eggs, 3 for breakfast, 4 for muffins, $2 per egg). The arithmetic steps are accurate: total used eggs (3 + 4 = 7), remaining eggs for sale (16 - 7 = 9), and total earnings (9 * 2 = 18). The final answer of $18 is mathematically correct.""
}","The user wants me to evaluate a mathematical solution provided in Telugu.

**1. Analyze the Question:**
*   **Total eggs laid per day:** 16
*   **Eggs eaten for breakfast:** 3
*   **Eggs used for muffins:** 4
*   **Price per egg sold:** $2
*   **Goal:** Calculate daily earnings from selling the remaining eggs.

**2. Solve the Problem Independently:**
*   Total eggs = 16
*   Eggs used = Eggs for breakfast + Eggs for muffins = 3 + 4 = 7
*   Eggs remaining for sale = Total eggs - Eggs used = 16 - 7 = 9
*   Earnings = Eggs remaining * Price per egg = 9 * $2 = $18

**3. Evaluate the Candidate Solution:**
*   **Given Data:**
    *   Total eggs = 16 (Correct)
    *   Breakfast eggs = 3 (Correct)
    *   Muffin eggs = 4 (Correct)
    *   Price = $2 (Correct)
*   **Step 1:** Calculate total used eggs. 3 + 4 = 7. (Correct)
*   **Step 2:** Calculate remaining eggs. 16 - 7 = 9. (Correct)
*   **Step 3:** Calculate earnings. 9 * 2 = 18. (Correct)
*   **Final Answer:** $18. (Correct)

**4. Check for Errors:**
*   The logic is sound.
*   The arithmetic is correct.
*   The language is Telugu, which matches the question.
*   No substantive mathematical errors found.

**5. Formulate the Output:**
*   Score: 1.0
*   Correct: true
*   Reason: The candidate correctly identified the given values, calculated the total eggs used (3+4=7), subtracted this from the total eggs produced (16-7=9) to find the eggs available for sale, and multiplied by the price per egg (9*2=18) to get the correct final answer.

**6. JSON Construction:**
```json
{
  ""score"": 1.0,
  ""correct"":"
Gemma-4-31B,1,P5,జనెత్ బాతులు ప్రతిరోజూ 16 గుడ్లు పెడతాయి. ఆమె ప్రతిరోజూ ఉదయం అల్పాహారం కొరకు మూడు గుడ్లు తింటుంది మరియు ప్రతిరోజూ నాలుగింటితో తన స్నేహితుల కొరకు మఫిన్‌లు బేక్ చేస్తుంది. ఆమె మిగిలిన వాటిని రోజూ రైతు మార్కెట్ వద్ద ప్రతి తాజా బాతు గుడ్డును $2కు విక్రయిస్తుంది. ఆమె రైతు మార్కెట్ వద్ద ప్రతిరోజూ ఎన్ని డాలర్లు సంపాదిస్తుంది?,"Carefully solve the following mathematical problem. Provide a step-by-step solution and conclude with the final answer.

Problem:
జనెత్ బాతులు ప్రతిరోజూ 16 గుడ్లు పెడతాయి. ఆమె ప్రతిరోజూ ఉదయం అల్పాహారం కొరకు మూడు గుడ్లు తింటుంది మరియు ప్రతిరోజూ నాలుగింటితో తన స్నేహితుల కొరకు మఫిన్‌లు బేక్ చేస్తుంది. ఆమె మిగిలిన వాటిని రోజూ రైతు మార్కెట్ వద్ద ప్రతి తాజా బాతు గుడ్డును $2కు విక్రయిస్తుంది. ఆమె రైతు మార్కెట్ వద్ద ప్రతిరోజూ ఎన్ని డాలర్లు సంపాదిస్తుంది?","*   Janet's ducks lay 16 eggs daily.
    *   She eats 3 eggs for breakfast daily.
    *   She uses 4 eggs to bake muffins for friends daily.
    *   She sells the remaining eggs at the farmers market for $2 each.
    *   Question: How many dollars does she earn daily at the farmers market?

    *   Total eggs per day = 16
    *   Eggs eaten = 3
    *   Eggs used for muffins = 4
    *   Price per egg = $2

    *   Remaining eggs = Total eggs - (Eggs eaten + Eggs used for muffins)
    *   Remaining eggs = 16 - (3 + 4)
    *   Remaining eggs = 16 - 7
    *   Remaining eggs = 9

    *   Earnings = Number of remaining eggs × Price per egg
    *   Earnings = 9 × $2
    *   Earnings = $18

    *   Total eggs: 16
    *   Eggs used: 3 (breakfast) + 4 (muffins) = 7
    *   Eggs left: 16 - 7 = 9
    *   Money earned: 9 * 2 = 18.

    *   Step 1: Total eggs = 16.
    *   Step 2: Total used = 3 + 4 = 7.
    *   Step 3: Eggs remaining = 16 - 7 = 9.
    *   Step 4: Earnings = 9 * $2 = $18.","ఈ సమస్యను దశలవారీగా పరిష్కరిద్దాం:

**దశ 1: ప్రతిరోజూ ఉపయోగించే గుడ్ల సంఖ్యను లెక్కించడం**
జనెత్ ప్రతిరోజూ ఉదయం అల్పాహారం కోసం 3 గుడ్లు తింటుంది మరియు మఫిన్‌లు బేక్ చేయడానికి 4 గుడ్లు ఉపయోగిస్తుంది.
కాబట్టి, ఆమె ఉపయోగించే మొత్తం గుడ్లు = $3 + 4 = 7$ గుడ్లు.

**దశ 2: రైతు మార్కెట్ వద్ద విక్రయించడానికి మిగిలిన గుడ్ల సంఖ్యను లెక్కించడం**
ఆమె బాతులు ప్రతిరోజూ 16 గుడ్లు పెడతాయి. అందులో ఆమె 7 గుడ్లను ఉపయోగించుకుంది.
కాబట్టి, మిగిలిన గుడ్లు = $16 - 7 = 9$ గుడ్లు.

**దశ 3: ఆమె సంపాదించే మొత్తం డాలర్లను లెక్కించడం**
ఆమె మిగిలిన ప్రతి గుడ్డును $2కు విక్రయిస్తుంది.
కాబట్టి, ఆమె సంపాదన = $9 \times \$2 = \$18$.

**ముగింపు:**
జనెత్ రైతు మార్కెట్ వద్ద ప్రతిరోజూ **$18** సంపాదిస్తుంది.",Qwen3.5-27B,1.0,True,"The candidate solution correctly identifies the total eggs produced (16), calculates the total eggs used for personal consumption (3 + 4 = 7), determines the remaining eggs for sale (16 - 7 = 9), and accurately computes the total earnings (9 * $2 = $18). All steps and calculations are mathematically valid.","{
  ""score"": 1.0,
  ""correct"": true,
  ""reason"": ""The candidate solution correctly identifies the total eggs produced (16), calculates the total eggs used for personal consumption (3 + 4 = 7), determines the remaining eggs for sale (16 - 7 = 9), and accurately computes the total earnings (9 * $2 = $18). All steps and calculations are mathematically valid.""
}","The user wants me to evaluate a mathematical solution provided in Telugu.

**1. Analyze the Question:**
- **Given:**
  - Ducks lay 16 eggs per day.
  - Janet eats 3 eggs for breakfast.
  - Janet uses 4 eggs to bake muffins.
  - She sells the remaining eggs at the farmer's market.
  - Price per egg = $2.
- **Question:** How many dollars does she earn per day at the farmer's market?

**2. Solve the Problem Independently:**
- Total eggs produced = 16.
- Eggs used for personal consumption = 3 (breakfast) + 4 (muffins) = 7 eggs.
- Eggs remaining for sale = Total eggs - Used eggs = 16 - 7 = 9 eggs.
- Earnings = Eggs for sale * Price per egg = 9 * $2 = $18.

**3. Evaluate the Candidate Solution:**
- **Step 1:** Calculates eggs used. $3 + 4 = 7$. Correct.
- **Step 2:** Calculates remaining eggs. $16 - 7 = 9$. Correct.
- **Step 3:** Calculates earnings. $9 \times 2 = 18$. Correct.
- **Conclusion:** States $18. Correct.

**4. Check for Errors:**
- Logic is sound.
- Arithmetic is correct.
- Language is Telugu, which matches the question.
- No substantive mathematical errors found.

**5. Formulate the Output:**
- Score: 1.0
- Correct: true
- Reason: The solution correctly identifies the total eggs, subtracts the used eggs to find the remaining eggs for sale, and multiplies by the price per egg to get the total earnings. All calculations are accurate.

**6. JSON Structure:**
- Must be valid JSON.
- Fields: ""score"", ""correct"", ""reason"".

Let's draft the reason.
""The candidate solution correctly calculates the total eggs used (3 + 4 = 7), subtracts this from the total production (16 - 7 = 9) to find the eggs available for sale, and multiplies by the price per egg (9 * $2 = $18). The reasoning and arithmetic are math"
Gemma-4-31B,2,P1,ఒక రోబ్ 2 బోల్ట్‌ల బ్లూ ఫైబర్ మరియు దానిలో సగం వైట్ ఫైబర్‌ని తీసుకుంది. అది మొత్తం ఎన్ని బోల్ట్‌లను తీసుకుంది?,"Solve the following math problem step by step. Show your reasoning clearly and provide the final answer.

Problem:
ఒక రోబ్ 2 బోల్ట్‌ల బ్లూ ఫైబర్ మరియు దానిలో సగం వైట్ ఫైబర్‌ని తీసుకుంది. అది మొత్తం ఎన్ని బోల్ట్‌లను తీసుకుంది?","*   Language: Telugu.
    *   Problem: ""ఒక రోబ్ 2 బోల్ట్‌ల బ్లూ ఫైబర్ మరియు దానిలో సగం వైట్ ఫైబర్‌ని తీసుకుంది. అది మొత్తం ఎన్ని బోల్ట్‌లను తీసుకుంది?""
    *   Translation: ""A robe (or person named Rob) took 2 bolts of blue fiber and half of that in white fiber. How many bolts did it/he take in total?""

    *   Blue fiber = 2 bolts.
    *   White fiber = half of the blue fiber.
    *   Total = Blue fiber + White fiber.

    *   Step 1: Determine the amount of blue fiber.
        *   Blue fiber = 2 bolts.
    *   Step 2: Determine the amount of white fiber.
        *   White fiber = $\frac{1}{2} \times$ Blue fiber.
        *   White fiber = $\frac{1}{2} \times 2 = 1$ bolt.
    *   Step 3: Calculate the total.
        *   Total = 2 bolts (Blue) + 1 bolt (White) = 3 bolts.

    *   Step 1: బ్లూ ఫైబర్ పరిమాణం = 2 బోల్ట్‌లు. (Amount of blue fiber = 2 bolts)
    *   Step 2: వైట్ ఫైబర్ పరిమాణం = బ్లూ ఫైబర్‌లో సగం = $\frac{2}{2} = 1$ బోల్ట్. (Amount of white fiber = half of blue fiber = 1 bolt)
    *   Step 3: మొత్తం బోల్ట్‌లు = బ్లూ ఫైబర్ + వైట్ ఫైబర్ = 2 + 1 = 3 బోల్ట్‌లు. (Total bolts = Blue + White = 3 bolts)","ఈ లెక్కను దశలవారీగా పరిష్కరిద్దాం:

**ఇచ్చిన సమాచారం:**
1. బ్లూ ఫైబర్ (Blue fiber) పరిమాణం = 2 బోల్ట్‌లు.
2. వైట్ ఫైబర్ (White fiber) పరిమాణం = బ్లూ ఫైబర్‌లో సగం.

**సాధన:**
* **దశ 1:** వైట్ ఫైబర్ ఎన్ని బోల్ట్‌లో లెక్కించాలి.
  వైట్ ఫైబర్ = బ్లూ ఫైబర్‌లో సగం = $\frac{2}{2} = 1$ బోల్ట్.

* **దశ 2:** మొత్తం బోల్ట్‌ల సంఖ్యను లెక్కించాలి.
  మొత్తం బోల్ట్‌లు = బ్లూ ఫైబర్ + వైట్ ఫైబర్
  మొత్తం బోల్ట్‌లు = 2 + 1 = 3 బోల్ట్‌లు.

**ముగింపు:**
అతను మొత్తం **3 బోల్ట్‌లను** తీసుకున్నాడు.",Qwen3.5-27B,1.0,True,"The candidate correctly interpreted the problem statement. It identified that blue fiber is 2 bolts and white fiber is half of that (1 bolt). The addition of both quantities (2 + 1 = 3) is mathematically accurate, leading to the correct final answer.","{
  ""score"": 1.0,
  ""correct"": true,
  ""reason"": ""The candidate correctly interpreted the problem statement. It identified that blue fiber is 2 bolts and white fiber is half of that (1 bolt). The addition of both quantities (2 + 1 = 3) is mathematically accurate, leading to the correct final answer.""
}","The user wants me to evaluate a mathematical solution provided in Telugu.

**Question Analysis:**
The question is in Telugu: ""ఒక రోబ్ 2 బోల్ట్‌ల బ్లూ ఫైబర్ మరియు దానిలో సగం వైట్ ఫైబర్‌ని తీసుకుంది. అది మొత్తం ఎన్ని బోల్ట్‌లను తీసుకుంది?""
Translation: ""A robot took 2 bolts of blue fiber and half of that white fiber. How many bolts did it take in total?""

**Mathematical Breakdown:**
1. Blue fiber = 2 bolts.
2. White fiber = Half of the blue fiber = $2 / 2 = 1$ bolt.
3. Total bolts = Blue fiber + White fiber = $2 + 1 = 3$ bolts.

**Candidate Solution Analysis:**
The candidate solution is also in Telugu.
1. **Given Information:**
   - Blue fiber = 2 bolts.
   - White fiber = Half of Blue fiber.
2. **Calculation:**
   - Step 1: Calculate White fiber. $2 / 2 = 1$ bolt.
   - Step 2: Calculate Total bolts. $2 + 1 = 3$ bolts.
3. **Conclusion:** Total 3 bolts.

**Evaluation:**
- The interpretation of the question is correct. ""దానిలో సగం"" means ""half of that"" (referring to the blue fiber amount).
- The calculation $2 / 2 = 1$ is correct.
- The addition $2 + 1 = 3$ is correct.
- The final answer is 3 bolts.
- The reasoning is clear and mathematically valid.

**Verdict:**
The solution is mathematically correct.

**JSON Output:**
- score: 1.0
- correct: true
- reason: The candidate correctly interpreted the problem, calculated the white fiber as half of the blue fiber (1 bolt), and summed them up to get the total (3 bolts). The arithmetic and logic are sound.

Let's double-check the Telugu phrasing.
""2 బోల్ట్‌ల బ్లూ ఫైబర్"" -> 2 bolts of blue fiber."
Gemma-4-31B,2,P2,ఒక రోబ్ 2 బోల్ట్‌ల బ్లూ ఫైబర్ మరియు దానిలో సగం వైట్ ఫైబర్‌ని తీసుకుంది. అది మొత్తం ఎన్ని బోల్ట్‌లను తీసుకుంది?,"Please solve the following math problem carefully. Explain your solution step by step and clearly state the final answer.

Problem:
ఒక రోబ్ 2 బోల్ట్‌ల బ్లూ ఫైబర్ మరియు దానిలో సగం వైట్ ఫైబర్‌ని తీసుకుంది. అది మొత్తం ఎన్ని బోల్ట్‌లను తీసుకుంది?","*   Language: Telugu.
    *   Problem: ""ఒక రోబ్ 2 బోల్ట్‌ల బ్లూ ఫైబర్ మరియు దానిలో సగం వైట్ ఫైబర్‌ని తీసుకుంది. అది మొత్తం ఎన్ని బోల్ట్‌లను తీసుకుంది?""
    *   English Translation: ""A robe (or person, likely a name 'Rob') took 2 bolts of blue fiber and half of that [amount] of white fiber. How many bolts did it [he] take in total?""

    *   Blue fiber = 2 bolts.
    *   White fiber = Half of the blue fiber = $1/2 \times 2$ bolts.

    *   White fiber = $2 / 2 = 1$ bolt.

    *   Total bolts = Blue fiber + White fiber
    *   Total bolts = $2 + 1 = 3$ bolts.

    *   Step 1: బ్లూ ఫైబర్ సంఖ్య = 2 బోల్ట్‌లు (Number of blue fibers = 2 bolts).
    *   Step 2: వైట్ ఫైబర్ సంఖ్య = బ్లూ ఫైబర్‌లలో సగం = $2 / 2 = 1$ బోల్ట్ (Number of white fibers = half of blue fibers = 1 bolt).
    *   Step 3: మొత్తం బోల్ట్‌లు = బ్లూ ఫైబర్ + వైట్ ఫైబర్ = $2 + 1 = 3$ బోల్ట్‌లు (Total bolts = Blue + White = 3 bolts).","ఈ లెక్కను దశలవారీగా పరిష్కరిద్దాం:

**దత్తాంశం (Given):**
*   బ్లూ ఫైబర్ (Blue fiber) = 2 బోల్ట్‌లు
*   వైట్ ఫైబర్ (White fiber) = బ్లూ ఫైబర్‌లలో సగం

**పరిష్కారం:**
1.  మొదట వైట్ ఫైబర్‌ల సంఖ్యను కనుగొందాం:
    వైట్ ఫైబర్ = $\frac{2}{2}$ = 1 బోల్ట్.

2.  ఇప్పుడు మొత్తం బోల్ట్‌ల సంఖ్యను కనుగొందాం:
    మొత్తం బోల్ట్‌లు = బ్లూ ఫైబర్ + వైట్ ఫైబర్
    మొత్తం బోల్ట్‌లు = 2 + 1 = 3 బోల్ట్‌లు.

**తుది సమాధానం:**
అది మొత్తం **3 బోల్ట్‌లను** తీసుకుంది.",Qwen3.5-27B,1.0,True,"The candidate correctly interpreted the problem statement: Blue fiber is 2 bolts, and White fiber is half of that (1 bolt). The summation (2 + 1 = 3) is mathematically accurate, and the final answer is correct.","{
  ""score"": 1.0,
  ""correct"": true,
  ""reason"": ""The candidate correctly interpreted the problem statement: Blue fiber is 2 bolts, and White fiber is half of that (1 bolt). The summation (2 + 1 = 3) is mathematically accurate, and the final answer is correct.""
}","The user wants me to evaluate a mathematical solution provided in Telugu.

**Question Analysis:**
The question is in Telugu: ""ఒక రోబ్ 2 బోల్ట్‌ల బ్లూ ఫైబర్ మరియు దానిలో సగం వైట్ ఫైబర్‌ని తీసుకుంది. అది మొత్తం ఎన్ని బోల్ట్‌లను తీసుకుంది?""
Translation: ""A robot took 2 bolts of blue fiber and half of that white fiber. How many bolts did it take in total?""

**Mathematical Breakdown:**
1.  Blue fiber bolts = 2.
2.  White fiber bolts = Half of the blue fiber bolts = $2 / 2 = 1$.
3.  Total bolts = Blue fiber bolts + White fiber bolts = $2 + 1 = 3$.

**Candidate Solution Analysis:**
The candidate solution is also in Telugu.
1.  **Given:**
    *   Blue fiber = 2 bolts.
    *   White fiber = Half of Blue fiber.
2.  **Calculation:**
    *   White fiber = $2 / 2 = 1$ bolt.
    *   Total bolts = Blue fiber + White fiber = $2 + 1 = 3$ bolts.
3.  **Final Answer:** 3 bolts.

**Evaluation:**
- The interpretation of the problem is correct.
- The calculation for white fiber is correct ($2/2 = 1$).
- The calculation for total bolts is correct ($2 + 1 = 3$).
- The reasoning is clear and logical.
- The final answer matches the independent calculation.

**Conclusion:**
The solution is mathematically correct.

**JSON Output:**
- score: 1.0
- correct: true
- reason: The candidate correctly identified the number of blue bolts (2), calculated the white bolts as half of that (1), and summed them to get the total (3). The reasoning and arithmetic are valid.

Let's format the JSON.
{
  ""score"": 1.0,
  ""correct"": true,
  ""reason"": ""The candidate correctly interpreted the problem: Blue fiber = 2 bolts, White fiber = half of Blue = 1"
Gemma-4-31B,2,P3,ఒక రోబ్ 2 బోల్ట్‌ల బ్లూ ఫైబర్ మరియు దానిలో సగం వైట్ ఫైబర్‌ని తీసుకుంది. అది మొత్తం ఎన్ని బోల్ట్‌లను తీసుకుంది?,"Work through the following math problem step by step. Show how you arrive at the answer and give the final result.

Problem:
ఒక రోబ్ 2 బోల్ట్‌ల బ్లూ ఫైబర్ మరియు దానిలో సగం వైట్ ఫైబర్‌ని తీసుకుంది. అది మొత్తం ఎన్ని బోల్ట్‌లను తీసుకుంది?","*   Language: Telugu.
    *   Problem Statement: ""ఒక రోబ్ 2 బోల్ట్‌ల బ్లూ ఫైబర్ మరియు దానిలో సగం వైట్ ఫైబర్‌ని తీసుకుంది. అది మొత్తం ఎన్ని బోల్ట్‌లను తీసుకుంది?""
    *   English Translation: ""Rob took 2 bolts of blue fiber and half of that [amount] of white fiber. How many bolts did he take in total?""

    *   Amount of Blue Fiber = 2 bolts.
    *   Amount of White Fiber = Half of the blue fiber.
    *   Total Amount = Blue Fiber + White Fiber.

    *   Step 1: Find the amount of White Fiber.
        *   White Fiber = $\frac{1}{2} \times \text{Blue Fiber}$
        *   White Fiber = $\frac{1}{2} \times 2 = 1$ bolt.
    *   Step 2: Find the total amount.
        *   Total = Blue Fiber + White Fiber
        *   Total = $2 + 1 = 3$ bolts.

    *   Step 1: బ్లూ ఫైబర్ పరిమాణం = 2 బోల్ట్‌లు. (Amount of blue fiber = 2 bolts)
    *   Step 2: వైట్ ఫైబర్ పరిమాణం = బ్లూ ఫైబర్‌లో సగం. (Amount of white fiber = half of blue fiber)
        *   వైట్ ఫైబర్ = $2 \div 2 = 1$ బోల్ట్.
    *   Step 3: మొత్తం బోల్ట్‌ల సంఖ్య = బ్లూ ఫైబర్ + వైట్ ఫైబర్. (Total number of bolts = Blue fiber + White fiber)
        *   మొత్తం = $2 + 1 = 3$ బోల్ట్‌లు.

    *   Make sure the explanation is clear and the final answer is highlighted.","ఈ లెక్కను దశలవారీగా పరిష్కరిద్దాం:

**దత్తాంశం:**
* బ్లూ ఫైబర్ పరిమాణం = 2 బోల్ట్‌లు
* వైట్ ఫైబర్ పరిమాణం = బ్లూ ఫైబర్‌లో సగం

**దశ 1: వైట్ ఫైబర్ ఎన్ని బోల్ట్‌లో లెక్కించడం**
బ్లూ ఫైబర్ 2 బోల్ట్‌లు కాబట్టి, దానిలో సగం అంటే:
వైట్ ఫైబర్ = $2 \div 2 = 1$ బోల్ట్.

**దశ 2: మొత్తం బోల్ట్‌ల సంఖ్యను లెక్కించడం**
మొత్తం బోల్ట్‌లు = బ్లూ ఫైబర్ + వైట్ ఫైబర్
మొత్తం = $2 + 1 = 3$ బోల్ట్‌లు.

**ముగింపు:**
రోబ్ మొత్తం **3 బోల్ట్‌లను** తీసుకున్నాడు.",Qwen3.5-27B,1.0,True,The candidate correctly interpreted the problem statement. It calculated the white fiber as half of the blue fiber (2 / 2 = 1 bolt) and correctly summed the blue and white fibers (2 + 1 = 3 bolts) to find the total. The reasoning and calculations are mathematically valid.,"```json
{
  ""score"": 1.0,
  ""correct"": true,
  ""reason"": ""The candidate correctly interpreted the problem statement. It calculated the white fiber as half of the blue fiber (2 / 2 = 1 bolt) and correctly summed the blue and white fibers (2 + 1 = 3 bolts) to find the total. The reasoning and calculations are mathematically valid.""
}
```","The user wants me to evaluate a mathematical solution provided in Telugu.

**Question Analysis:**
The question is in Telugu: ""ఒక రోబ్ 2 బోల్ట్‌ల బ్లూ ఫైబర్ మరియు దానిలో సగం వైట్ ఫైబర్‌ని తీసుకుంది. అది మొత్తం ఎన్ని బోల్ట్‌లను తీసుకుంది?""
Translation: ""A robot took 2 bolts of blue fiber and half of that white fiber. How many bolts did it take in total?""

**Mathematical Breakdown:**
1. Blue fiber = 2 bolts.
2. White fiber = Half of the blue fiber = $2 / 2 = 1$ bolt.
3. Total bolts = Blue fiber + White fiber = $2 + 1 = 3$ bolts.

**Candidate Solution Analysis:**
The candidate solution is also in Telugu.
1. **Given Data:**
   - Blue fiber = 2 bolts.
   - White fiber = Half of blue fiber.
2. **Step 1:** Calculate white fiber.
   - $2 \div 2 = 1$ bolt.
3. **Step 2:** Calculate total bolts.
   - Total = Blue + White = $2 + 1 = 3$ bolts.
4. **Conclusion:** The robot took 3 bolts in total.

**Evaluation:**
- The interpretation of the question is correct.
- The calculation for white fiber ($2/2 = 1$) is correct.
- The calculation for total ($2 + 1 = 3$) is correct.
- The reasoning is logical and clear.
- The final answer is correct.

**Verdict:**
The solution is mathematically correct.

**JSON Output:**
- score: 1.0
- correct: true
- reason: The candidate correctly interpreted the problem, calculated the white fiber as half of the blue fiber (1 bolt), and summed them up to get the total (3 bolts). All steps are mathematically valid.

Let's construct the JSON.
{
  ""score"": 1.0,
  ""correct"": true,
  ""reason"": ""The candidate correctly identified that white fiber is half of the blue fiber (2"
Gemma-4-31B,2,P4,ఒక రోబ్ 2 బోల్ట్‌ల బ్లూ ఫైబర్ మరియు దానిలో సగం వైట్ ఫైబర్‌ని తీసుకుంది. అది మొత్తం ఎన్ని బోల్ట్‌లను తీసుకుంది?,"Find the solution to the following problem. Explain your reasoning and calculations before giving the final answer.

Problem:
ఒక రోబ్ 2 బోల్ట్‌ల బ్లూ ఫైబర్ మరియు దానిలో సగం వైట్ ఫైబర్‌ని తీసుకుంది. అది మొత్తం ఎన్ని బోల్ట్‌లను తీసుకుంది?","*   Language: Telugu.
    *   Content: ""ఒక రోబ్ 2 బోల్ట్‌ల బ్లూ ఫైబర్ మరియు దానిలో సగం వైట్ ఫైబర్‌ని తీసుకుంది. అది మొత్తం ఎన్ని బోల్ట్‌లను తీసుకుంది?""
    *   Translation: ""Rob took 2 bolts of blue fiber and half of that (or half as much) in white fiber. How many bolts did he take in total?""

    *   Blue fiber = 2 bolts.
    *   White fiber = Half of the blue fiber = $2 \div 2 = 1$ bolt.

    *   Total bolts = Blue fiber + White fiber
    *   Total bolts = $2 + 1 = 3$ bolts.

    *   *Step 1:* Identify the blue fiber amount.
        బ్లూ ఫైబర్ = 2 బోల్ట్లు. (Blue fiber = 2 bolts.)
    *   *Step 2:* Calculate the white fiber amount.
        వైట్ ఫైబర్ = బ్లూ ఫైబర్‌లో సగం = $2 \div 2 = 1$ బోల్టు. (White fiber = half of blue fiber = 1 bolt.)
    *   *Step 3:* Calculate the total.
        మొత్తం బోల్ట్లు = $2 + 1 = 3$ బోల్ట్లు. (Total bolts = 3 bolts.)","ఈ సమస్యను పరిష్కరించే విధానం ఇక్కడ ఉంది:

**దత్తాంశం:**
1. రోబ్ తీసుకున్న బ్లూ ఫైబర్ (Blue Fiber) = 2 బోల్ట్లు.
2. రోబ్ తీసుకున్న వైట్ ఫైబర్ (White Fiber) = బ్లూ ఫైబర్‌లో సగం.

**లెక్కలు:**
*   వైట్ ఫైబర్ పరిమాణం = $2 \div 2 = 1$ బోల్టు.
*   మొత్తం బోల్ట్ల సంఖ్య = బ్లూ ఫైబర్ + వైట్ ఫైబర్
*   మొత్తం = $2 + 1 = 3$ బోల్ట్లు.

**సమాధానం:**
రోబ్ మొత్తం **3 బోల్ట్‌లను** తీసుకున్నాడు.",Qwen3.5-27B,1.0,True,"The candidate correctly interpreted the problem statement: Blue Fiber is 2 bolts, and White Fiber is half of that (1 bolt). The calculation for the total (2 + 1 = 3) is mathematically accurate, and the final answer is correct.","{
  ""score"": 1.0,
  ""correct"": true,
  ""reason"": ""The candidate correctly interpreted the problem statement: Blue Fiber is 2 bolts, and White Fiber is half of that (1 bolt). The calculation for the total (2 + 1 = 3) is mathematically accurate, and the final answer is correct.""
}","The user wants me to evaluate a mathematical solution provided in Telugu.

**Question Analysis:**
The question is in Telugu: ""ఒక రోబ్ 2 బోల్ట్‌ల బ్లూ ఫైబర్ మరియు దానిలో సగం వైట్ ఫైబర్‌ని తీసుకుంది. అది మొత్తం ఎన్ని బోల్ట్‌లను తీసుకుంది?""
Translation: ""A robot took 2 bolts of blue fiber and half of that white fiber. How many bolts did it take in total?""

**Mathematical Breakdown:**
1. Blue Fiber = 2 bolts.
2. White Fiber = Half of Blue Fiber = $2 / 2 = 1$ bolt.
3. Total Bolts = Blue Fiber + White Fiber = $2 + 1 = 3$ bolts.

**Candidate Solution Analysis:**
The candidate solution is also in Telugu.
1. **Data:**
   - Blue Fiber = 2 bolts.
   - White Fiber = Half of Blue Fiber.
2. **Calculations:**
   - White Fiber amount = $2 \div 2 = 1$ bolt.
   - Total bolts = Blue Fiber + White Fiber.
   - Total = $2 + 1 = 3$ bolts.
3. **Answer:**
   - Robot took a total of **3 bolts**.

**Evaluation:**
- The interpretation of the question is correct.
- The calculation for White Fiber ($2/2 = 1$) is correct.
- The calculation for Total ($2 + 1 = 3$) is correct.
- The reasoning is logical and clear.
- The final answer is correct.

**Conclusion:**
The solution is mathematically correct.

**JSON Output:**
- score: 1.0
- correct: true
- reason: The candidate correctly identified the quantities (2 bolts of blue fiber, half of that for white fiber), calculated the white fiber amount (1 bolt), and summed them up to get the correct total (3 bolts).

Let's format the JSON.
{
  ""score"": 1.0,
  ""correct"": true,
  ""reason"": ""The candidate correctly interpreted the problem: Blue Fiber = 2 bolts, White Fiber = half"
Gemma-4-31B,2,P5,ఒక రోబ్ 2 బోల్ట్‌ల బ్లూ ఫైబర్ మరియు దానిలో సగం వైట్ ఫైబర్‌ని తీసుకుంది. అది మొత్తం ఎన్ని బోల్ట్‌లను తీసుకుంది?,"Carefully solve the following mathematical problem. Provide a step-by-step solution and conclude with the final answer.

Problem:
ఒక రోబ్ 2 బోల్ట్‌ల బ్లూ ఫైబర్ మరియు దానిలో సగం వైట్ ఫైబర్‌ని తీసుకుంది. అది మొత్తం ఎన్ని బోల్ట్‌లను తీసుకుంది?","*   Language: Telugu.
    *   Problem statement: ""ఒక రోబ్ 2 బోల్ట్‌ల బ్లూ ఫైబర్ మరియు దానిలో సగం వైట్ ఫైబర్‌ని తీసుకుంది. అది మొత్తం ఎన్ని బోల్ట్‌లను తీసుకుంది?""
    *   Translation: ""Rob took 2 bolts of blue fiber and half of that in white fiber. How many bolts did he take in total?""

    *   Blue fiber: 2 bolts.
    *   White fiber: Half of the blue fiber.

    *   White fiber = (1/2) * Blue fiber
    *   White fiber = (1/2) * 2
    *   White fiber = 1 bolt.

    *   Total bolts = Blue fiber + White fiber
    *   Total bolts = 2 + 1
    *   Total bolts = 3.

    *   Step 1: బ్లూ ఫైబర్ బోల్ట్‌ల సంఖ్య = 2 (Number of blue fiber bolts = 2).
    *   Step 2: వైట్ ఫైబర్ బోల్ట్‌ల సంఖ్య = బ్లూ ఫైబర్‌లో సగం = 2 / 2 = 1 (Number of white fiber bolts = half of blue = 1).
    *   Step 3: మొత్తం బోల్ట్‌ల సంఖ్య = 2 + 1 = 3 (Total bolts = 3).","ఈ లెక్కను దశలవారీగా పరిష్కరిద్దాం:

**దత్తాంశం (Given):**
*   బ్లూ ఫైబర్ బోల్ట్‌ల సంఖ్య = 2
*   వైట్ ఫైబర్ బోల్ట్‌ల సంఖ్య = బ్లూ ఫైబర్‌లో సగం

**దశలు:**
1.  ముందుగా వైట్ ఫైబర్ బోల్ట్‌ల సంఖ్యను కనుగొందాం:
    వైట్ ఫైబర్ = 2 లో సగం $\frac{2}{2} = 1$ బోల్ట్.

2.  ఇప్పుడు మొత్తం బోల్ట్‌ల సంఖ్యను లెక్కిద్దాం:
    మొత్తం బోల్ట్‌లు = బ్లూ ఫైబర్ బోల్ట్‌లు + వైట్ ఫైబర్ బోల్ట్‌లు
    మొత్తం బోల్ట్‌లు = $2 + 1 = 3$ బోల్ట్‌లు.

**ముగింపు:**
రోబ్ మొత్తం **3** బోల్ట్‌లను తీసుకున్నాడు.

**జవాబు: 3 బోల్ట్‌లు**",Qwen3.5-27B,1.0,True,"The candidate correctly interpreted the problem statement: 2 bolts of blue fiber and half that amount (1 bolt) for white fiber. The calculation for the total (2 + 1 = 3) is mathematically accurate, and the reasoning steps are logical and valid.","{
  ""score"": 1.0,
  ""correct"": true,
  ""reason"": ""The candidate correctly interpreted the problem statement: 2 bolts of blue fiber and half that amount (1 bolt) for white fiber. The calculation for the total (2 + 1 = 3) is mathematically accurate, and the reasoning steps are logical and valid.""
}","The user wants me to evaluate a mathematical solution provided in Telugu.

**Question Analysis:**
The question is in Telugu: ""ఒక రోబ్ 2 బోల్ట్‌ల బ్లూ ఫైబర్ మరియు దానిలో సగం వైట్ ఫైబర్‌ని తీసుకుంది. అది మొత్తం ఎన్ని బోల్ట్‌లను తీసుకుంది?""
Translation: ""A robot took 2 bolts of blue fiber and half of that white fiber. How many bolts did it take in total?""

**Mathematical Breakdown:**
1.  Blue fiber bolts = 2.
2.  White fiber bolts = Half of the blue fiber bolts = $2 / 2 = 1$.
3.  Total bolts = Blue fiber bolts + White fiber bolts = $2 + 1 = 3$.

**Candidate Solution Analysis:**
The candidate solution is also in Telugu.
1.  **Given:**
    *   Blue fiber bolts = 2.
    *   White fiber bolts = Half of blue fiber.
2.  **Steps:**
    *   Calculate White fiber: $2 / 2 = 1$ bolt.
    *   Calculate Total: $2 + 1 = 3$ bolts.
3.  **Conclusion:** Total is 3 bolts.

**Evaluation:**
- The interpretation of the question is correct.
- The calculation for white fiber ($2/2 = 1$) is correct.
- The calculation for total ($2+1 = 3$) is correct.
- The reasoning is logical and clear.
- The final answer is correct.

**Verdict:**
The solution is mathematically correct.

**JSON Output:**
- score: 1.0
- correct: true
- reason: The candidate correctly identified the number of blue bolts (2), calculated the number of white bolts as half of that (1), and summed them to get the total (3). The reasoning and calculations are accurate.

Let's format the JSON.
{
  ""score"": 1.0,
  ""correct"": true,
  ""reason"": ""The candidate correctly interpreted the problem: 2 blue bolts and half that amount (1) for white bolts. The sum (2"
Gemma-4-31B,3,P1,"జోష్ ఒక ఇంటిపై పెట్టుబడి పెట్టాలని నిర్ణయించుకున్నాడు. అతడు ఒక ఇంటిని $80,000కు కొనుగోలు చేసి, తరువాత మరమ్మత్తుల కొరకు $50,000 వెచ్చించాడు. ఇది ఇంటి విలువను 150% పెంచింది. అతడు ఎంత లాభం పొందాడు?","Solve the following math problem step by step. Show your reasoning clearly and provide the final answer.

Problem:
జోష్ ఒక ఇంటిపై పెట్టుబడి పెట్టాలని నిర్ణయించుకున్నాడు. అతడు ఒక ఇంటిని $80,000కు కొనుగోలు చేసి, తరువాత మరమ్మత్తుల కొరకు $50,000 వెచ్చించాడు. ఇది ఇంటి విలువను 150% పెంచింది. అతడు ఎంత లాభం పొందాడు?","*   Purchase price of the house: $80,000.
    *   Amount spent on repairs: $50,000.
    *   Effect of repairs: Increased the house value by 150%.
    *   Goal: Find the total profit made.

    *   *Step 1: Calculate the total investment.*
        Total Investment = Purchase Price + Repair Costs
        Total Investment = $80,000 + $50,000 = $130,000.

    *   *Step 2: Calculate the new value of the house.*
        The problem states that the repairs ""increased the value by 150%"".
        Wait, does this mean the *total* value became 150% of the original purchase price, or did it *increase by* 150% of the original purchase price?
        Usually, ""increased by 150%"" means: New Value = Original Value + (150% of Original Value).
        Original Value (Purchase Price) = $80,000.
        Increase = 150% of $80,000 = 1.5 * 80,000 = $120,000.
        New Value = $80,000 + $120,000 = $200,000.

    *   *Step 3: Calculate the profit.*
        Profit = New Value - Total Investment
        Profit = $200,000 - $130,000 = $70,000.

    *   *Alternative Interpretation Check:*
        What if ""increased to 150%"" (meaning total value = 150% of purchase price)?
        New Value = 1.5 * 80,000 = $120,000.
        Profit = $120,000 - $130,000 = -$10,000 (a loss).
        Since the question asks ""how much profit did he make?"", a loss is unlikely given the context of a ""investment"" problem unless it's a trick question.
        The wording ""విలువను 150% పెంచింది"" (increased the value by 150%) strongly suggests the first interpretation.

    *   Purchase Price = $80,000
    *   Repairs = $50,000
    *   Total Cost = $130,000
    *   Increase in Value = 150% of $80,000 = $120,000
    *   Final Value = $80,000 + $120,000 = $200,000
    *   Profit = $200,000 - $130,000 = $70,000.

    *   ఇంటి కొనుగోలు ధర = $80,000
    *   మరమ్మత్తుల ఖర్చు = $50,000
    *   మొత్తం పెట్టుబడి = $80,000 + $50,000 = $130,000
    *   ఇంటి విలువలో పెరుగుదల = $80,000 లో 150% = ($80,000 * 150) / 100 = $120,000
    *   కొత్త ఇంటి విలువ = $80,000 + $120,000 = $200,000
    *   లాభం = కొత్త విలువ - మొత్తం పెట్టుబడి = $200,000 - $130,000 = $70,000.","ఈ సమస్యను దశలవారీగా పరిష్కరిద్దాం:

**1. మొత్తం పెట్టుబడిని లెక్కించడం:**
జోష్ ఇంటిని కొనుగోలు చేయడానికి మరియు మరమ్మత్తుల కోసం వెచ్చించిన మొత్తం డబ్బును లెక్కించాలి.
*   ఇంటి కొనుగోలు ధర = $80,000
*   మరమ్మత్తుల ఖర్చు = $50,000
*   మొత్తం పెట్టుబడి = కొనుగోలు ధర + మరమ్మత్తుల ఖర్చు
*   మొత్తం పెట్టుబడి = $80,000 + $50,000 = **$130,000**

**2. ఇంటి కొత్త విలువను లెక్కించడం:**
మరమ్మత్తుల వల్ల ఇంటి విలువ 150% పెరిగింది. అంటే అసలు కొనుగోలు ధర ($80,000) పై 150% అదనంగా చేరింది.
*   విలువలో పెరుగుదల = $80,000 లో 150%
*   విలువలో పెరుగుదల = ($80,000 × 150) / 100 = **$120,000**
*   ఇంటి కొత్త విలువ = అసలు ధర + పెరిగిన విలువ
*   ఇంటి కొత్త విలువ = $80,000 + $120,000 = **$200,000**

**3. లాభాన్ని లెక్కించడం:**
లాభం అంటే ఇంటి కొత్త విలువ నుండి మొత్తం పెట్టుబడిని తీసివేయడం.
*   లాభం = ఇంటి కొత్త విలువ - మొత్తం పెట్టుబడి
*   లాభం = $200,000 - $130,000 = **$70,000**

**సమాధానం:**
జోష్ పొందిన మొత్తం లాభం **$70,000**.",Qwen3.5-27B,1.0,True,"The candidate solution correctly calculates the total investment ($80,000 + $50,000 = $130,000). It correctly interprets 'value increased by 150%' as an increase of 150% of the original purchase price ($80,000 * 1.5 = $120,000), resulting in a new value of $200,000. Finally, it correctly calculates the profit by subtracting the total investment from the new value ($200,000 - $130,000 = $70,000). The reasoning and calculations are mathematically valid.","{
  ""score"": 1.0,
  ""correct"": true,
  ""reason"": ""The candidate solution correctly calculates the total investment ($80,000 + $50,000 = $130,000). It correctly interprets 'value increased by 150%' as an increase of 150% of the original purchase price ($80,000 * 1.5 = $120,000), resulting in a new value of $200,000. Finally, it correctly calculates the profit by subtracting the total investment from the new value ($200,000 - $130,000 = $70,000). The reasoning and calculations are mathematically valid.""
}","The user wants me to evaluate a mathematical solution provided in Telugu.

**1. Analyze the Question:**
*   **Question:** Josh decided to invest in a house. He bought a house for $80,000 and then spent $50,000 on repairs. This increased the value of the house by 150%. How much profit did he make?
*   **Key Data:**
    *   Purchase Price = $80,000
    *   Repair Cost = $50,000
    *   Value Increase = 150% (of the original purchase price, usually, unless specified otherwise).
    *   Goal: Calculate Profit.

**2. Solve the Problem Independently:**
*   **Total Cost (Investment):** Purchase Price + Repair Cost = $80,000 + $50,000 = $130,000.
*   **Value Increase:** The problem states ""This increased the value of the house by 150%"".
    *   Interpretation A: The value increased by 150% of the *original purchase price*.
        *   Increase Amount = 150% of $80,000 = 1.5 * 80,000 = $120,000.
        *   New Value = Original Price + Increase = $80,000 + $120,000 = $200,000.
    *   Interpretation B: The value increased by 150% of the *total investment*. (Less common phrasing, usually ""value of the house"" refers to the asset's market value, which starts at the purchase price).
    *   Interpretation C: The value became 150% of the original. (Phrasing ""increased by"" usually means addition, not ""became"").
    *   Standard interpretation: ""Increased by 150%"" means New Value = Old Value + (150% of Old Value).
    *   Old Value = $80,000.
    *   Increase = 1.5 * 80,000 = 120,000.
    *   New"
Gemma-4-31B,3,P2,"జోష్ ఒక ఇంటిపై పెట్టుబడి పెట్టాలని నిర్ణయించుకున్నాడు. అతడు ఒక ఇంటిని $80,000కు కొనుగోలు చేసి, తరువాత మరమ్మత్తుల కొరకు $50,000 వెచ్చించాడు. ఇది ఇంటి విలువను 150% పెంచింది. అతడు ఎంత లాభం పొందాడు?","Please solve the following math problem carefully. Explain your solution step by step and clearly state the final answer.

Problem:
జోష్ ఒక ఇంటిపై పెట్టుబడి పెట్టాలని నిర్ణయించుకున్నాడు. అతడు ఒక ఇంటిని $80,000కు కొనుగోలు చేసి, తరువాత మరమ్మత్తుల కొరకు $50,000 వెచ్చించాడు. ఇది ఇంటి విలువను 150% పెంచింది. అతడు ఎంత లాభం పొందాడు?","*   Josh bought a house for $80,000.
    *   He spent $50,000 on renovations.
    *   The renovation increased the value of the house by 150%.
    *   Goal: Find the total profit Josh made.

    *   Purchase Price = $80,000
    *   Renovation Cost = $50,000
    *   Total Investment = Purchase Price + Renovation Cost = $80,000 + $50,000 = $130,000.

    *   The problem states: ""This increased the value of the house by 150%."" (ఇది ఇంటి విలువను 150% పెంచింది).
    *   *Interpretation A:* The value increased *by* 150% of the original price.
        New Value = Original Price + (150% of Original Price)
        New Value = $80,000 + (1.5 * $80,000) = $80,000 + $120,000 = $200,000.
    *   *Interpretation B:* The value increased *to* 150% of the original price.
        New Value = 150% of Original Price = 1.5 * $80,000 = $120,000.
    *   *Analysis:* Usually, ""increased by X%"" means adding that amount to the original. If the renovation cost was $50,000 and the value increased by only $40,000 (Interpretation B), it wouldn't be a very successful investment. Let's re-read the Telugu: ""ఇది ఇంటి విలువను 150% పెంచింది"" (Idi inti viluvanu 150% penchindi). ""Penchindi"" means ""increased"". So, ""increased by 150%"".

    *   Let's calculate using Interpretation A (increased by 150%):
        Increase = 150% of $80,000 = 1.5 * 80,000 = $120,000.
        New Value = $80,000 + $120,000 = $200,000.

    *   Profit = Final Value - Total Investment
    *   Profit = $200,000 - $130,000 = $70,000.

    *   Is it possible ""increased by 150%"" refers to the *total investment*?
        If New Value = $130,000 * 1.5 = $195,000? No, usually value increases are based on the asset price.
    *   Is it possible ""150% increase"" means the final value is 150% of the original?
        New Value = $80,000 * 1.5 = $120,000.
        Profit = $120,000 - $130,000 = -$10,000 (Loss).
    *   Usually, math problems of this type result in a profit. The wording ""increased by 150%"" most logically means the addition of 150% of the original price.

    *   Step 1: Total investment (మొత్తం పెట్టుబడి) = $80,000 + $50,000 = $130,000.
    *   Step 2: Increase in value (విలువలో పెరుగుదల) = 150% of $80,000 = $120,000.
    *   Step 3: Final value of the house (ఇంటి తుది విలువ) = $80,000 + $120,000 = $200,000.
    *   Step 4: Profit (లాభం) = Final Value - Total Investment = $200,000 - $130,000 = $70,000.

    *   Purchase: 80k
    *   Repair: 50k
    *   Total spent: 130k
    *   Value increase: 1.5 * 80k = 120k
    *   New Value: 80k + 120k = 200k
    *   Profit: 200k - 130k = 70k.

    *   ""ఇది ఇంటి విలువను 150% పెంచింది""
    *   ""ఇది"" (This) refers to the renovations ($50,000).
    *   ""ఇంటి విలువను"" (the value of the house) - the house was $80,000.
    *   ""150% పెంచింది"" (increased by 150%).
    *   Calculation: 80,000 * 1.5 = 120,000 increase.
    *   Total value = 80,000 + 120,000 = 200,000.
    *   Total cost = 80,000 + 50,000 = 130,000.
    *   Profit = 200,000 - 130,000 = 70,000.

    *   What if ""increased by 150%"" means the total value became 150% of the original?
        Then New Value = 1.5 * 80,000 = 120,000.
        Profit = 120,000 - 130,000 = -10,000.
        In common English/Telugu usage, ""increased by 150%"" means Original + 1.5*Original. ""Increased to 150%"" means 1.5*Original.
        The phrase ""పెంచింది"" (increased) strongly implies the addition of that percentage.

    *   Let's write out the steps in Telugu for the final response.","ఈ లెక్కను దశలవారీగా పరిష్కరిద్దాం:

**దశ 1: జోష్ చేసిన మొత్తం పెట్టుబడిని లెక్కించడం**
జోష్ ఇంటిని కొనుగోలు చేసిన ధర మరియు మరమ్మత్తుల కోసం ఖర్చు చేసిన మొత్తాన్ని కలిపితే మొత్తం పెట్టుబడి వస్తుంది.
*   ఇంటి కొనుగోలు ధర = $80,000
*   మరమ్మత్తుల ఖర్చు = $50",Qwen3.5-27B,0.0,False,"The candidate solution is incomplete and contains a calculation error. It stops abruptly after listing the initial values without calculating the total investment, the new house value, or the profit. Additionally, it incorrectly states the renovation cost as $50 instead of $50,000 as given in the problem statement.","{
  ""score"": 0.0,
  ""correct"": false,
  ""reason"": ""The candidate solution is incomplete and contains a calculation error. It stops abruptly after listing the initial values without calculating the total investment, the new house value, or the profit. Additionally, it incorrectly states the renovation cost as $50 instead of $50,000 as given in the problem statement.""
}","The user wants me to evaluate a mathematical solution provided in Telugu.

**Question Analysis:**
Josh decides to invest in a house.
- Purchase price: $80,000
- Renovation cost: $50,000
- The value of the house increased by 150%.
- Question: How much profit did he make?

**Candidate Solution Analysis:**
The candidate solution starts solving the problem but cuts off abruptly.
- Step 1: Calculate total investment.
- Purchase price = $80,000
- Renovation cost = $50 (Wait, the question says $50,000, the candidate wrote $50).
- The solution stops there. It does not calculate the total investment, nor the new value, nor the profit.

**Mathematical Verification:**
1.  **Total Cost (Investment):**
    Purchase Price + Renovation Cost = $80,000 + $50,000 = $130,000.
    The candidate wrote ""$50"" instead of ""$50,000"" for renovation cost. This is a significant error.
    Also, the solution is incomplete. It stops after listing the numbers.

2.  **Value Increase:**
    ""ఇది ఇంటి విలువను 150% పెంచింది"" (This increased the house value by 150%).
    Usually, this phrasing is ambiguous. Does it mean the value became 150% of the original purchase price? Or did it increase *by* 150% of the original purchase price? Or did it increase by 150% of the total investment?
    Standard interpretation in such word problems:
    - Interpretation A: The value increased *by* 150% of the purchase price ($80,000).
      New Value = $80,000 + (1.5 * $80,000) = $80,000 + $120,000 = $200,000.
    - Interpretation B: The value increased *to* 150% of the purchase price.
      New Value = 1.5 * $80"
Gemma-4-31B,3,P3,"జోష్ ఒక ఇంటిపై పెట్టుబడి పెట్టాలని నిర్ణయించుకున్నాడు. అతడు ఒక ఇంటిని $80,000కు కొనుగోలు చేసి, తరువాత మరమ్మత్తుల కొరకు $50,000 వెచ్చించాడు. ఇది ఇంటి విలువను 150% పెంచింది. అతడు ఎంత లాభం పొందాడు?","Work through the following math problem step by step. Show how you arrive at the answer and give the final result.

Problem:
జోష్ ఒక ఇంటిపై పెట్టుబడి పెట్టాలని నిర్ణయించుకున్నాడు. అతడు ఒక ఇంటిని $80,000కు కొనుగోలు చేసి, తరువాత మరమ్మత్తుల కొరకు $50,000 వెచ్చించాడు. ఇది ఇంటి విలువను 150% పెంచింది. అతడు ఎంత లాభం పొందాడు?","*   Josh bought a house for $80,000.
    *   He spent $50,000 on repairs.
    *   These repairs increased the value of the house by 150%.
    *   Goal: Find the total profit Josh made.

    *   Purchase Price = $80,000
    *   Repair Cost = $50,000
    *   Total Investment = Purchase Price + Repair Cost
    *   Total Investment = $80,000 + $50,000 = $130,000

    *   The problem says the repairs ""increased the value of the house by 150%"".
    *   This is slightly ambiguous. Does it mean the *original* value ($80,000) increased by 150%? Or does it mean the *final* value is 150% of the original?
    *   Phrasing: ""ఇది ఇంటి విలువను 150% పెంచింది"" (This increased the house's value by 150%).
    *   Standard mathematical interpretation of ""increase by X%"": New Value = Original Value + (X% of Original Value).
    *   Original Value = $80,000.
    *   Increase = 150% of $80,000.
    *   Increase = $80,000 * 1.5 = $120,000.
    *   New Value = $80,000 + $120,000 = $200,000.

    *Alternative interpretation check:* If it meant the value *became* 150% of the original, it would be $80,000 * 1.5 = $120,000. But the wording says ""increased by"" (పెంచింది).

    *   Profit = Final Value - Total Investment
    *   Profit = $200,000 - $130,000
    *   Profit = $70,000.

    *   Step 1: Total Investment.
        ఇంటి కొనుగోలు ధర = $80,000
        మరమ్మత్తుల ఖర్చు = $50,000
        మొత్తం పెట్టుబడి = $80,000 + $50,000 = $130,000

    *   Step 2: New Value of the house.
        ఇంటి విలువ 150% పెరిగింది.
        పెరిగిన విలువ = $80,000 లో 150% = ($80,000 × 150) / 100 = $120,000.
        కొత్త విలువ = అసలు ధర + పెరిగిన విలువ = $80,000 + $120,000 = $200,000.

    *   Step 3: Profit.
        లాభం = కొత్త విలువ - మొత్తం పెట్టుబడి
        లాభం = $200,000 - $130,000 = $70,000.","ఈ సమస్యను దశలవారీగా పరిష్కరిద్దాం:

**దశ 1: జోష్ చేసిన మొత్తం పెట్టుబడిని లెక్కించడం**
జోష్ ఇంటిని కొనుగోలు చేయడానికి మరియు మరమ్మత్తుల కోసం ఖర్చు చేసిన మొత్తం నగదును లెక్కించాలి.
*   ఇంటి కొనుగోలు ధర = $80,000
*   మరమ్మత్తుల ఖర్చు = $50,000
*   మొత్తం పెట్టుబడి = $80,000 + $50,000 = **$130,000**

**దశ 2: ఇంటి యొక్క కొత్త విలువను లెక్కించడం**
మరమ్మత్తుల వల్ల ఇంటి విలువ 150% పెరిగింది. అంటే అసలు కొనుగోలు ధర ($80,000) పై 150% అదనంగా పెరిగింది.
*   పెరిగిన విలువ = $80,000 లో 150%
*   పెరిగిన విలువ = $\frac{150}{100} \times 80,000 = 1.5 \times 80,000 = \$120,000$
*   ఇంటి కొత్త విలువ = అసలు ధర + పెరిగిన విలువ
*   ఇంటి కొత్త విలువ = $80,000 + $120,000 = **$200,000**

**దశ 3: లాభాన్ని లెక్కించడం**
లాభం అంటే ఇంటి కొత్త విలువ నుండి మొత్తం పెట్టుబడిని తీసివేయడం.
*   లాభం = ఇంటి కొత్త విలువ - మొత్తం పెట్టుబడి
*   లాభం = $200,000 - $130,000 = **$70,000**

**జవాబు:**
జోష్ పొందిన మొత్తం లాభం **$70,000**.",Qwen3.5-27B,1.0,True,"The candidate solution correctly calculates the total investment ($130,000), correctly interprets the 150% increase on the original purchase price ($80,000) to find the new value ($200,000), and correctly subtracts the total investment from the new value to determine the profit ($70,000). The mathematical reasoning and calculations are accurate.","{
  ""score"": 1.0,
  ""correct"": true,
  ""reason"": ""The candidate solution correctly calculates the total investment ($130,000), correctly interprets the 150% increase on the original purchase price ($80,000) to find the new value ($200,000), and correctly subtracts the total investment from the new value to determine the profit ($70,000). The mathematical reasoning and calculations are accurate.""
}","The user wants me to evaluate a mathematical solution provided in Telugu.

**Question Analysis:**
Josh decides to invest in a house.
- Purchase price: $80,000
- Renovation cost: $50,000
- The renovations increased the value of the house by 150%.
- Question: How much profit did he make?

**My Independent Solution:**
1.  **Total Cost (Investment):**
    Purchase Price + Renovation Cost = $80,000 + $50,000 = $130,000.

2.  **New Value of the House:**
    The problem states: ""This increased the value of the house by 150%."" (ఇది ఇంటి విలువను 150% పెంచింది).
    Usually, ""increased by 150%"" means the new value is Original Value + (150% of Original Value).
    Original Value = Purchase Price = $80,000.
    Increase Amount = 150% of $80,000 = 1.5 * 80,000 = $120,000.
    New Value = $80,000 + $120,000 = $200,000.

    *Alternative Interpretation Check:* Sometimes ""increased to 150%"" is confused with ""increased by 150%"". The Telugu text says ""150% పెంచింది"" which translates to ""increased by 150%"". If it meant ""became 150% of original"", it would usually say ""150% అయ్యింది"". So ""increased by"" is the standard interpretation.
    So, New Value = $200,000.

3.  **Profit Calculation:**
    Profit = New Value - Total Cost
    Profit = $200,000 - $130,000 = $70,000.

**Candidate Solution Analysis:**
1.  **Total Investment:**
    $80,000 + $50,000 = $130,0"
Gemma-4-31B,3,P4,"జోష్ ఒక ఇంటిపై పెట్టుబడి పెట్టాలని నిర్ణయించుకున్నాడు. అతడు ఒక ఇంటిని $80,000కు కొనుగోలు చేసి, తరువాత మరమ్మత్తుల కొరకు $50,000 వెచ్చించాడు. ఇది ఇంటి విలువను 150% పెంచింది. అతడు ఎంత లాభం పొందాడు?","Find the solution to the following problem. Explain your reasoning and calculations before giving the final answer.

Problem:
జోష్ ఒక ఇంటిపై పెట్టుబడి పెట్టాలని నిర్ణయించుకున్నాడు. అతడు ఒక ఇంటిని $80,000కు కొనుగోలు చేసి, తరువాత మరమ్మత్తుల కొరకు $50,000 వెచ్చించాడు. ఇది ఇంటి విలువను 150% పెంచింది. అతడు ఎంత లాభం పొందాడు?","*   Josh buys a house for $80,000.
    *   He spends $50,000 on repairs.
    *   These repairs increase the value of the house by 150%. (Note: ""increase by 150%"" usually means New Value = Old Value + 1.5 * Old Value, or New Value = 2.5 * Old Value. However, in many word problems of this type, ""increased its value to 150%"" or ""increased the value by 150%"" can be ambiguous. Let's re-read carefully: ""ఇది ఇంటి విలువను 150% పెంచింది"" - ""This increased the house value by 150%"").
    *   Goal: Find the total profit.

    *   Purchase Price = $80,000
    *   Repair Cost = $50,000
    *   Total Investment = Purchase Price + Repair Cost = $80,000 + $50,000 = $130,000.

    *   The original value was $80,000.
    *   The repairs *increased* the value by 150%.
    *   Increase amount = 150% of $80,000 = $80,000 * 1.5 = $120,000.
    *   New Value = Original Value + Increase amount = $80,000 + $120,000 = $200,000.

    *Wait, let me double-check the wording.* ""ఇది ఇంటి విలువను 150% పెంచింది"" (This increased the house value by 150%).
    If the value *became* 150% of the original, it would be $80,000 * 1.5 = $120,000.
    If the value *increased by* 150%, it is $80,000 + ($80,000 * 1.5) = $200,000.
    Usually, ""increased by X%"" means New = Old * (1 + X/100).

    Let's calculate based on ""Increased by 150%"":
    *   New Value = $200,000.
    *   Total Investment = $130,000.
    *   Profit = New Value - Total Investment = $200,000 - $130,000 = $70,000.

    Let's check if the other interpretation (""increased to 150%"") makes more sense:
    *   New Value = 150% of $80,000 = $120,000.
    *   Total Investment = $130,000.
    *   Profit = $120,000 - $130,000 = -$10,000 (a loss).
    Since the question asks ""How much profit did he make?"", a positive result is more likely. Therefore, ""increased by 150%"" leading to $200,000 is the most logical interpretation.

    *   Purchase price: $80,000
    *   Repairs: $50,000
    *   Total cost: $80,000 + $50,000 = $130,000
    *   Value increase: 150% of $80,000 = $120,000
    *   Final house value: $80,000 + $120,000 = $200,000
    *   Profit = Final value - Total cost = $200,000 - $130,000 = $70,000.

    *   Explain the steps in Telugu.
    *   Step 1: Calculate total investment.
    *   Step 2: Calculate the increase in value.
    *   Step 3: Calculate final value.
    *   Step 4: Calculate profit.

    *   మొత్తం పెట్టుబడి (Total Investment): $80,000 (కొనుగోలు ధర) + $50,000 (మరమ్మత్తుల ఖర్చు) = $130,000.
    *   ఇంటి విలువలో పెరుగుదల (Increase in value): $80,000 లో 150% = $80,000 * (150/100) = $120,000.
    *   ఇంటి ప్రస్తుత విలువ (Current value): $80,000 + $120,000 = $200,000.
    *   లాభం (Profit): ప్రస్తుత విలువ - మొత్తం పెట్టుబడి = $200,000 - $130,000 = $70,000.","ఈ సమస్యను దశలవారీగా పరిష్కరిద్దాం:

**1. మొత్తం పెట్టుబడిని లెక్కించడం:**
జోష్ ఇంటిని కొనుగోలు చేయడానికి మరియు మరమ్మత్తుల కోసం ఖర్చు చేసిన మొత్తం డబ్బును లెక్కించాలి.
*   ఇంటి కొనుగోలు ధర = $80,000
*   మరమ్మత్తుల ఖర్చు = $50,000
*   మొత్తం పెట్టుబడి = $80,000 + $50,000 = **$130,000**

**2. ఇంటి విలువలో పెరుగుదలను లెక్కించడం:**
మరమ్మత్తుల వల్ల ఇంటి విలువ 150% పెరిగింది. ఈ పెరుగుదల అసలు కొనుగోలు ధర ($80,000) మీద ఆధారపడి ఉంటుంది.
*   విలువలో పెరుగుదల = $80,000 లో 150%
*   పెరుగుదల = $80,000 $\times$ $\frac{150}{100}$ = $80,000 $\times$ 1.5 = **$120,000**

**3. ఇంటి ప్రస్తుత విలువను లెక్కించడం:**
అసలు ధరకు, పెరిగిన విలువను కలిపితే ఇంటి ప్రస్తుత విలువ వస్తుంది.
*   ప్రస్తుత విలువ = అసలు ధర + పెరుగుదల
*   ప్రస్తుత విలువ = $80,000 + $120,000 = **$200,000**

**4. లాభాన్ని లెక్కించడం:**
లాభం అంటే ప్రస్తుత విలువ నుండి మొత్తం పెట్టుబడిని తీసివేయడం.
*   లాభం = ప్రస్తుత",Qwen3.5-27B,,,"JUDGE_ERROR: Invalid JSON returned by Qwen.
Response:
"". ""Value of the house"" typically refers to the asset's worth, which started at $80,000.
*   **Profit:** New Value - Total Cost = $200,000 - $130,000 = $70,000.

**3. Evaluate the Candidate Solution:**
*   **Step 1 (Total Investment):** Calculates $80,000 + $50,000 = $130,000. **Correct.**
*   **Step 2 (Value Increase):** Calculates 150% of $80,000 = $120,000. **Correct.** (Assuming the base is the purchase price, which is standard interpretation).
*   **Step 3 (Current Value):** Calculates $80,000 + $120,000 = $200,000. **Correct.**
*   **Step 4 (Profit):** The solution cuts off mid-sentence: ""* లాభం = ప్రస్తుత"" (Profit = Current...). It does not complete the calculation or state the final answer.

**4. Assessment:**
*   The reasoning up to the cutoff point is mathematically sound.
*   However, the solution is **incomplete**. It stops right before calculating the final profit.
*   The prompt",""". ""Value of the house"" typically refers to the asset's worth, which started at $80,000.
*   **Profit:** New Value - Total Cost = $200,000 - $130,000 = $70,000.

**3. Evaluate the Candidate Solution:**
*   **Step 1 (Total Investment):** Calculates $80,000 + $50,000 = $130,000. **Correct.**
*   **Step 2 (Value Increase):** Calculates 150% of $80,000 = $120,000. **Correct.** (Assuming the base is the purchase price, which is standard interpretation).
*   **Step 3 (Current Value):** Calculates $80,000 + $120,000 = $200,000. **Correct.**
*   **Step 4 (Profit):** The solution cuts off mid-sentence: ""* లాభం = ప్రస్తుత"" (Profit = Current...). It does not complete the calculation or state the final answer.

**4. Assessment:**
*   The reasoning up to the cutoff point is mathematically sound.
*   However, the solution is **incomplete**. It stops right before calculating the final profit.
*   The prompt","The user wants me to evaluate a mathematical solution provided in Telugu.

**1. Analyze the Question:**
*   **Question:** Josh decides to invest in a house. He buys a house for $80,000 and spends $50,000 on repairs. This increased the value of the house by 150%. How much profit did he make?
*   **Key Information:**
    *   Purchase Price = $80,000
    *   Repair Cost = $50,000
    *   Value Increase = 150% (of the purchase price, usually, unless specified otherwise. The phrasing ""This increased the value of the house by 150%"" usually implies the value increased by 150% of the original value).
    *   Goal: Calculate Profit.

**2. Solve the Problem Independently:**
*   **Total Cost (Investment):** Purchase Price + Repair Cost = $80,000 + $50,000 = $130,000.
*   **Value Increase:** The problem states the value increased by 150%. Usually, percentage increase is calculated based on the original value (Purchase Price).
    *   Increase Amount = 150% of $80,000 = 1.5 * 80,000 = $120,000.
*   **New Value (Selling Price/Current Value):** Original Value + Increase Amount = $80,000 + $120,000 = $200,000.
    *   *Alternative interpretation:* Does ""increased the value of the house by 150%"" mean the new value is 150% of the old value? No, ""increased by"" means addition. So New Value = Old Value + (150% of Old Value) = 250% of Old Value.
    *   *Another interpretation:* Does the 150% apply to the total investment ($130,000)? Usually, house value appreciation is based on the property's market value (purchase price), not the total investment including repairs. The text says ""This increased the value of the house by 150"
Gemma-4-31B,3,P5,"జోష్ ఒక ఇంటిపై పెట్టుబడి పెట్టాలని నిర్ణయించుకున్నాడు. అతడు ఒక ఇంటిని $80,000కు కొనుగోలు చేసి, తరువాత మరమ్మత్తుల కొరకు $50,000 వెచ్చించాడు. ఇది ఇంటి విలువను 150% పెంచింది. అతడు ఎంత లాభం పొందాడు?","Carefully solve the following mathematical problem. Provide a step-by-step solution and conclude with the final answer.

Problem:
జోష్ ఒక ఇంటిపై పెట్టుబడి పెట్టాలని నిర్ణయించుకున్నాడు. అతడు ఒక ఇంటిని $80,000కు కొనుగోలు చేసి, తరువాత మరమ్మత్తుల కొరకు $50,000 వెచ్చించాడు. ఇది ఇంటి విలువను 150% పెంచింది. అతడు ఎంత లాభం పొందాడు?","*   Josh buys a house for $80,000.
    *   He spends $50,000 on renovations.
    *   These renovations increase the house's value by 150%.
    *   Question: How much profit did he make?

    *   Purchase Price = $80,000
    *   Renovation Cost = $50,000
    *   Total Investment = Purchase Price + Renovation Cost
    *   Total Investment = $80,000 + $50,000 = $130,000

    *   The problem says the renovations ""increased the house's value by 150%"".
    *   Wait, does ""increased by 150%"" mean the *new* value is 150% of the *original* value, or that the value *increased* by 150% of the original value?
    *   Phrasing: ""ఇది ఇంటి విలువను 150% పెంచింది"" (This increased the house's value by 150%).
    *   Usually, ""increased by X%"" means New Value = Original Value + (X% of Original Value).
    *   Original Value = $80,000.
    *   Increase = 150% of $80,000 = (150/100) * 80,000 = 1.5 * 80,000 = $120,000.
    *   New Value = Original Value + Increase = $80,000 + $120,000 = $200,000.

    *Alternative Interpretation:* Does ""increased the house's value to 150%"" mean the final value is $80,000 * 1.5 = $120,000?
    *   The wording ""పెంచింది"" (increased) usually implies an addition. ""150% పెంచింది"" = increased by 150%.
    *   If it meant ""increased to 150%"", it would likely say ""విలువ 150% కి పెరిగింది"".

    *Let's re-read carefully:* ""ఇది ఇంటి విలువను 150% పెంచింది."" (This increased the house's value 150%).
    *   Let's calculate based on ""increased by 150%"".
    *   Current Value = $80,000 + (1.5 * $80,000) = $80,000 + $120,000 = $200,000.

    *   Profit = Final Value - Total Investment
    *   Profit = $200,000 - $130,000 = $70,000.

    *   Let's check the other interpretation: ""increased to 150%"".
    *   Final Value = $80,000 * 1.5 = $120,000.
    *   Total Investment = $130,000.
    *   Profit = $120,000 - $130,000 = -$10,000 (a loss).
    *   Usually, in these types of word problems, the character makes a profit. So, the ""increased by 150%"" interpretation is more likely.

    *   Step 1: Calculate total investment.
        $80,000 (purchase) + $50,000 (repairs) = $130,000.
    *   Step 2: Calculate the increase in value.
        150% of $80,000 = 1.5 * 80,000 = $120,000.
    *   Step 3: Calculate the final value of the house.
        $80,000 (original) + $120,000 (increase) = $200,000.
    *   Step 4: Calculate the profit.
        $200,000 (final value) - $130,000 (total cost) = $70,000.

    *   ఇంటి కొనుగోలు ధర (Purchase Price): $80,000
    *   మరమ్మత్తుల ఖర్చు (Renovation Cost): $50,000
    *   మొత్తం పెట్టుబడి (Total Investment): $80,000 + $50,000 = $130,000
    *   విలువల పెరుగుదల (Increase in Value): 150% of $80,000 = $120,000
    *   ఇంటి ప్రస్తుత విలువ (Current Value): $80,000 + $120,000 = $200,000
    *   లాభం (Profit): $200,000 - $130,000 = $70,000.

    *   Did the renovations increase the value *of the house* or the *investment*? The text says ""ఇంటి విలువను"" (the house's value), which refers to the $80,000.
    *   Is there any ambiguity in ""150% పెంచింది""? In common English math problems, ""increased by 150%"" means Original + 1.5*Original. If it meant the house became 150% of its value, it would say ""increased to 150%"".

    *   Investment: 80k + 50k = 130k.
    *   Value: 80k * (1 + 1.5) = 80k * 2.5 = 200k.
    *   Profit: 200k - 130k = 70k.","ఈ సమస్యను దశలవారీగా పరిష్కరిద్దాం:

**దశ 1: జోష్ చేసిన మొత్తం పెట్టుబడిని లెక్కించడం**
జోష్ ఇంటిని కొనుగోలు చేయడానికి మరియు మరమ్మత్తుల కోసం ఖర్చు చేసిన మొత్తం డబ్బును లెక్కించాలి.
*   ఇంటి కొనుగోలు ధర = $80,000
*   మరమ్మత్తుల ఖర్చు = $50,000
*   మొత్తం పెట్టుబడి = కొనుగోలు ధర + మరమ్మత్తుల ఖర్చు
*   మొత్తం పెట్టుబడి = $80,000 + $50,000 = **$130,000**

",Qwen3.5-27B,0.0,False,"The candidate solution is incomplete. It only calculates the total investment ($130,000) but fails to calculate the new value of the house or the final profit. The problem asks for the profit, which requires determining the selling value based on the 150% increase and subtracting the total cost.","{
  ""score"": 0.0,
  ""correct"": false,
  ""reason"": ""The candidate solution is incomplete. It only calculates the total investment ($130,000) but fails to calculate the new value of the house or the final profit. The problem asks for the profit, which requires determining the selling value based on the 150% increase and subtracting the total cost.""
}","The user wants me to evaluate a mathematical solution provided in Telugu.

**Question Analysis:**
Josh decides to invest in a house.
- Purchase price: $80,000
- Renovation cost: $50,000
- The renovations increased the value of the house by 150%.
- Question: How much profit did he make?

**Candidate Solution Analysis:**
The candidate solution only calculates the total investment.
- Purchase price: $80,000
- Renovation cost: $50,000
- Total investment: $130,000
- The solution stops there. It does not calculate the new value of the house, nor does it calculate the profit.

**Independent Solution:**
1.  **Total Cost (Investment):**
    Purchase Price + Renovation Cost = $80,000 + $50,000 = $130,000.

2.  **Increase in Value:**
    The problem states ""ఇది ఇంటి విలువను 150% పెంచింది"" (This increased the house's value by 150%).
    Usually, ""increased by 150%"" refers to the original value (Purchase Price) or the total cost?
    Contextually, renovations increase the value of the *house*. The base value is usually the purchase price ($80,000).
    However, sometimes in these types of problems, it might mean the value became 150% of the original, or increased *by* 150%.
    Phrasing: ""increased the value by 150%"" (విలువను 150% పెంచింది).
    Base value = $80,000.
    Increase amount = 150% of $80,000 = 1.5 * 80,000 = $120,000.
    New Value = Original Value + Increase = $80,000 + $120,000 = $200,000.
    
    *Alternative Interpretation:* Does it mean the value increased by 150% of the *total investment*? Unlikely. Usually"
Gemma-4-31B,4,P1,జేమ్ప్ వారంలో 3 సార్లు 3 స్ప్రింట్స్ పరిగెత్తాలని నిర్ణయించుకున్నాడు. అతడు ప్రతి స్ప్రింట్‌లో 60 మీటర్లు పరిగెత్తాడు. అతడు ఒక వారంలో ఎన్ని మీటర్లు పరిగెత్తాడు?,"Solve the following math problem step by step. Show your reasoning clearly and provide the final answer.

Problem:
జేమ్ప్ వారంలో 3 సార్లు 3 స్ప్రింట్స్ పరిగెత్తాలని నిర్ణయించుకున్నాడు. అతడు ప్రతి స్ప్రింట్‌లో 60 మీటర్లు పరిగెత్తాడు. అతడు ఒక వారంలో ఎన్ని మీటర్లు పరిగెత్తాడు?","*   Person: James (జేమ్ప్ - though it seems to be a misspelling of జేమ్స్/James).
    *   Frequency: 3 times a week (వారంలో 3 సార్లు).
    *   Number of sprints per session: 3 sprints (3 స్ప్రింట్స్).
    *   Distance per sprint: 60 meters (ప్రతి స్ప్రింట్‌లో 60 మీటర్లు).
    *   Goal: Calculate the total distance run in one week (అతడు ఒక వారంలో ఎన్ని మీటర్లు పరిగెత్తాడు?).

    *   Total distance per session = (Number of sprints per session) × (Distance per sprint)
    *   Total distance per week = (Total distance per session) × (Number of sessions per week)
    *   Alternatively: Total distance per week = (Number of sessions per week) × (Number of sprints per session) × (Distance per sprint)

    *   Sprints per session = 3
    *   Distance per sprint = 60 meters
    *   Sessions per week = 3

    *   Step 1: Find the distance run in one session.
        3 sprints × 60 meters = 180 meters.
    *   Step 2: Find the distance run in three sessions (one week).
        180 meters × 3 sessions = 540 meters.

    *   *Given:*
        ఒక రోజులో పరిగెత్తే స్ప్రింట్ల సంఖ్య = 3 (Number of sprints in a day)
        ఒక స్ప్రింట్ దూరం = 60 మీటర్లు (Distance of one sprint)
        వారంలో పరిగెత్తే రోజుల సంఖ్య = 3 (Number of days in a week)

    *   *Calculation:*
        ఒక రోజులో పరిగెత్తిన మొత్తం దూరం = 3 × 60 = 180 మీటర్లు (Total distance in one day)
        వారంలో పరిగెత్తిన మొత్తం దూరం = 180 × 3 = 540 మీటర్లు (Total distance in a week)

    *   Does the math hold up? 3 * 3 * 60 = 9 * 60 = 540. Yes.
    *   Is the language correct? Yes.","ఈ లెక్కను దశలవారీగా సాధిద్దాం:

**ఇచ్చిన వివరాలు:**
* వారంలో పరిగెత్తే రోజుల సంఖ్య = 3 సార్లు
* ఒక్కో రోజులో పరిగెత్తే స్ప్రింట్ల సంఖ్య = 3 స్ప్రింట్లు
* ఒక్కో స్ప్రింట్ దూరం = 60 మీటర్లు

**సాధన:**

**దశ 1: ఒక రోజులో జేమ్స్ పరిగెత్తిన మొత్తం దూరాన్ని కనుగొనాలి.**
ఒక రోజులో 3 స్ప్రింట్లు పరిగెత్తాడు, ఒక్కో స్ప్రింట్ 60 మీటర్లు కాబట్టి:
$3 \times 60 = 180$ మీటర్లు.

**దశ 2: వారంలో జేమ్స్ పరిగెత్తిన మొత్తం దూరాన్ని కనుగొనాలి.**
అతడు వారంలో 3 సార్లు ఇలా పరిగెత్తాడు కాబట్టి:
$180 \times 3 = 540$ మీటర్లు.

**లేదా ఇలా కూడా లెక్కించవచ్చు:**
మొత్తం స్ప్రింట్ల సంఖ్య = (వారంలో రోజుల సంఖ్య) $\times$ (ఒక్కో రోజున స్ప్రింట్ల సంఖ్య)
$3 \times 3 = 9$ స్ప్రింట్లు.

మొత్తం దూరం = (మొత్తం స్ప్రింట్ల సంఖ్య) $\times$ (ఒక్కో స్ప్రింట్ దూరం)
$9 \times 60 = 540$ మీటర్లు.

**జవాబు:**
జేమ్స్ ఒక వారంలో మొత్తం **540 మీటర్లు** పరిగెత్తాడు.",Qwen3.5-27B,1.0,True,"The candidate solution correctly identifies the given values (3 times a week, 3 sprints per time, 60 meters per sprint). It calculates the total distance using two valid methods: (1) calculating daily distance first (3 * 60 = 180) then weekly total (180 * 3 = 540), and (2) calculating total sprints first (3 * 3 = 9) then total distance (9 * 60 = 540). Both calculations are mathematically accurate and lead to the correct final answer of 540 meters.","{
  ""score"": 1.0,
  ""correct"": true,
  ""reason"": ""The candidate solution correctly identifies the given values (3 times a week, 3 sprints per time, 60 meters per sprint). It calculates the total distance using two valid methods: (1) calculating daily distance first (3 * 60 = 180) then weekly total (180 * 3 = 540), and (2) calculating total sprints first (3 * 3 = 9) then total distance (9 * 60 = 540). Both calculations are mathematically accurate and lead to the correct final answer of 540 meters.""
}","The user wants me to evaluate a mathematical solution provided in Telugu.

**1. Analyze the Question:**
*   **Question:** James decided to run 3 sprints 3 times a week. He ran 60 meters in each sprint. How many meters did he run in a week?
*   **Given:**
    *   Frequency per week: 3 times (3 సార్లు)
    *   Sprints per session: 3 sprints (3 స్ప్రింట్స్)
    *   Distance per sprint: 60 meters (60 మీటర్లు)
*   **Goal:** Calculate total distance run in a week.

**2. Solve Independently:**
*   Total sprints per week = (Times per week) * (Sprints per time) = $3 \times 3 = 9$ sprints.
*   Total distance = (Total sprints) * (Distance per sprint) = $9 \times 60$.
*   Calculation: $9 \times 60 = 540$.
*   **Answer:** 540 meters.

**3. Evaluate the Candidate Solution:**
*   **Given Data Extraction:**
    *   Days/Times per week = 3.
    *   Sprints per day/time = 3.
    *   Distance per sprint = 60 meters.
    *   (Matches the question).
*   **Step 1:** Calculate distance per day/session.
    *   $3 \text{ sprints} \times 60 \text{ meters} = 180 \text{ meters}$.
    *   (Correct).
*   **Step 2:** Calculate total distance per week.
    *   $180 \text{ meters} \times 3 \text{ times} = 540 \text{ meters}$.
    *   (Correct).
*   **Alternative Method:**
    *   Total sprints = $3 \times 3 = 9$.
    *   Total distance = $9 \times 60 = 540$.
    *   (Correct).
*   **Final Answer:** 540 meters.
*   **Language:** Telugu. The math is clear and correct.

**4."
Gemma-4-31B,4,P2,జేమ్ప్ వారంలో 3 సార్లు 3 స్ప్రింట్స్ పరిగెత్తాలని నిర్ణయించుకున్నాడు. అతడు ప్రతి స్ప్రింట్‌లో 60 మీటర్లు పరిగెత్తాడు. అతడు ఒక వారంలో ఎన్ని మీటర్లు పరిగెత్తాడు?,"Please solve the following math problem carefully. Explain your solution step by step and clearly state the final answer.

Problem:
జేమ్ప్ వారంలో 3 సార్లు 3 స్ప్రింట్స్ పరిగెత్తాలని నిర్ణయించుకున్నాడు. అతడు ప్రతి స్ప్రింట్‌లో 60 మీటర్లు పరిగెత్తాడు. అతడు ఒక వారంలో ఎన్ని మీటర్లు పరిగెత్తాడు?","*   Problem Statement: ""జేమ్ప్ వారంలో 3 సార్లు 3 స్ప్రింట్స్ పరిగెత్తాలని నిర్ణయించుకున్నాడు. అతడు ప్రతి స్ప్రింట్‌లో 60 మీటర్లు పరిగెత్తాడు. అతడు ఒక వారంలో ఎన్ని మీటర్లు పరిగెత్తాడు?""
    *   Language: Telugu.
    *   Key Information:
        *   Number of times per week: 3
        *   Number of sprints per time: 3
        *   Distance per sprint: 60 meters.
    *   Goal: Calculate the total distance run in one week.

    *   Step 1: Find the total number of sprints run in a week.
        *   Formula: (Times per week) × (Sprints per time)
        *   Calculation: 3 times/week × 3 sprints/time = 9 sprints/week.
    *   Step 2: Find the total distance.
        *   Formula: (Total sprints per week) × (Distance per sprint)
        *   Calculation: 9 sprints/week × 60 meters/sprint = 540 meters.

    *   *Step 1 Translation:*
        *   వారంలో మొత్తం ఎన్ని స్ప్రింట్స్ పరిగెత్తాడో కనుగొనాలి. (Need to find how many total sprints were run in a week.)
        *   వారానికి 3 సార్లు, ఒక్కోసారి 3 స్ప్రింట్లు. (3 times a week, 3 sprints each time.)
        *   మొత్తం స్ప్రింట్లు = $3 \times 3 = 9$ స్ప్రింట్లు. (Total sprints = $3 \times 3 = 9$ sprints.)

    *   *Step 2 Translation:*
        *   ప్రతి స్ప్రింట్ దూరం 60 మీటర్లు. (Distance of each sprint is 60 meters.)
        *   వారంలో మొత్తం పరిగెత్తిన దూరం = (మొత్తం స్ప్రింట్లు) $\times$ (ఒక స్ప్రింట్ దూరం). (Total distance run in a week = Total sprints $\times$ Distance of one sprint.)
        *   మొత్తం దూరం = $9 \times 60 = 540$ మీటర్లు. (Total distance = $9 \times 60 = 540$ meters.)

    *   Ensure clarity and logical flow.
    *   Final Answer should be clearly stated.

    *   జేమ్ప్ వారంలో ఎన్ని సార్లు పరిగెత్తాడు? 3 సార్లు.
    *   ఒక్కోసారి ఎన్ని స్ప్రింట్లు పరిగెత్తాడు? 3 స్ప్రింట్లు.
    *   కాబట్టి, వారంలో మొత్తం స్ప్రింట్లు = $3 \times 3 = 9$.
    *   ఒక స్ప్రింట్ దూరం ఎంత? 60 మీటర్లు.
    *   మొత్తం దూరం = $9 \times 60 = 540$ మీటర్లు.","ఈ లెక్కను దశలవారీగా పరిష్కరిద్దాం:

**దత్తాంశం (Given):**
* వారంలో పరిగెత్తే సార్లు = 3
* ఒక్కోసారి పరిగెత్తే స్ప్రింట్ల సంఖ్య = 3
* ప్రతి స్ప్రింట్ దూరం = 60 మీటర్లు

**పరిష్కారం:**

**దశ 1: వారంలో జేమ్ప్ పరిగెత్తిన మొత్తం స్ప్రింట్ల సంఖ్యను కనుగొనాలి.**
మొత్తం స్ప్రింట్లు = (వారంలో పరిగెత్తే సార్లు) $\times$ (ఒక్కోసారి పరిగెత్తే స్ప్రింట్లు)
మొత్తం స్ప్రింట్లు = $3 \times 3 = 9$ స్ప్రింట్లు.

**దశ 2: వారంలో పరిగెత్తిన మొత్తం దూరాన్ని కనుగొనాలి.**
మొత్తం దూరం = (మొత్తం స్ప్రింట్లు) $\times$ (ఒక స్ప్రింట్ దూరం)
మొత్తం దూరం = $9 \times 60$ మీటర్లు
మొత్తం దూరం = $540$ మీటర్లు.

**ముగింపు:**
జేమ్ప్ ఒక వారంలో మొత్తం **540 మీటర్లు** పరిగెత్తాడు.

**సమాధానం: 540 మీటర్లు.**",Qwen3.5-27B,1.0,True,"The candidate solution correctly identifies the given values (3 times a week, 3 sprints per time, 60 meters per sprint). It correctly calculates the total number of sprints (3 * 3 = 9) and then multiplies by the distance per sprint (9 * 60 = 540). The logic, calculations, and final answer are mathematically valid.","{
  ""score"": 1.0,
  ""correct"": true,
  ""reason"": ""The candidate solution correctly identifies the given values (3 times a week, 3 sprints per time, 60 meters per sprint). It correctly calculates the total number of sprints (3 * 3 = 9) and then multiplies by the distance per sprint (9 * 60 = 540). The logic, calculations, and final answer are mathematically valid.""
}","The user wants me to evaluate a mathematical solution provided in Telugu.

**1. Analyze the Question:**
*   **Question:** James decided to run 3 sprints 3 times a week. He ran 60 meters in each sprint. How many meters did he run in a week?
*   **Given:**
    *   Frequency per week: 3 times
    *   Sprints per session: 3 sprints
    *   Distance per sprint: 60 meters
*   **Goal:** Calculate total distance run in a week.

**2. Solve Independently:**
*   Total sprints per week = (Times per week) * (Sprints per time) = $3 \times 3 = 9$ sprints.
*   Total distance = (Total sprints) * (Distance per sprint) = $9 \times 60$ meters.
*   Calculation: $9 \times 60 = 540$ meters.
*   **Answer:** 540 meters.

**3. Evaluate the Candidate Solution:**
*   **Language:** Telugu.
*   **Given Data Extraction:**
    *   ""వారంలో పరిగెత్తే సార్లు = 3"" (Times running per week = 3) - Correct.
    *   ""ఒక్కోసారి పరిగెత్తే స్ప్రింట్ల సంఖ్య = 3"" (Number of sprints per time = 3) - Correct.
    *   ""ప్రతి స్ప్రింట్ దూరం = 60 మీటర్లు"" (Distance per sprint = 60 meters) - Correct.
*   **Step 1:** Calculate total sprints.
    *   Formula: (Times per week) $\times$ (Sprints per time).
    *   Calculation: $3 \times 3 = 9$.
    *   Result: 9 sprints. - Correct.
*   **Step 2:** Calculate total distance.
    *   Formula: (Total sprints) $\times$ (Distance per sprint).
    *   Calculation: $9 \times 60$.
    *   Result: 540 meters. - Correct.
*   **Conclusion:** 540 meters"
Gemma-4-31B,4,P3,జేమ్ప్ వారంలో 3 సార్లు 3 స్ప్రింట్స్ పరిగెత్తాలని నిర్ణయించుకున్నాడు. అతడు ప్రతి స్ప్రింట్‌లో 60 మీటర్లు పరిగెత్తాడు. అతడు ఒక వారంలో ఎన్ని మీటర్లు పరిగెత్తాడు?,"Work through the following math problem step by step. Show how you arrive at the answer and give the final result.

Problem:
జేమ్ప్ వారంలో 3 సార్లు 3 స్ప్రింట్స్ పరిగెత్తాలని నిర్ణయించుకున్నాడు. అతడు ప్రతి స్ప్రింట్‌లో 60 మీటర్లు పరిగెత్తాడు. అతడు ఒక వారంలో ఎన్ని మీటర్లు పరిగెత్తాడు?","*   Language: Telugu.
    *   Problem: James decided to run 3 sprints, 3 times a week. Each sprint is 60 meters. How many meters does he run in a week?

    *   Sprints per session: 3
    *   Sessions per week: 3
    *   Distance per sprint: 60 meters

    *   *Step 1: Calculate distance per session.*
        Distance per session = (Sprints per session) × (Distance per sprint)
        Distance per session = 3 sprints × 60 meters/sprint

    *   *Step 2: Calculate total distance per week.*
        Total distance per week = (Distance per session) × (Sessions per week)
        Total distance per week = (Result from Step 1) × 3

    *   Step 1: $3 \times 60 = 180$ meters.
    *   Step 2: $180 \times 3 = 540$ meters.

    *   *Translation of key terms:*
        *   Sprints: స్ప్రింట్లు (Sprints)
        *   Week: వారం (Varam)
        *   Distance: దూరం (Dooram)
        *   Meters: మీటర్లు (Meetarlu)

    *   *Drafting the steps in Telugu:*
        1.  ఒక రోజులో పరిగెత్తే స్ప్రింట్ల సంఖ్య = 3
        2.  ఒక స్ప్రింట్ దూరం = 60 మీటర్లు
        3.  కాబట్టి, ఒక రోజులో పరిగెత్తే మొత్తం దూరం = $3 \times 60 = 180$ మీటర్లు.
        4.  వారంలో పరిగెత్తే రోజుల సంఖ్య = 3
        5.  కాబట్టి, వారంలో పరిగెత్తే మొత్తం దూరం = $180 \times 3 = 540$ మీటర్లు.

    *   Ensure clarity and logical flow.","ఈ లెక్కను దశలవారీగా పరిష్కరిద్దాం:

**ఇచ్చిన వివరాలు:**
*   ఒక రోజులో పరిగెత్తే స్ప్రింట్ల సంఖ్య = 3
*   ఒక స్ప్రింట్ దూరం = 60 మీటర్లు
*   వారంలో పరిగెత్తే రోజుల సంఖ్య = 3

**దశ 1: జేమ్స్ ఒక రోజులో పరిగెత్తే మొత్తం దూరాన్ని కనుగొనాలి.**
ఒక రోజులో 3 స్ప్రింట్లు పరిగెత్తాడు, ఒక్కో స్ప్రింట్ 60 మీటర్లు కాబట్టి:
$3 \times 60 = 180$ మీటర్లు.

**దశ 2: జేమ్స్ ఒక వారంలో పరిగెత్తే మొత్తం దూరాన్ని కనుగొనాలి.**
అతడు వారంలో 3 రోజులు ఇలా పరిగెత్తాడు కాబట్టి:
$180 \times 3 = 540$ మీటర్లు.

**ముగింపు:**
జేమ్స్ ఒక వారంలో మొత్తం **540 మీటర్లు** పరిగెత్తాడు.",Qwen3.5-27B,1.0,True,"The candidate correctly interpreted the problem: 3 sprints per session, 3 sessions per week, and 60 meters per sprint. The calculation steps are accurate: first calculating the daily distance (3 * 60 = 180 meters) and then the weekly distance (180 * 3 = 540 meters). The final answer of 540 meters is mathematically correct.","{
  ""score"": 1.0,
  ""correct"": true,
  ""reason"": ""The candidate correctly interpreted the problem: 3 sprints per session, 3 sessions per week, and 60 meters per sprint. The calculation steps are accurate: first calculating the daily distance (3 * 60 = 180 meters) and then the weekly distance (180 * 3 = 540 meters). The final answer of 540 meters is mathematically correct.""
}","The user wants me to evaluate a mathematical solution provided in Telugu.

**Question Analysis:**
The question asks: ""James decided to run 3 sprints 3 times a week. He ran 60 meters in each sprint. How many meters did he run in a week?""
Wait, let me translate the Telugu text carefully.
""జేమ్ప్ వారంలో 3 సార్లు 3 స్ప్రింట్స్ పరిగెత్తాలని నిర్ణయించుకున్నాడు.""
- ""James decided to run 3 sprints 3 times a week.""
- ""వారంలో 3 సార్లు"" = 3 times a week.
- ""3 స్ప్రింట్స్"" = 3 sprints.
So, 3 sessions per week, and in each session, he runs 3 sprints.
""అతడు ప్రతి స్ప్రింట్‌లో 60 మీటర్లు పరిగెత్తాడు.""
- ""He ran 60 meters in each sprint.""
""అతడు ఒక వారంలో ఎన్ని మీటర్లు పరిగెత్తాడు?""
- ""How many meters did he run in a week?""

**Calculation:**
1. Sprints per session = 3
2. Sessions per week = 3
3. Distance per sprint = 60 meters

Total sprints per week = Sprints per session * Sessions per week = 3 * 3 = 9 sprints.
Total distance = Total sprints * Distance per sprint = 9 * 60 = 540 meters.

Alternatively:
Distance per session = 3 sprints * 60 meters/sprint = 180 meters.
Total distance per week = 3 sessions * 180 meters/session = 540 meters.

**Candidate Solution Analysis:**
The candidate solution is in Telugu.
**ఇచ్చిన వివరాలు (Given details):**
*   ఒక రోజులో పరిగెత్తే స్ప్రింట్ల సంఖ్య = 3 (Number of sprints run in one day = 3) -> Matches ""3 sprints"".
*   ఒక స్ప్రింట్ దూరం = 60 మీ"
Gemma-4-31B,4,P4,జేమ్ప్ వారంలో 3 సార్లు 3 స్ప్రింట్స్ పరిగెత్తాలని నిర్ణయించుకున్నాడు. అతడు ప్రతి స్ప్రింట్‌లో 60 మీటర్లు పరిగెత్తాడు. అతడు ఒక వారంలో ఎన్ని మీటర్లు పరిగెత్తాడు?,"Find the solution to the following problem. Explain your reasoning and calculations before giving the final answer.

Problem:
జేమ్ప్ వారంలో 3 సార్లు 3 స్ప్రింట్స్ పరిగెత్తాలని నిర్ణయించుకున్నాడు. అతడు ప్రతి స్ప్రింట్‌లో 60 మీటర్లు పరిగెత్తాడు. అతడు ఒక వారంలో ఎన్ని మీటర్లు పరిగెత్తాడు?","*   Person: James (జేమ్ప్ - though spelled ""James"" as ""జేమ్స్"" usually, the prompt says ""జేమ్ప్"").
    *   Frequency: 3 times a week (వారంలో 3 సార్లు).
    *   Quantity per session: 3 sprints (3 స్ప్రింట్స్).
    *   Distance per sprint: 60 meters (ప్రతి స్ప్రింట్‌లో 60 మీటర్లు).
    *   Goal: Total distance run in one week (అతడు ఒక వారంలో ఎన్ని మీటర్లు పరిగెత్తాడు?).

    *   Step 1: Calculate distance run in one session (3 sprints * 60 meters/sprint).
    *   Step 2: Calculate total distance run in a week (Distance per session * 3 sessions/week).

    *   *Step 1:*
        3 sprints $\times$ 60 meters = 180 meters.
    *   *Step 2:*
        180 meters $\times$ 3 times/week = 540 meters.

    *   *Reasoning:*
        *   జేమ్ప్ ఒక సారి పరిగెత్తినప్పుడు 3 స్ప్రింట్లు వేస్తాడు. (James does 3 sprints each time he runs).
        *   ఒక స్ప్రింట్ దూరం 60 మీటర్లు. (One sprint distance is 60 meters).
        *   కాబట్టి, ఒక సారి పరిగెత్తినప్పుడు మొత్తం దూరం: $3 \times 60 = 180$ మీటర్లు. (So, distance per session: 180 meters).
        *   అతడు వారంలో 3 సార్లు ఇలా పరిగెత్తాడు. (He did this 3 times a week).
        *   కాబట్టి, వారానికి మొత్తం దూరం: $180 \times 3 = 540$ మీటర్లు. (So, total weekly distance: 540 meters).

    *   Present the calculation clearly.
    *   State the final answer.","ఈ సమస్యను పరిష్కరించే విధానం ఇక్కడ ఉంది:

**ఇచ్చిన వివరాలు:**
* వారంలో పరిగెత్తే సార్లు = 3
* ఒక్కోసారి పరిగెత్తే స్ప్రింట్ల సంఖ్య = 3
* ఒక్కో స్ప్రింట్ దూరం = 60 మీటర్లు

**లెక్కించే విధానం:**

1. **ఒక రోజులో (ఒక సారి పరిగెత్తినప్పుడు) పరిగెత్తిన మొత్తం దూరం:**
   జేమ్ప్ ఒక సారి పరిగెత్తినప్పుడు 3 స్ప్రింట్లు వేస్తాడు. ఒక్కో స్ప్రింట్ 60 మీటర్లు కాబట్టి:
   $3 \text{ స్ప్రింట్లు} \times 60 \text{ మీటర్లు} = 180 \text{ మీటర్లు}$

2. **వారంలో పరిగెత్తిన మొత్తం దూరం:**
   అతడు వారంలో ఇలా 3 సార్లు పరిగెత్తాడు. కాబట్టి:
   $180 \text{ మీటర్లు} \times 3 \text{ సార్లు} = 540 \text{ మీటర్లు}$

**ముగింపు:**
జేమ్ప్ ఒక వారంలో మొత్తం **540 మీటర్లు** పరిగెత్తాడు.

**జవాబు: 540 మీటర్లు**",Qwen3.5-27B,1.0,True,"The candidate solution correctly identifies the given values (3 times a week, 3 sprints per time, 60 meters per sprint). It correctly calculates the distance per session (3 * 60 = 180 meters) and then the total weekly distance (180 * 3 = 540 meters). The arithmetic and logical steps are mathematically valid.","{
  ""score"": 1.0,
  ""correct"": true,
  ""reason"": ""The candidate solution correctly identifies the given values (3 times a week, 3 sprints per time, 60 meters per sprint). It correctly calculates the distance per session (3 * 60 = 180 meters) and then the total weekly distance (180 * 3 = 540 meters). The arithmetic and logical steps are mathematically valid.""
}","The user wants me to evaluate a mathematical solution provided in Telugu.

**1. Analyze the Question:**
*   **Question:** James decided to run 3 sprints 3 times a week. He ran 60 meters in each sprint. How many meters did he run in a week?
*   **Given:**
    *   Frequency per week: 3 times
    *   Sprints per session: 3 sprints
    *   Distance per sprint: 60 meters
*   **Goal:** Calculate total distance run in a week.

**2. Solve Independently:**
*   Distance per session = (Number of sprints per session) * (Distance per sprint)
    *   $3 \times 60 = 180$ meters.
*   Total distance per week = (Distance per session) * (Number of sessions per week)
    *   $180 \times 3 = 540$ meters.
*   Alternatively: Total sprints per week = $3 \text{ sessions} \times 3 \text{ sprints/session} = 9 \text{ sprints}$.
    *   Total distance = $9 \text{ sprints} \times 60 \text{ meters/sprint} = 540$ meters.
*   **Correct Answer:** 540 meters.

**3. Evaluate the Candidate Solution:**
*   **Given Data:**
    *   Times per week = 3 (Correct)
    *   Sprints per time = 3 (Correct)
    *   Distance per sprint = 60 meters (Correct)
*   **Step 1:** Calculate distance per session.
    *   $3 \text{ sprints} \times 60 \text{ meters} = 180 \text{ meters}$. (Correct calculation)
*   **Step 2:** Calculate total distance per week.
    *   $180 \text{ meters} \times 3 \text{ times} = 540 \text{ meters}$. (Correct calculation)
*   **Conclusion:** 540 meters. (Correct)
*   **Language:** Telugu. The mathematical logic holds regardless of language.
*   **Reasoning:** The logic is sound. It"
Gemma-4-31B,4,P5,జేమ్ప్ వారంలో 3 సార్లు 3 స్ప్రింట్స్ పరిగెత్తాలని నిర్ణయించుకున్నాడు. అతడు ప్రతి స్ప్రింట్‌లో 60 మీటర్లు పరిగెత్తాడు. అతడు ఒక వారంలో ఎన్ని మీటర్లు పరిగెత్తాడు?,"Carefully solve the following mathematical problem. Provide a step-by-step solution and conclude with the final answer.

Problem:
జేమ్ప్ వారంలో 3 సార్లు 3 స్ప్రింట్స్ పరిగెత్తాలని నిర్ణయించుకున్నాడు. అతడు ప్రతి స్ప్రింట్‌లో 60 మీటర్లు పరిగెత్తాడు. అతడు ఒక వారంలో ఎన్ని మీటర్లు పరిగెత్తాడు?","*   The problem is in Telugu.
    *   Person: James (జేమ్ప్).
    *   Frequency: 3 times a week (వారంలో 3 సార్లు).
    *   Activity per session: 3 sprints (3 స్ప్రింట్స్).
    *   Distance per sprint: 60 meters (ప్రతి స్ప్రింట్‌లో 60 మీటర్లు).
    *   Goal: Total distance run in a week (అతడు ఒక వారంలో ఎన్ని మీటర్లు పరిగెత్తాడు?).

    *   Sprints per session = 3
    *   Distance per sprint = 60 meters
    *   Sessions per week = 3

    *   Step 1: Calculate the total distance run in *one* session.
        Total distance per session = (Number of sprints) × (Distance per sprint)
        Total distance per session = 3 × 60

    *   Step 2: Calculate the total distance run in a *week*.
        Total distance per week = (Total distance per session) × (Sessions per week)
        Total distance per week = (3 × 60) × 3

    *   Step 1: 3 × 60 = 180 meters.
    *   Step 2: 180 × 3 = 540 meters.

    *   Start with the given values:
        *   ఒక సారి పరిగెత్తిన స్ప్రింట్ల సంఖ్య = 3 (Number of sprints per session)
        *   ఒక స్ప్రింట్ దూరం = 60 మీటర్లు (Distance of one sprint)
        *   వారానికి పరిగెత్తిన సార్లు = 3 (Number of sessions per week)

    *   Calculation:
        *   ఒక సారి పరిగెత్తిన మొత్తం దూరం = 3 × 60 = 180 మీటర్లు.
        *   వారానికి పరిగెత్తిన మొత్తం దూరం = 180 × 3 = 540 మీటర్లు.

    *   Did James run 3 times a week? Yes.
    *   Did he run 3 sprints each time? Yes.
    *   Was each sprint 60 meters? Yes.
    *   Calculations: 3 * 3 * 60 = 9 * 60 = 540. Correct.","ఈ సమస్యను దశలవారీగా పరిష్కరిద్దాం:

**ఇచ్చిన వివరాలు:**
*   జేమ్ప్ వారంలో పరిగెత్తే సార్లు = 3
*   ఒక సారి పరిగెత్తినప్పుడు చేసే స్ప్రింట్ల సంఖ్య = 3
*   ఒక స్ప్రింట్ దూరం = 60 మీటర్లు

**దశలవారీ పరిష్కారం:**

1.  **ముందుగా, జేమ్ప్ ఒక సారి పరిగెత్తినప్పుడు మొత్తం ఎంత దూరం పరిగెత్తాడో లెక్కించాలి:**
    ఒక సారి పరిగెత్తిన దూరం = స్ప్రింట్ల సంఖ్య $\times$ ఒక స్ప్రింట్ దూరం
    $= 3 \times 60$ మీటర్లు
    $= 180$ మీటర్లు

2.  **ఇప్పుడు, అతడు వారంలో మొత్తం ఎన్ని మీటర్లు పరిగెత్తాడో లెక్కించాలి:**
    వారానికి మొత్తం దూరం = ఒక సారి పరిగెత్తిన దూరం $\times$ వారంలో పరిగెత్తే సార్లు
    $= 180 \times 3$ మీటర్లు
    $= 540$ మీటర్లు

**ముగింపు:**
జేమ్ప్ ఒక వారంలో మొత్తం **540 మీటర్లు** పరిగెత్తాడు.

**జవాబు:** 540 మీటర్లు.",Qwen3.5-27B,1.0,True,"The candidate solution correctly identifies the given values (3 times a week, 3 sprints per time, 60 meters per sprint). It correctly calculates the distance per session (3 * 60 = 180 meters) and then multiplies by the number of sessions per week (180 * 3 = 540 meters). The logic and arithmetic are mathematically valid.","{
  ""score"": 1.0,
  ""correct"": true,
  ""reason"": ""The candidate solution correctly identifies the given values (3 times a week, 3 sprints per time, 60 meters per sprint). It correctly calculates the distance per session (3 * 60 = 180 meters) and then multiplies by the number of sessions per week (180 * 3 = 540 meters). The logic and arithmetic are mathematically valid.""
}","The user wants me to evaluate a mathematical solution provided in Telugu.

**1. Analyze the Question:**
*   **Question:** జేమ్ప్ వారంలో 3 సార్లు 3 స్ప్రింట్స్ పరిగెత్తాలని నిర్ణయించుకున్నాడు. అతడు ప్రతి స్ప్రింట్‌లో 60 మీటర్లు పరిగెత్తాడు. అతడు ఒక వారంలో ఎన్ని మీటర్లు పరిగెత్తాడు?
*   **Translation:** James decided to run 3 sprints 3 times a week. He ran 60 meters in each sprint. How many meters did he run in a week?
*   **Key Data:**
    *   Frequency per week: 3 times
    *   Sprints per session: 3 sprints
    *   Distance per sprint: 60 meters
*   **Goal:** Calculate total distance per week.

**2. Solve Independently:**
*   Total sprints per week = (Times per week) $\times$ (Sprints per time)
    *   $3 \times 3 = 9$ sprints per week.
*   Total distance per week = (Total sprints per week) $\times$ (Distance per sprint)
    *   $9 \times 60 = 540$ meters.
*   Alternatively:
    *   Distance per session = $3 \text{ sprints} \times 60 \text{ meters/sprint} = 180$ meters.
    *   Total distance per week = $180 \text{ meters/session} \times 3 \text{ sessions/week} = 540$ meters.

**3. Evaluate the Candidate Solution:**
*   **Given Data:**
    *   Times per week = 3 (Correct)
    *   Sprints per time = 3 (Correct)
    *   Distance per sprint = 60 meters (Correct)
*   **Step 1:** Calculate distance per session.
    *   $3 \times 60 = 180$ meters. (Correct calculation)
*   **Step 2:** Calculate total distance per week.
    *   $1"
Gemma-4-31B,5,P1,"ప్రతిరోజూ, విండీ తన కోళ్లు ఆరోగ్యవంతంగా ఉండేందుకు సాయపడటానికి గింజలు, మీల్‌వార్మ్‌లు మరియు కూరగాయలు ఉండే మిక్సిడ్ చికెన్ ఫీడ్ యొక్క మూడు కప్పులను తన ప్రతి కోడికి పెడుతుంది. ఆమె కోళ్లకు మూడుసార్లు విడి మేతగా ఈ ఫీడ్‌ని ఇస్తుంది. ఉదయం పూట, ఆమె తన కోళ్ల మందకు 15 కప్పుల ఫీడ్‌ని ఇస్తుంది. మధ్యాహ్నం ఆమె తన కోళ్లకు మరో 25 కప్పుల ఫీడ్‌ని ఇస్తుంది. విండీ మందలో 20 కోళ్లు ఉన్నట్లయితే రోజులో చివరి మేతలో ఆమె కోళ్లకు ఎన్ని కప్పుల ఫీడ్‌ని ఇవ్వాల్సి ఉంటుంది?","Solve the following math problem step by step. Show your reasoning clearly and provide the final answer.

Problem:
ప్రతిరోజూ, విండీ తన కోళ్లు ఆరోగ్యవంతంగా ఉండేందుకు సాయపడటానికి గింజలు, మీల్‌వార్మ్‌లు మరియు కూరగాయలు ఉండే మిక్సిడ్ చికెన్ ఫీడ్ యొక్క మూడు కప్పులను తన ప్రతి కోడికి పెడుతుంది. ఆమె కోళ్లకు మూడుసార్లు విడి మేతగా ఈ ఫీడ్‌ని ఇస్తుంది. ఉదయం పూట, ఆమె తన కోళ్ల మందకు 15 కప్పుల ఫీడ్‌ని ఇస్తుంది. మధ్యాహ్నం ఆమె తన కోళ్లకు మరో 25 కప్పుల ఫీడ్‌ని ఇస్తుంది. విండీ మందలో 20 కోళ్లు ఉన్నట్లయితే రోజులో చివరి మేతలో ఆమె కోళ్లకు ఎన్ని కప్పుల ఫీడ్‌ని ఇవ్వాల్సి ఉంటుంది?","*   Windy gives each chicken 3 cups of mixed chicken feed per day.
    *   The feed is given in three separate meals (morning, afternoon, and evening/final meal).
    *   Number of chickens in the flock = 20.
    *   Morning feed given = 15 cups.
    *   Afternoon feed given = 25 cups.
    *   Goal: Find the amount of feed given in the final meal of the day.

    *   Total cups per chicken per day = 3 cups.
    *   Total number of chickens = 20.
    *   Total cups for the whole flock per day = $20 \text{ chickens} \times 3 \text{ cups/chicken} = 60 \text{ cups}$.

    *   Morning feed = 15 cups.
    *   Afternoon feed = 25 cups.
    *   Total feed given so far = $15 + 25 = 40 \text{ cups}$.

    *   Total daily requirement = 60 cups.
    *   Amount already given = 40 cups.
    *   Amount remaining for the final meal = $60 - 40 = 20 \text{ cups}$.

    *   Does it make sense? $15 + 25 + 20 = 60$. $60 / 20 = 3$. Yes.","ఈ సమస్యను దశలవారీగా పరిష్కరిద్దాం:

**దశ 1: రోజుకు మొత్తం ఎన్ని కప్పుల ఫీడ్ అవసరమో లెక్కించడం.**
విండీ వద్ద 20 కోళ్లు ఉన్నాయి మరియు ప్రతి కోడికి రోజుకు 3 కప్పుల ఫీడ్ ఇస్తుంది.
కాబట్టి, మొత్తం ఫీడ్ = కోళ్లకు సంఖ్య $\times$ ఒక్కో కోడికి ఇచ్చే కప్పులు
$\text{మొత్తం ఫీడ్} = 20 \times 3 = 60 \text{ కప్పులు}$.

**దశ 2: రోజులో ఇప్పటివరకు ఇచ్చిన ఫీడ్ మొత్తాన్ని లెక్కించడం.**
విండీ ఉదయం మరియు మధ్యాహ్నం కలిపి ఇచ్చిన ఫీడ్:
ఉదయం ఇచ్చిన ఫీడ్ = 15 కప్పులు
మధ్యాహ్నం ఇచ్చిన ఫీడ్ = 25 కప్పులు
$\text{మొత్తం ఇచ్చిన ఫీడ్} = 15 + 25 = 40 \text{ కప్పులు}$.

**దశ 3: చివరి మేతలో ఇవ్వాల్సిన ఫీడ్ మొత్తాన్ని లెక్కించడం.**
రోజువారీ మొత్తం అవసరమైన ఫీడ్ నుండి, ఇప్పటివరకు ఇచ్చిన ఫీడ్‌ను తీసివేస్తే చివరి మేతలో ఇవ్వాల్సినది వస్తుంది.
$\text{చివరి మేత ఫీడ్} = \text{మొత్తం ఫీడ్} - \text{ఇప్పటివరకు ఇచ్చిన ఫీడ్}$
$\text{చివరి మేత ఫీడ్} = 60 - 40 = 20 \text{ కప్పులు}$.

**ముగింపు:**
విండీ తన కోళ్లకు రోజులో చివరి మేతలో **20 కప్పుల** ఫీడ్‌ని ఇవ్వాల్సి ఉంటుంది.

**జవాబు: 20 కప్పులు**",Qwen3.5-27B,1.0,True,"The candidate solution correctly calculates the total daily feed requirement (20 chickens * 3 cups = 60 cups), sums the feed already given (15 + 25 = 40 cups), and subtracts the given amount from the total requirement to find the remaining amount for the last meal (60 - 40 = 20 cups). The logic and arithmetic are mathematically valid.","{
  ""score"": 1.0,
  ""correct"": true,
  ""reason"": ""The candidate solution correctly calculates the total daily feed requirement (20 chickens * 3 cups = 60 cups), sums the feed already given (15 + 25 = 40 cups), and subtracts the given amount from the total requirement to find the remaining amount for the last meal (60 - 40 = 20 cups). The logic and arithmetic are mathematically valid.""
}","The user wants me to evaluate a mathematical solution provided in Telugu.

**1. Analyze the Question:**
*   **Context:** Windy feeds her chickens.
*   **Daily Requirement per Chicken:** 3 cups of mixed feed.
*   **Feeding Frequency:** 3 times a day (Morning, Afternoon, Evening/Last meal).
*   **Morning Feed:** 15 cups total for the flock.
*   **Afternoon Feed:** 25 cups total for the flock.
*   **Number of Chickens:** 20 chickens.
*   **Question:** How many cups of feed should she give in the last meal of the day?

**2. Solve the Problem Independently:**
*   **Total Daily Requirement:**
    *   Number of chickens = 20
    *   Feed per chicken per day = 3 cups
    *   Total feed needed per day = $20 \times 3 = 60$ cups.
*   **Feed Already Given:**
    *   Morning = 15 cups
    *   Afternoon = 25 cups
    *   Total given so far = $15 + 25 = 40$ cups.
*   **Feed Needed for Last Meal:**
    *   Total needed - Total given = $60 - 40 = 20$ cups.

**3. Evaluate the Candidate Solution:**
*   **Step 1:** Calculates total daily feed needed.
    *   $20 \text{ chickens} \times 3 \text{ cups/chicken} = 60 \text{ cups}$.
    *   This matches my calculation.
*   **Step 2:** Calculates feed already given.
    *   Morning (15) + Afternoon (25) = 40 cups.
    *   This matches my calculation.
*   **Step 3:** Calculates remaining feed for the last meal.
    *   Total needed (60) - Given (40) = 20 cups.
    *   This matches my calculation.
*   **Conclusion:** The answer is 20 cups.
*   **Language:** The solution is in Telugu, matching the question language. The mathematical reasoning is sound.

**4. Check for Errors:**
"
Gemma-4-31B,5,P2,"ప్రతిరోజూ, విండీ తన కోళ్లు ఆరోగ్యవంతంగా ఉండేందుకు సాయపడటానికి గింజలు, మీల్‌వార్మ్‌లు మరియు కూరగాయలు ఉండే మిక్సిడ్ చికెన్ ఫీడ్ యొక్క మూడు కప్పులను తన ప్రతి కోడికి పెడుతుంది. ఆమె కోళ్లకు మూడుసార్లు విడి మేతగా ఈ ఫీడ్‌ని ఇస్తుంది. ఉదయం పూట, ఆమె తన కోళ్ల మందకు 15 కప్పుల ఫీడ్‌ని ఇస్తుంది. మధ్యాహ్నం ఆమె తన కోళ్లకు మరో 25 కప్పుల ఫీడ్‌ని ఇస్తుంది. విండీ మందలో 20 కోళ్లు ఉన్నట్లయితే రోజులో చివరి మేతలో ఆమె కోళ్లకు ఎన్ని కప్పుల ఫీడ్‌ని ఇవ్వాల్సి ఉంటుంది?","Please solve the following math problem carefully. Explain your solution step by step and clearly state the final answer.

Problem:
ప్రతిరోజూ, విండీ తన కోళ్లు ఆరోగ్యవంతంగా ఉండేందుకు సాయపడటానికి గింజలు, మీల్‌వార్మ్‌లు మరియు కూరగాయలు ఉండే మిక్సిడ్ చికెన్ ఫీడ్ యొక్క మూడు కప్పులను తన ప్రతి కోడికి పెడుతుంది. ఆమె కోళ్లకు మూడుసార్లు విడి మేతగా ఈ ఫీడ్‌ని ఇస్తుంది. ఉదయం పూట, ఆమె తన కోళ్ల మందకు 15 కప్పుల ఫీడ్‌ని ఇస్తుంది. మధ్యాహ్నం ఆమె తన కోళ్లకు మరో 25 కప్పుల ఫీడ్‌ని ఇస్తుంది. విండీ మందలో 20 కోళ్లు ఉన్నట్లయితే రోజులో చివరి మేతలో ఆమె కోళ్లకు ఎన్ని కప్పుల ఫీడ్‌ని ఇవ్వాల్సి ఉంటుంది?","*   Each chicken gets 3 cups of mixed feed per day.
    *   The feed is given in 3 separate meals.
    *   There are 20 chickens in the flock.
    *   Morning meal: 15 cups given.
    *   Afternoon meal: 25 cups given.
    *   Question: How many cups of feed should be given in the final (evening) meal?

    *   Number of chickens = 20
    *   Cups per chicken per day = 3
    *   Total cups needed for all chickens for the whole day = $20 \text{ chickens} \times 3 \text{ cups/chicken} = 60 \text{ cups}$.

    *   Morning feed = 15 cups
    *   Afternoon feed = 25 cups
    *   Total feed given so far = $15 + 25 = 40 \text{ cups}$.

    *   Total needed for the day = 60 cups
    *   Total already given = 40 cups
    *   Amount remaining for the final meal = $60 - 40 = 20 \text{ cups}$.

    *   Total daily feed: $20 \times 3 = 60$.
    *   Sum of meals: $15 + 25 + 20 = 60$.
    *   The calculation is correct.

    *   Step 1: Find the total amount of feed needed for all 20 chickens for the whole day.
    *   Step 2: Find the total amount of feed already given in the morning and afternoon.
    *   Step 3: Subtract the amount already given from the total needed to find the remaining amount for the last meal.","ఈ సమస్యను దశలవారీగా పరిష్కరిద్దాం:

**దశ 1: రోజుకు మొత్తం ఎన్ని కప్పుల ఫీడ్ అవసరమో లెక్కించడం.**
ప్రతి కోడికి రోజుకు 3 కప్పుల ఫీడ్ ఇవ్వాలి. విండీ దగ్గర మొత్తం 20 కోళ్లు ఉన్నాయి.
కాబట్టి, మొత్తం అవసరమైన ఫీడ్ = $20 \text{ కోళ్లు} \times 3 \text{ కప్పులు} = 60 \text{ కప్పులు}$.

**దశ 2: ఉదయం మరియు మధ్యాహ్నం ఇప్పటికే ఇచ్చిన ఫీడ్ మొత్తాన్ని లెక్కించడం.**
ఉదయం ఇచ్చిన ఫీడ్ = 15 కప్పులు
మధ్యాహ్నం ఇచ్చిన ఫీడ్ = 25 కప్పులు
మొత్తం ఇచ్చిన ఫీడ్ = $15 + 25 = 40 \text{ కప్పులు}$.

**దశ 3: చివరి మేతలో ఇవ్వాల్సిన ఫీడ్ మొత్తాన్ని లెక్కించడం.**
రోజుకు కావాల్సిన మొత్తం ఫీడ్ నుండి ఇప్పటికే ఇచ్చిన ఫీడ్‌ను తీసివేస్తే, చివరి మేతలో ఇవ్వాల్సిన ఫీడ్ తెలుస్తుంది.
చివరి మేత = $\text{మొత్తం ఫీడ్} - \text{ఇప్పటివరకు ఇచ్చిన ఫీడ్}$
చివరి మేత = $60 - 40 = 20 \text{ కప్పులు}$.

**ముగింపు:**
విండీ తన కోళ్లకు రోజులో చివరి మేతలో **20 కప్పుల** ఫీడ్‌ని ఇవ్వాల్సి ఉంటుంది.

**జవాబు: 20 కప్పులు**",Qwen3.5-27B,1.0,True,"The candidate solution correctly calculates the total daily feed requirement (20 chickens * 3 cups = 60 cups), sums the feed already given (15 + 25 = 40 cups), and subtracts this from the total to find the remaining amount for the last meal (60 - 40 = 20 cups). The reasoning is logical, the arithmetic is accurate, and the final answer is correct.","{
  ""score"": 1.0,
  ""correct"": true,
  ""reason"": ""The candidate solution correctly calculates the total daily feed requirement (20 chickens * 3 cups = 60 cups), sums the feed already given (15 + 25 = 40 cups), and subtracts this from the total to find the remaining amount for the last meal (60 - 40 = 20 cups). The reasoning is logical, the arithmetic is accurate, and the final answer is correct.""
}","The user wants me to evaluate a mathematical solution provided in Telugu.

**1. Analyze the Question:**
*   **Context:** Windy feeds her chickens.
*   **Requirement per chicken:** 3 cups of mixed chicken feed per day.
*   **Feeding frequency:** 3 times a day (morning, noon, evening/last meal).
*   **Morning feed:** 15 cups total for the flock.
*   **Noon feed:** 25 cups total for the flock.
*   **Number of chickens:** 20.
*   **Question:** How many cups of feed should she give in the last meal of the day?

**2. Solve the Problem Independently:**
*   **Total daily requirement:**
    *   Number of chickens = 20
    *   Feed per chicken per day = 3 cups
    *   Total feed needed per day = $20 \times 3 = 60$ cups.
*   **Feed already given:**
    *   Morning = 15 cups
    *   Noon = 25 cups
    *   Total given so far = $15 + 25 = 40$ cups.
*   **Feed needed for the last meal:**
    *   Total needed - Total given = $60 - 40 = 20$ cups.

**3. Evaluate the Candidate Solution:**
*   **Step 1:** Calculates total daily feed needed.
    *   $20 \text{ chickens} \times 3 \text{ cups} = 60 \text{ cups}$.
    *   This is correct.
*   **Step 2:** Calculates feed already given.
    *   Morning (15) + Noon (25) = 40 cups.
    *   This is correct.
*   **Step 3:** Calculates remaining feed for the last meal.
    *   Total (60) - Given (40) = 20 cups.
    *   This is correct.
*   **Conclusion:** States the answer is 20 cups.
    *   This matches my independent calculation.

**4. Check for Logical Errors:**
*   The problem states she feeds them 3 times a day. The calculation assumes the total"
Gemma-4-31B,5,P3,"ప్రతిరోజూ, విండీ తన కోళ్లు ఆరోగ్యవంతంగా ఉండేందుకు సాయపడటానికి గింజలు, మీల్‌వార్మ్‌లు మరియు కూరగాయలు ఉండే మిక్సిడ్ చికెన్ ఫీడ్ యొక్క మూడు కప్పులను తన ప్రతి కోడికి పెడుతుంది. ఆమె కోళ్లకు మూడుసార్లు విడి మేతగా ఈ ఫీడ్‌ని ఇస్తుంది. ఉదయం పూట, ఆమె తన కోళ్ల మందకు 15 కప్పుల ఫీడ్‌ని ఇస్తుంది. మధ్యాహ్నం ఆమె తన కోళ్లకు మరో 25 కప్పుల ఫీడ్‌ని ఇస్తుంది. విండీ మందలో 20 కోళ్లు ఉన్నట్లయితే రోజులో చివరి మేతలో ఆమె కోళ్లకు ఎన్ని కప్పుల ఫీడ్‌ని ఇవ్వాల్సి ఉంటుంది?","Work through the following math problem step by step. Show how you arrive at the answer and give the final result.

Problem:
ప్రతిరోజూ, విండీ తన కోళ్లు ఆరోగ్యవంతంగా ఉండేందుకు సాయపడటానికి గింజలు, మీల్‌వార్మ్‌లు మరియు కూరగాయలు ఉండే మిక్సిడ్ చికెన్ ఫీడ్ యొక్క మూడు కప్పులను తన ప్రతి కోడికి పెడుతుంది. ఆమె కోళ్లకు మూడుసార్లు విడి మేతగా ఈ ఫీడ్‌ని ఇస్తుంది. ఉదయం పూట, ఆమె తన కోళ్ల మందకు 15 కప్పుల ఫీడ్‌ని ఇస్తుంది. మధ్యాహ్నం ఆమె తన కోళ్లకు మరో 25 కప్పుల ఫీడ్‌ని ఇస్తుంది. విండీ మందలో 20 కోళ్లు ఉన్నట్లయితే రోజులో చివరి మేతలో ఆమె కోళ్లకు ఎన్ని కప్పుల ఫీడ్‌ని ఇవ్వాల్సి ఉంటుంది?","*   Windy feeds her chickens a mixed feed (grains, mealworms, vegetables).
    *   Each chicken gets 3 cups of feed per day.
    *   The feed is given in three separate feedings (morning, afternoon, and evening/last).
    *   Total number of chickens = 20.
    *   Morning feed = 15 cups.
    *   Afternoon feed = 25 cups.
    *   Goal: Find how many cups of feed are given in the last (third) feeding.

    *   Daily feed per chicken = 3 cups.
    *   Total chickens = 20.
    *   Total daily feed = (Feed per chicken) × (Number of chickens)
    *   Total daily feed = 3 cups/chicken × 20 chickens = 60 cups.

    *   Morning feed = 15 cups.
    *   Afternoon feed = 25 cups.
    *   Total feed given so far = Morning + Afternoon
    *   Total feed given so far = 15 + 25 = 40 cups.

    *   Last feed = Total daily feed - (Morning + Afternoon feed)
    *   Last feed = 60 cups - 40 cups = 20 cups.

    *   Step 1: Total feed needed for 20 chickens = 20 * 3 = 60 cups.
    *   Step 2: Feed already given = 15 (morning) + 25 (afternoon) = 40 cups.
    *   Step 3: Remaining feed = 60 - 40 = 20 cups.

    *   Total feed per chicken per day: ప్రతి కోడికి రోజుకు 3 కప్పులు.
    *   Number of chickens: మొత్తం కోళ్లు 20.
    *   Total feed for all chickens per day: మొత్తం రోజుకు కావలసిన ఫీడ్ = 20 * 3 = 60 కప్పులు.
    *   Feed given in morning: ఉదయం ఇచ్చిన ఫీడ్ = 15 కప్పులు.
    *   Feed given in afternoon: మధ్యాహ్నం ఇచ్చిన ఫీడ్ = 25 కప్పులు.
    *   Total feed given so far: ఇప్పటివరకు ఇచ్చిన మొత్తం ఫీడ్ = 15 + 25 = 40 కప్పులు.
    *   Feed for the last meal: చివరి మేతలో ఇవ్వాల్సిన ఫీడ్ = 60 - 40 = 20 కప్పులు.","ఈ సమస్యను దశలవారీగా పరిష్కరిద్దాం:

**దశ 1: రోజుకు మొత్తం ఎన్ని కప్పుల ఫీడ్ అవసరమో లెక్కించడం.**
ప్రతి కోడికి రోజుకు 3 కప్పుల ఫీడ్ అవసరం. విండీ దగ్గర మొత్తం 20 కోళ్లు ఉన్నాయి.
కాబట్టి, మొత్తం ఫీడ్ = 20 కోళ్లు × 3 కప్పులు = **60 కప్పులు**.

**దశ 2: ఉదయం మరియు మధ్యాహ్నం కలిపి ఎంత ఫీడ్ ఇచ్చిందో లెక్కించడం.**
*   ఉదయం ఇచ్చిన ఫీడ్ = 15 కప్పులు
*   మధ్యాహ్నం ఇచ్చిన ఫీడ్ = 25 కప్పులు
మొత్తం ఇచ్చిన ఫీడ్ = 15 + 25 = **40 కప్పులు**.

**దశ 3: చివరి మేతలో ఇవ్వాల్సిన ఫీడ్量を లెక్కించడం.**
రోజుకు కావలసిన మొత్తం ఫీడ్ నుండి, ఇప్పటివరకు ఇచ్చిన ఫీడ్‌ను తీసివేస్తే చివరి మేతలో ఇవ్వాల్సిన ఫీడ్ తెలుస్తుంది.
చివరి మేత ఫీడ్ = మొత్తం ఫీడ్ - (ఉదయం + మధ్యాహ్నం ఫీడ్)
చివరి మేత ఫీడ్ = 60 కప్పులు - 40 కప్పులు = **20 కప్పులు**.

**సమాధానం:**
విండీ రోజులో చివరి మేతలో తన కోళ్లకు **20 కప్పుల** ఫీడ్‌ని ఇవ్వాల్సి ఉంటుంది.",Qwen3.5-27B,1.0,True,"The candidate solution correctly calculates the total daily feed requirement (20 chickens * 3 cups = 60 cups), sums the feed already given (15 + 25 = 40 cups), and subtracts this from the total to find the remaining amount for the last meal (60 - 40 = 20 cups). The reasoning is sound and the final answer is mathematically accurate.","{
  ""score"": 1.0,
  ""correct"": true,
  ""reason"": ""The candidate solution correctly calculates the total daily feed requirement (20 chickens * 3 cups = 60 cups), sums the feed already given (15 + 25 = 40 cups), and subtracts this from the total to find the remaining amount for the last meal (60 - 40 = 20 cups). The reasoning is sound and the final answer is mathematically accurate.""
}","The user wants me to evaluate a mathematical solution provided in Telugu.

**1. Analyze the Question:**
*   **Context:** Windy feeds her chickens mixed chicken feed (seeds, mealworms, vegetables).
*   **Requirement per chicken:** 3 cups of feed per day.
*   **Feeding frequency:** 3 times a day (morning, noon, evening/last meal).
*   **Morning feed:** 15 cups total for the flock.
*   **Noon feed:** 25 cups total for the flock.
*   **Number of chickens:** 20 chickens.
*   **Question:** How many cups of feed should she give in the last meal of the day?

**2. Solve the Problem Independently:**
*   **Total daily requirement:**
    *   Number of chickens = 20
    *   Feed per chicken per day = 3 cups
    *   Total feed needed per day = $20 \times 3 = 60$ cups.
*   **Feed already given:**
    *   Morning = 15 cups
    *   Noon = 25 cups
    *   Total given so far = $15 + 25 = 40$ cups.
*   **Feed needed for the last meal:**
    *   Total needed - Total given = $60 - 40 = 20$ cups.

**3. Evaluate the Candidate Solution:**
*   **Step 1:** Calculates total daily feed needed.
    *   $20 \text{ chickens} \times 3 \text{ cups} = 60 \text{ cups}$.
    *   This is correct.
*   **Step 2:** Calculates feed given in morning and noon.
    *   $15 + 25 = 40 \text{ cups}$.
    *   This is correct.
*   **Step 3:** Calculates remaining feed for the last meal.
    *   $60 - 40 = 20 \text{ cups}$.
    *   This is correct.
*   **Final Answer:** 20 cups.
    *   This matches my independent calculation.

**4. Check for Logical Errors:**
*   The logic follows the problem statement"
Gemma-4-31B,5,P4,"ప్రతిరోజూ, విండీ తన కోళ్లు ఆరోగ్యవంతంగా ఉండేందుకు సాయపడటానికి గింజలు, మీల్‌వార్మ్‌లు మరియు కూరగాయలు ఉండే మిక్సిడ్ చికెన్ ఫీడ్ యొక్క మూడు కప్పులను తన ప్రతి కోడికి పెడుతుంది. ఆమె కోళ్లకు మూడుసార్లు విడి మేతగా ఈ ఫీడ్‌ని ఇస్తుంది. ఉదయం పూట, ఆమె తన కోళ్ల మందకు 15 కప్పుల ఫీడ్‌ని ఇస్తుంది. మధ్యాహ్నం ఆమె తన కోళ్లకు మరో 25 కప్పుల ఫీడ్‌ని ఇస్తుంది. విండీ మందలో 20 కోళ్లు ఉన్నట్లయితే రోజులో చివరి మేతలో ఆమె కోళ్లకు ఎన్ని కప్పుల ఫీడ్‌ని ఇవ్వాల్సి ఉంటుంది?","Find the solution to the following problem. Explain your reasoning and calculations before giving the final answer.

Problem:
ప్రతిరోజూ, విండీ తన కోళ్లు ఆరోగ్యవంతంగా ఉండేందుకు సాయపడటానికి గింజలు, మీల్‌వార్మ్‌లు మరియు కూరగాయలు ఉండే మిక్సిడ్ చికెన్ ఫీడ్ యొక్క మూడు కప్పులను తన ప్రతి కోడికి పెడుతుంది. ఆమె కోళ్లకు మూడుసార్లు విడి మేతగా ఈ ఫీడ్‌ని ఇస్తుంది. ఉదయం పూట, ఆమె తన కోళ్ల మందకు 15 కప్పుల ఫీడ్‌ని ఇస్తుంది. మధ్యాహ్నం ఆమె తన కోళ్లకు మరో 25 కప్పుల ఫీడ్‌ని ఇస్తుంది. విండీ మందలో 20 కోళ్లు ఉన్నట్లయితే రోజులో చివరి మేతలో ఆమె కోళ్లకు ఎన్ని కప్పుల ఫీడ్‌ని ఇవ్వాల్సి ఉంటుంది?","*   Windee feeds her chickens a mix of grains, mealworms, and vegetables.
    *   Each chicken gets 3 cups of this feed per day.
    *   The feed is given in three separate meals (morning, noon, and evening).
    *   Total chickens in the flock = 20.
    *   Morning feed = 15 cups.
    *   Noon feed = 25 cups.
    *   Question: How many cups of feed should she give in the final (evening) meal?

    *   Number of chickens = 20.
    *   Cups per chicken per day = 3.
    *   Total cups needed per day = Number of chickens × Cups per chicken per day.
    *   Total cups = 20 × 3 = 60 cups.

    *   Morning = 15 cups.
    *   Noon = 25 cups.
    *   Total so far = 15 + 25 = 40 cups.

    *   Evening feed = Total daily feed - (Morning feed + Noon feed).
    *   Evening feed = 60 - 40 = 20 cups.

    *   Morning: 15
    *   Noon: 25
    *   Evening: 20
    *   Total: 15 + 25 + 20 = 60.
    *   60 cups / 20 chickens = 3 cups per chicken. (Matches the problem statement).

    *   *Step 1: Total daily feed calculation.*
        మొత్తం కోళ్ల సంఖ్య = 20
        ఒక కోడికి రోజుకు కావాల్సిన మేత = 3 కప్పులు
        కాబట్టి, రోజుకు కావాల్సిన మొత్తం మేత = 20 × 3 = 60 కప్పులు.

    *   *Step 2: Total feed given so far.*
        ఉదయం ఇచ్చిన మేత = 15 కప్పులు
        మధ్యాహ్నం ఇచ్చిన మేత = 25 కప్పులు
        ఇప్పటివరకు ఇచ్చిన మొత్తం మేత = 15 + 25 = 40 కప్పులు.

    *   *Step 3: Remaining feed for the last meal.*
        చివరి మేతలో ఇవ్వాల్సిన మేత = మొత్తం మేత - ఇప్పటివరకు ఇచ్చిన మేత
        చివరి మేత = 60 - 40 = 20 కప్పులు.","ఈ సమస్యను పరిష్కరించే విధానం ఇక్కడ ఉంది:

**1. రోజుకు కావాల్సిన మొత్తం మేతను లెక్కించడం:**
విండీ వద్ద మొత్తం 20 కోళ్లు ఉన్నాయి. ప్రతి కోడికి రోజుకు 3 కప్పుల మేత కావాలి.
కాబట్టి, రోజుకు కావాల్సిన మొత్తం మేత = కోళ్ల సంఖ్య $\times$ ఒక్కో కోడికి కావాల్సిన మేత
$\text{మొత్తం మేత} = 20 \times 3 = 60 \text{ కప్పులు}$.

**2. ఇప్పటివరకు ఇచ్చిన మేతను లెక్కించడం:**
విండీ తన కోళ్లకు రోజుకు మూడుసార్లు మేత ఇస్తుంది. ఇప్పటివరకు రెండుసార్లు మేత ఇచ్చింది:
*   ఉదయం పూట ఇచ్చిన మేత = 15 కప్పులు
*   మధ్యాహ్నం పూట ఇచ్చిన మేత = 25 కప్పులు
$\text{ఇప్పటివరకు ఇచ్చిన మొత్తం మేత} = 15 + 25 = 40 \text{ కప్పులు}$.

**3. చివరి మేతలో ఇవ్వాల్సిన మేతను లెక్కించడం:**
రోజు మొత్తానికి కావాల్సిన మేత నుండి, ఇప్పటివరకు ఇచ్చిన మేతను తీసివేస్తే చివరి మేతలో ఇవ్వాల్సిన పరిమాణం వస్తుంది.
$\text{చివరి మేత} = \text{రోజు మొత్తం మేత} - \text{ఇప్పటివరకు ఇచ్చిన మేత}$
$\text{చివరి మేత} = 60 - 40 = 20 \text{ కప్పులు}$.

**సమాధానం:**
విండీ తన కోళ్లకు రోజులో చివరి మేతలో **20 కప్పుల** ఫీడ్‌ని ఇవ్వాల్సి ఉంటుంది.",Qwen3.5-27B,1.0,True,"The candidate solution correctly calculates the total daily feed requirement (20 chickens * 3 cups = 60 cups), sums the feed already given (15 + 25 = 40 cups), and subtracts this from the total to find the remaining amount needed for the last meal (60 - 40 = 20 cups). The reasoning and calculations are mathematically valid.","{
  ""score"": 1.0,
  ""correct"": true,
  ""reason"": ""The candidate solution correctly calculates the total daily feed requirement (20 chickens * 3 cups = 60 cups), sums the feed already given (15 + 25 = 40 cups), and subtracts this from the total to find the remaining amount needed for the last meal (60 - 40 = 20 cups). The reasoning and calculations are mathematically valid.""
}","The user wants me to evaluate a mathematical solution provided in Telugu.

**1. Analyze the Question:**
*   **Context:** Windy feeds her chickens.
*   **Requirement per chicken:** 3 cups of mixed chicken feed per day.
*   **Feeding frequency:** 3 times a day (morning, noon, evening).
*   **Morning feed:** 15 cups total for the flock.
*   **Noon feed:** 25 cups total for the flock.
*   **Number of chickens:** 20.
*   **Question:** How many cups of feed should she give in the last meal (evening)?

**2. Solve the Problem Independently:**
*   **Total daily requirement:**
    *   Number of chickens = 20
    *   Feed per chicken per day = 3 cups
    *   Total feed needed per day = $20 \times 3 = 60$ cups.
*   **Feed already given:**
    *   Morning = 15 cups
    *   Noon = 25 cups
    *   Total given so far = $15 + 25 = 40$ cups.
*   **Feed needed for the last meal:**
    *   Total needed - Total given = $60 - 40 = 20$ cups.

**3. Evaluate the Candidate Solution:**
*   **Step 1:** Calculates total daily feed needed.
    *   $20 \text{ chickens} \times 3 \text{ cups/chicken} = 60 \text{ cups}$.
    *   This matches my calculation.
*   **Step 2:** Calculates feed already given.
    *   Morning (15) + Noon (25) = 40 cups.
    *   This matches my calculation.
*   **Step 3:** Calculates remaining feed for the last meal.
    *   Total (60) - Given (40) = 20 cups.
    *   This matches my calculation.
*   **Final Answer:** 20 cups.
*   **Language:** Telugu. The reasoning is clear and mathematically sound.

**4. Conclusion:**
The candidate solution is mathematically correct. The logic follows the problem"
Gemma-4-31B,5,P5,"ప్రతిరోజూ, విండీ తన కోళ్లు ఆరోగ్యవంతంగా ఉండేందుకు సాయపడటానికి గింజలు, మీల్‌వార్మ్‌లు మరియు కూరగాయలు ఉండే మిక్సిడ్ చికెన్ ఫీడ్ యొక్క మూడు కప్పులను తన ప్రతి కోడికి పెడుతుంది. ఆమె కోళ్లకు మూడుసార్లు విడి మేతగా ఈ ఫీడ్‌ని ఇస్తుంది. ఉదయం పూట, ఆమె తన కోళ్ల మందకు 15 కప్పుల ఫీడ్‌ని ఇస్తుంది. మధ్యాహ్నం ఆమె తన కోళ్లకు మరో 25 కప్పుల ఫీడ్‌ని ఇస్తుంది. విండీ మందలో 20 కోళ్లు ఉన్నట్లయితే రోజులో చివరి మేతలో ఆమె కోళ్లకు ఎన్ని కప్పుల ఫీడ్‌ని ఇవ్వాల్సి ఉంటుంది?","Carefully solve the following mathematical problem. Provide a step-by-step solution and conclude with the final answer.

Problem:
ప్రతిరోజూ, విండీ తన కోళ్లు ఆరోగ్యవంతంగా ఉండేందుకు సాయపడటానికి గింజలు, మీల్‌వార్మ్‌లు మరియు కూరగాయలు ఉండే మిక్సిడ్ చికెన్ ఫీడ్ యొక్క మూడు కప్పులను తన ప్రతి కోడికి పెడుతుంది. ఆమె కోళ్లకు మూడుసార్లు విడి మేతగా ఈ ఫీడ్‌ని ఇస్తుంది. ఉదయం పూట, ఆమె తన కోళ్ల మందకు 15 కప్పుల ఫీడ్‌ని ఇస్తుంది. మధ్యాహ్నం ఆమె తన కోళ్లకు మరో 25 కప్పుల ఫీడ్‌ని ఇస్తుంది. విండీ మందలో 20 కోళ్లు ఉన్నట్లయితే రోజులో చివరి మేతలో ఆమె కోళ్లకు ఎన్ని కప్పుల ఫీడ్‌ని ఇవ్వాల్సి ఉంటుంది?","*   Windy feeds each chicken 3 cups of mixed feed per day.
    *   This feed is given in 3 separate meals (morning, afternoon, evening).
    *   Total number of chickens in the flock = 20.
    *   Morning feed given = 15 cups.
    *   Afternoon feed given = 25 cups.
    *   Goal: Find out how many cups of feed are given in the final (evening) meal.

    *   Total chickens = 20.
    *   Cups per chicken per day = 3.
    *   Total feed for the whole flock per day = $20 \text{ chickens} \times 3 \text{ cups/chicken} = 60 \text{ cups}$.

    *   Morning feed = 15 cups.
    *   Afternoon feed = 25 cups.
    *   Total feed given so far = $15 + 25 = 40 \text{ cups}$.

    *   Total daily feed = 60 cups.
    *   Feed already given = 40 cups.
    *   Remaining feed for the last meal = Total daily feed - Feed already given.
    *   Remaining feed = $60 - 40 = 20 \text{ cups}$.

    *   Total feed needed: 20 chickens * 3 cups = 60 cups.
    *   Morning: 15
    *   Afternoon: 25
    *   Evening: 20
    *   Sum: 15 + 25 + 20 = 60. Correct.

    *   Step 1: Calculate total feed for 20 chickens.
        - 20 కోళ్లు $\times$ ప్రతి కోడికి 3 కప్పులు = 60 కప్పులు. (Total feed = 60 cups).
    *   Step 2: Calculate total feed given in the first two meals.
        - ఉదయం 15 కప్పులు + మధ్యాహ్నం 25 కప్పులు = 40 కప్పులు. (Total given = 40 cups).
    *   Step 3: Calculate the feed for the last meal.
        - మొత్తం ఫీడ్ - ఇప్పటివరకు ఇచ్చిన ఫీడ్ = 60 - 40 = 20 కప్పులు. (Remaining feed = 20 cups).","ఈ సమస్యను దశలవారీగా పరిష్కరిద్దాం:

**దశ 1: రోజుకు మొత్తం ఎన్ని కప్పుల ఫీడ్ అవసరమో లెక్కించడం.**
విండీ తన ప్రతి కోడికి రోజుకు 3 కప్పుల ఫీడ్‌ను ఇస్తుంది. ఆమె మందలో మొత్తం 20 కోళ్లు ఉన్నాయి.
కాబట్టి, రోజుకు అవసరమైన మొత్తం ఫీడ్ = $20 \text{ కోళ్లు} \times 3 \text{ కప్పులు} = 60 \text{ కప్పులు}$.

**దశ 2: ఉదయం మరియు మధ్యాహ్నం సమయాల్లో ఇచ్చిన మొత్తం ఫీడ్‌ను లెక్కించడం.**
- ఉదయం పూట ఇచ్చిన ఫీడ్ = 15 కప్పులు
- మధ్యాహ్నం పూట ఇచ్చిన ఫీడ్ = 25 కప్పులు
మొత్తం ఇచ్చిన ఫీడ్ = $15 + 25 = 40 \text{ కప్పులు}$.

**దశ 3: చివరి మేతలో (సాయంత్రం) ఇవ్వాల్సిన ఫీడ్‌ను లెక్కించడం.**
మొత్తం రోజుకు కావలసిన ఫీడ్ నుండి, ఇప్పటికే ఇచ్చిన ఫీడ్‌ను తీసివేయాలి.
చివరి మేతలో ఇవ్వాల్సిన ఫీడ్ = $\text{మొత్తం ఫీడ్} - \text{ఇప్పటివరకు ఇచ్చిన ఫీడ్}$
చివరి మేతలో ఇవ్వాల్సిన ఫీడ్ = $60 - 40 = 20 \text{ కప్పులు}$.

**ముగింపు:**
విండీ రోజులో చివరి మేతలో తన కోళ్లకు **20 కప్పుల** ఫీడ్‌ని ఇవ్వాల్సి ఉంటుంది.

**సమాధానం: 20 కప్పులు**",Qwen3.5-27B,1.0,True,"The candidate solution correctly calculates the total daily feed requirement (20 chickens * 3 cups = 60 cups), sums the feed already provided in the morning and noon (15 + 25 = 40 cups), and subtracts this from the total to find the remaining amount for the last meal (60 - 40 = 20 cups). The logic and arithmetic are mathematically valid.","{
  ""score"": 1.0,
  ""correct"": true,
  ""reason"": ""The candidate solution correctly calculates the total daily feed requirement (20 chickens * 3 cups = 60 cups), sums the feed already provided in the morning and noon (15 + 25 = 40 cups), and subtracts this from the total to find the remaining amount for the last meal (60 - 40 = 20 cups). The logic and arithmetic are mathematically valid.""
}","The user wants me to evaluate a mathematical solution provided in Telugu.

**1. Analyze the Question:**
- **Given:**
  - Windy feeds her chickens 3 cups of mixed feed per chicken per day.
  - She feeds them 3 times a day (morning, noon, evening).
  - Morning feed given: 15 cups.
  - Noon feed given: 25 cups.
  - Number of chickens: 20.
- **Question:** How many cups of feed should she give in the last meal (evening)?

**2. Solve the Problem Independently:**
- **Total daily requirement:**
  - 20 chickens * 3 cups/chicken = 60 cups total per day.
- **Feed already given:**
  - Morning: 15 cups
  - Noon: 25 cups
  - Total given so far: 15 + 25 = 40 cups.
- **Feed remaining for the last meal:**
  - Total required - Total given = 60 - 40 = 20 cups.

**3. Evaluate the Candidate Solution:**
- **Step 1:** Calculates total daily feed needed.
  - $20 \text{ chickens} \times 3 \text{ cups} = 60 \text{ cups}$.
  - This is correct.
- **Step 2:** Calculates feed given in morning and noon.
  - $15 + 25 = 40 \text{ cups}$.
  - This is correct.
- **Step 3:** Calculates remaining feed for the last meal.
  - $60 - 40 = 20 \text{ cups}$.
  - This is correct.
- **Conclusion:** States the answer is 20 cups.
  - This matches my independent calculation.

**4. Check for Errors:**
- Logic is sound.
- Arithmetic is correct.
- Language is Telugu, which matches the question.
- No substantive mathematical errors found.

**5. Formulate the Output:**
- Score: 1.0
- Correct: true
- Reason: The solution correctly calculates the total daily feed requirement (20 chickens * 3 cups = 60 cups), sums the feed already given"
Gemma-4-31B,6,P1,"కైలర్ తన కొత్త అపార్ట్‌మెంట్ కొరకు గ్లాసులను కొనుగోలు చేయడానికి స్టోరుకు వెళ్లాడు. ఒక గ్లాసు ఖరీదు $5, కానీ ప్రతి రెండో గ్లాసు ఖరీదు ధరలో కేవలం 60% మాత్రమే. కైలర్ 16 గ్లాసులను కొనుగోలు చేయాలని కోరుకుంటున్నాడు. అతడు వాటి కొరకు ఎంత చెల్లించాల్సి ఉంటుంది?","Solve the following math problem step by step. Show your reasoning clearly and provide the final answer.

Problem:
కైలర్ తన కొత్త అపార్ట్‌మెంట్ కొరకు గ్లాసులను కొనుగోలు చేయడానికి స్టోరుకు వెళ్లాడు. ఒక గ్లాసు ఖరీదు $5, కానీ ప్రతి రెండో గ్లాసు ఖరీదు ధరలో కేవలం 60% మాత్రమే. కైలర్ 16 గ్లాసులను కొనుగోలు చేయాలని కోరుకుంటున్నాడు. అతడు వాటి కొరకు ఎంత చెల్లించాల్సి ఉంటుంది?","*   Item: Glasses (గ్లాసులు).
    *   Price of one glass (ఒక గ్లాసు ఖరీదు): $5.
    *   Offer: Every second glass is only 60% of the price. (ప్రతి రెండో గ్లాసు ఖరీదు ధరలో కేవలం 60% మాత్రమే).
    *   Quantity needed (కొనుగోలు చేయాలనుకుంటున్న సంఖ్య): 16 glasses.
    *   Goal: Find the total cost (మొత్తం ఎంత చెల్లించాల్సి ఉంటుంది).

    *   First glass: Full price = $5.
    *   Second glass: 60% of full price = $5 * 0.60 = $3.
    *   Third glass: Full price = $5.
    *   Fourth glass: 60% of full price = $5 * 0.60 = $3.
    *   This pattern continues.

    *   The glasses are bought in pairs (sets of 2).
    *   Total glasses = 16.
    *   Number of pairs = 16 / 2 = 8 pairs.

    *   Cost of one pair = Price of 1st glass + Price of 2nd glass.
    *   Cost of one pair = $5 + $3 = $8.

    *   Total cost = Number of pairs * Cost of one pair.
    *   Total cost = 8 * $8 = $64.

    *   1st: 5
    *   2nd: 3
    *   3rd: 5
    *   4th: 3
    *   ...
    *   15th: 5
    *   16th: 3
    *   Sum = (5 * 8) + (3 * 8) = 40 + 24 = 64.

    *   Step 1: Identify the price of the first and second glass.
        *   1వ గ్లాసు ధర = $5.
        *   2వ గ్లాసు ధర = $5 లో 60% = $5 * 0.60 = $3.
    *   Step 2: Calculate the cost of a pair.
        *   ఒక జంట (రెండు గ్లాసుల) ధర = $5 + $3 = $8.
    *   Step 3: Calculate the number of pairs for 16 glasses.
        *   జంటల సంఖ్య = 16 / 2 = 8.
    *   Step 4: Calculate total cost.
        *   మొత్తం ఖర్చు = 8 * $8 = $64.","ఈ సమస్యను దశలవారీగా పరిష్కరిద్దాం:

**1. ఇచ్చిన సమాచారం:**
* ఒక గ్లాసు ధర = $5
* ప్రతి రెండో గ్లాసు ధర = మొదటి గ్లాసు ధరలో 60%
* మొత్తం కొనాలనుకుంటున్న గ్లాసుల సంఖ్య = 16

**2. రెండో గ్లాసు ధరను లెక్కించడం:**
రెండో గ్లాసు ధర అనేది మొదటి గ్లాసు ధరలో 60% మాత్రమే.
* రెండో గ్లాసు ధర = $5 $\times$ 60%
* రెండో గ్లాసు ధర = $5 $\times$ 0.60 = $3

**3. ఒక జంట (రెండు గ్లాసుల) ధరను లెక్కించడం:**
కైలర్ గ్లాసులను జంటలుగా (ఒకటి పూర్తి ధర, మరొకటి 60% ధర) కొంటున్నాడు.
* ఒక జంట ధర = మొదటి గ్లాసు ధర + రెండో గ్లాసు ధర
* ఒక జంట ధర = $5 + $3 = $8

**4. మొత్తం జంటల సంఖ్యను లెక్కించడం:**
అతడు మొత్తం 16 గ్లాసులను కొనాలి కాబట్టి:
* జంటల సంఖ్య = 16 / 2 = 8 జంటలు

**5. మొత్తం చెల్లించాల్సిన ధరను లెక్కించడం:**
* మొత్తం ధర = జంటల సంఖ్య $\times$ ఒక జంట ధర
* మొత్తం ధర = 8 $\times$ $8 = $64

**ముగింపు:**
కైలర్ 16 గ్లాసుల కొరకు మొత్తం **$64** చెల్లించాల్సి ఉంటుంది.",Qwen3.5-27B,1.0,True,"The candidate solution correctly interprets the pricing rule (every second glass is 60% of the original price). It accurately calculates the discounted price ($3), the cost per pair ($8), the number of pairs (8), and the final total cost ($64). All mathematical steps and the final answer are correct.","{
  ""score"": 1.0,
  ""correct"": true,
  ""reason"": ""The candidate solution correctly interprets the pricing rule (every second glass is 60% of the original price). It accurately calculates the discounted price ($3), the cost per pair ($8), the number of pairs (8), and the final total cost ($64). All mathematical steps and the final answer are correct.""
}","The user wants me to evaluate a mathematical solution provided in Telugu.

**1. Analyze the Question:**
*   **Context:** Kailer is buying glasses for his apartment.
*   **Price of one glass:** $5.
*   **Discount rule:** Every second glass costs only 60% of the price.
*   **Quantity:** 16 glasses.
*   **Goal:** Calculate the total cost.

**2. Solve the Problem Independently:**
*   **Price of a regular glass:** $5.
*   **Price of a discounted glass (every 2nd one):** 60% of $5 = $5 * 0.60 = $3.
*   **Pattern:** Buy 1 at $5, Buy 2 at $3, Buy 3 at $5, Buy 4 at $3, etc.
*   **Total glasses:** 16.
*   **Grouping:** Since the discount applies to every second glass, we can group them into pairs (1 regular + 1 discounted).
*   **Number of pairs:** 16 / 2 = 8 pairs.
*   **Cost per pair:** $5 (1st) + $3 (2nd) = $8.
*   **Total Cost:** 8 pairs * $8/pair = $64.

**3. Evaluate the Candidate Solution:**
*   **Step 1 (Given Info):** Correctly identifies price ($5), discount rule (60% for 2nd glass), and quantity (16).
*   **Step 2 (Calculate 2nd glass price):** $5 * 0.60 = $3. Correct.
*   **Step 3 (Calculate pair price):** $5 + $3 = $8. Correct.
*   **Step 4 (Calculate number of pairs):** 16 / 2 = 8 pairs. Correct.
*   **Step 5 (Calculate total cost):** 8 * $8 = $64. Correct.
*   **Conclusion:** States $64. Correct.

**4. Check for Errors:**
*   Logic is sound.
*   Calculations are correct.
*   Language is Telugu, which is allowed.
*   No substantive mathematical errors found.

**5"
Gemma-4-31B,6,P2,"కైలర్ తన కొత్త అపార్ట్‌మెంట్ కొరకు గ్లాసులను కొనుగోలు చేయడానికి స్టోరుకు వెళ్లాడు. ఒక గ్లాసు ఖరీదు $5, కానీ ప్రతి రెండో గ్లాసు ఖరీదు ధరలో కేవలం 60% మాత్రమే. కైలర్ 16 గ్లాసులను కొనుగోలు చేయాలని కోరుకుంటున్నాడు. అతడు వాటి కొరకు ఎంత చెల్లించాల్సి ఉంటుంది?","Please solve the following math problem carefully. Explain your solution step by step and clearly state the final answer.

Problem:
కైలర్ తన కొత్త అపార్ట్‌మెంట్ కొరకు గ్లాసులను కొనుగోలు చేయడానికి స్టోరుకు వెళ్లాడు. ఒక గ్లాసు ఖరీదు $5, కానీ ప్రతి రెండో గ్లాసు ఖరీదు ధరలో కేవలం 60% మాత్రమే. కైలర్ 16 గ్లాసులను కొనుగోలు చేయాలని కోరుకుంటున్నాడు. అతడు వాటి కొరకు ఎంత చెల్లించాల్సి ఉంటుంది?","*   Item: Glasses (గ్లాసులు).
    *   Price of the 1st glass: $5.
    *   Price of the 2nd glass: 60% of the price of the 1st glass.
    *   Pattern: Every second glass is discounted. This means the 1st, 3rd, 5th, etc., are full price, and the 2nd, 4th, 6th, etc., are discounted.
    *   Total quantity to buy: 16 glasses.
    *   Goal: Find the total cost.

    *   Full price = $5.
    *   Discounted price = 60% of $5 = (60/100) * 5 = 0.6 * 5 = $3.

    *   Total glasses = 16.
    *   Since they are bought in pairs (one full price, one discounted), there are 16 / 2 = 8 pairs.
    *   Each pair consists of:
        *   1 glass at $5.
        *   1 glass at $3.
    *   Cost of one pair = $5 + $3 = $8.

    *   Total cost = (Number of pairs) * (Cost of one pair)
    *   Total cost = 8 * $8 = $64.

    *   16 glasses total.
    *   8 glasses at full price: 8 * $5 = $40.
    *   8 glasses at 60% price: 8 * $3 = $24.
    *   Total = $40 + $24 = $64.

    *   Problem statement: ""ఒక గ్లాసు ఖరీదు $5, కానీ ప్రతి రెండో గ్లాసు ఖరీదు ధరలో కేవలం 60% మాత్రమే."" (One glass costs $5, but every second glass costs only 60% of the price.)
    *   Calculation: 60% of 5 = 3.
    *   16 glasses means 8 full price and 8 discounted price.
    *   (8 * 5) + (8 * 3) = 40 + 24 = 64.","ఈ సమస్యను దశలవారీగా పరిష్కరిద్దాం:

**1. ఇచ్చిన సమాచారం:**
* ఒక గ్లాసు ధర = $5
* ప్రతి రెండో గ్లాసు ధర = మొదటి గ్లాసు ధరలో 60%
* మొత్తం కొనాలనుకుంటున్న గ్లాసుల సంఖ్య = 16

**2. రెండో గ్లాసు ధరను లెక్కించడం:**
రెండో గ్లాసు ధర, మొదటి గ్లాసు ధరలో 60% అని ఇచ్చారు.
* రెండో గ్లాసు ధర = $5 లో 60%
* $\text{ధర} = 5 \times \frac{60}{100}$
* $\text{ధర} = 5 \times 0.6 = \$3$

**3. జంటల సంఖ్యను లెక్కించడం:**
కైలర్ 16 గ్లాసులను కొంటున్నాడు. ప్రతి రెండు గ్లాసుల జంటలో ఒకటి పూర్తి ధర ఉంటుంది మరియు మరొకటి తగ్గింపు ధరలో ఉంటుంది.
* మొత్తం జంటల సంఖ్య = $16 \div 2 = 8$ జంటలు.

**4. ఒక జంట ధరను లెక్కించడం:**
ఒక జంటలో ఒక గ్లాసు $5 మరియు మరొక గ్లాసు $3 ఉంటుంది.
* ఒక జంట ధర = $\$5 + \$3 = \$8$

**5. మొత్తం చెల్లించాల్సిన ధరను లెక్కించడం:**
మొత్తం 8 జంటలు ఉన్నాయి కాబట్టి:
* మొత్తం ధర = $\text{జంటల సంఖ్య} \times \text{ఒక జంట ధర}$
* $\text{మొత్తం ధర} = 8 \times \$8 = \$64$

**ముగింపు:**
కైలర్ 16 గ్లాసుల కొరకు మొత్తం **$64** చెల్లించాల్సి ఉంటుంది.

**సమాధానం: $64**",Qwen3.5-27B,1.0,True,"The candidate solution correctly interprets the pricing structure: the first glass is $5, and the second is 60% of $5 ($3). It correctly groups the 16 glasses into 8 pairs, calculates the cost per pair ($5 + $3 = $8), and multiplies by the number of pairs (8 * $8 = $64). All calculations and logical steps are mathematically valid.","{
  ""score"": 1.0,
  ""correct"": true,
  ""reason"": ""The candidate solution correctly interprets the pricing structure: the first glass is $5, and the second is 60% of $5 ($3). It correctly groups the 16 glasses into 8 pairs, calculates the cost per pair ($5 + $3 = $8), and multiplies by the number of pairs (8 * $8 = $64). All calculations and logical steps are mathematically valid.""
}","The user wants me to evaluate a mathematical solution provided in Telugu.

**1. Analyze the Question:**
*   **Context:** Kailer is buying glasses for his apartment.
*   **Price:** One glass costs $5.
*   **Discount:** Every second glass costs only 60% of the price.
*   **Quantity:** Kailer wants to buy 16 glasses.
*   **Goal:** Calculate the total cost.

**2. Solve the Problem Independently:**
*   **Regular Price:** $5 per glass.
*   **Discounted Price:** 60% of $5 = $5 * 0.60 = $3.
*   **Pattern:** Buy 1 at $5, Buy 2nd at $3. This repeats.
*   **Total Glasses:** 16.
*   **Pairs:** Since the discount applies to every second glass, we can group them into pairs (1st, 2nd), (3rd, 4th), etc.
*   **Number of Pairs:** 16 / 2 = 8 pairs.
*   **Cost per Pair:** $5 (1st) + $3 (2nd) = $8.
*   **Total Cost:** 8 pairs * $8/pair = $64.

**3. Evaluate the Candidate Solution:**
*   **Step 1 (Given Info):** Correctly identifies price ($5), discount rule (60% for every 2nd glass), and quantity (16).
*   **Step 2 (Calculate 2nd glass price):** Calculates 60% of $5. $5 * 0.6 = $3. This is correct.
*   **Step 3 (Calculate pairs):** Divides 16 by 2 to get 8 pairs. This is correct logic for ""every second glass"".
*   **Step 4 (Calculate pair price):** Adds $5 + $3 = $8. This is correct.
*   **Step 5 (Calculate total price):** Multiplies 8 pairs * $8 = $64. This is correct.
*   **Conclusion:** States the final answer is $64.

**4. Comparison:**
*   My independent calculation: $64.
*   Candidate calculation: $"
Gemma-4-31B,6,P3,"కైలర్ తన కొత్త అపార్ట్‌మెంట్ కొరకు గ్లాసులను కొనుగోలు చేయడానికి స్టోరుకు వెళ్లాడు. ఒక గ్లాసు ఖరీదు $5, కానీ ప్రతి రెండో గ్లాసు ఖరీదు ధరలో కేవలం 60% మాత్రమే. కైలర్ 16 గ్లాసులను కొనుగోలు చేయాలని కోరుకుంటున్నాడు. అతడు వాటి కొరకు ఎంత చెల్లించాల్సి ఉంటుంది?","Work through the following math problem step by step. Show how you arrive at the answer and give the final result.

Problem:
కైలర్ తన కొత్త అపార్ట్‌మెంట్ కొరకు గ్లాసులను కొనుగోలు చేయడానికి స్టోరుకు వెళ్లాడు. ఒక గ్లాసు ఖరీదు $5, కానీ ప్రతి రెండో గ్లాసు ఖరీదు ధరలో కేవలం 60% మాత్రమే. కైలర్ 16 గ్లాసులను కొనుగోలు చేయాలని కోరుకుంటున్నాడు. అతడు వాటి కొరకు ఎంత చెల్లించాల్సి ఉంటుంది?","*   Goal: Calculate the total cost of 16 glasses.
    *   Price of the 1st glass: $5.
    *   Price of every 2nd glass: 60% of the regular price.
    *   Quantity to buy: 16 glasses.

    *   Regular price = $5.
    *   Discounted price (for every second glass) = 60% of $5.
    *   Calculation: $0.60 \times 5 = 3$.
    *   So, the second glass costs $3.

    *   The glasses are bought in pairs (1st full price, 2nd discounted).
    *   Total glasses = 16.
    *   Number of pairs = $16 / 2 = 8$ pairs.

    *   Cost of one pair = Price of 1st glass + Price of 2nd glass.
    *   Cost of one pair = $5 + $3 = $8.

    *   Total Cost = Number of pairs $\times$ Cost per pair.
    *   Total Cost = $8 \times 8 = 64$.

    *   *Step 1: Regular price.*
        ఒక గ్లాసు ధర = $5.
    *   *Step 2: Discounted price.*
        రెండో గ్లాసు ధర = $5 లో 60% = $5 \times (60/100) = $3.
    *   *Step 3: Cost for a pair of glasses.*
        రెండు గ్లాసుల మొత్తం ధర = $5 + $3 = $8.
    *   *Step 4: Calculate for 16 glasses.*
        మొత్తం గ్లాసుల సంఖ్య = 16.
        జంటల సంఖ్య (Pairs) = 16 / 2 = 8 జంటలు.
        మొత్తం చెల్లించాల్సిన ధర = 8 జంటలు $\times$ $8 = $64.","ఈ సమస్యను దశలవారీగా పరిష్కరిద్దాం:

**దశ 1: ఒక గ్లాసు ధరలను నిర్ణయించడం**
* మొదటి గ్లాసు ధర = $5
* రెండో గ్లాసు ధర మొదటి గ్లాసు ధరలో 60% మాత్రమే.
* కాబట్టి, రెండో గ్లాసు ధర = $5 లో 60% 
* లెక్క: $5 \times \frac{60}{100} = 5 \times 0.6 = \$3$

**దశ 2: రెండు గ్లాసుల (ఒక జంట) ధరను లెక్కించడం**
* ప్రతి రెండు గ్లాసుల సెట్‌కు అయ్యే ఖర్చు = మొదటి గ్లాసు ధర + రెండో గ్లాసు ధర
* ఖర్చు = $5 + $3 = $8

**దశ 3: మొత్తం 16 గ్లాసులకు అయ్యే ఖర్చును లెక్కించడం**
* కైలర్ మొత్తం 16 గ్లాసులను కొనాలనుకుంటున్నాడు.
* అంటే, అక్కడ మొత్తం 8 జంటలు (Pairs) ఉంటాయి (ఎందుకంటే $16 \div 2 = 8$).
* మొత్తం చెల్లించాల్సిన ధర = జంటల సంఖ్య $\times$ ఒక జంట ధర
* మొత్తం ధర = $8 \times \$8 = \$64$

**ముగింపు:**
కైలర్ 16 గ్లాసుల కొరకు మొత్తం **$64** చెల్లించాల్సి ఉంటుంది.",Qwen3.5-27B,1.0,True,"The candidate solution correctly calculates the discounted price of the second glass ($5 * 0.60 = $3), determines the cost per pair ($5 + $3 = $8), finds the number of pairs in 16 glasses (16 / 2 = 8), and computes the final total cost (8 * $8 = $64). All mathematical steps and the final answer are accurate.","{
  ""score"": 1.0,
  ""correct"": true,
  ""reason"": ""The candidate solution correctly calculates the discounted price of the second glass ($5 * 0.60 = $3), determines the cost per pair ($5 + $3 = $8), finds the number of pairs in 16 glasses (16 / 2 = 8), and computes the final total cost (8 * $8 = $64). All mathematical steps and the final answer are accurate.""
}","The user wants me to evaluate a mathematical solution provided in Telugu.

**1. Analyze the Question:**
*   **Context:** Kailer is buying glasses for his apartment.
*   **Price:** One glass costs $5.
*   **Discount:** Every second glass costs only 60% of the price.
*   **Quantity:** Kailer wants to buy 16 glasses.
*   **Goal:** Calculate the total cost.

**2. Solve the Problem Independently:**
*   **Regular Price:** $5 per glass.
*   **Discounted Price:** 60% of $5 = $5 * 0.60 = $3.
*   **Pattern:** Buy 1 at $5, Buy 2nd at $3. This repeats for every pair.
*   **Cost per pair:** $5 + $3 = $8.
*   **Total Glasses:** 16.
*   **Number of Pairs:** 16 / 2 = 8 pairs.
*   **Total Cost:** 8 pairs * $8/pair = $64.

**3. Evaluate the Candidate Solution:**
*   **Step 1:** Calculates the price of the second glass.
    *   $5 * 60% = $3. Correct.
*   **Step 2:** Calculates the cost of a pair (2 glasses).
    *   $5 + $3 = $8. Correct.
*   **Step 3:** Calculates the total cost for 16 glasses.
    *   Number of pairs = 16 / 2 = 8. Correct.
    *   Total cost = 8 * $8 = $64. Correct.
*   **Conclusion:** States the final answer is $64. Correct.

**4. Check for Errors:**
*   Logic is sound.
*   Calculations are correct.
*   Language is Telugu, which matches the question.
*   No mathematical errors found.

**5. Formulate the Output:**
*   Score: 1.0
*   Correct: true
*   Reason: The solution correctly calculates the discounted price ($3), the cost per pair ($8), the number of pairs (8), and the final total ($64). All steps are math"
Gemma-4-31B,6,P4,"కైలర్ తన కొత్త అపార్ట్‌మెంట్ కొరకు గ్లాసులను కొనుగోలు చేయడానికి స్టోరుకు వెళ్లాడు. ఒక గ్లాసు ఖరీదు $5, కానీ ప్రతి రెండో గ్లాసు ఖరీదు ధరలో కేవలం 60% మాత్రమే. కైలర్ 16 గ్లాసులను కొనుగోలు చేయాలని కోరుకుంటున్నాడు. అతడు వాటి కొరకు ఎంత చెల్లించాల్సి ఉంటుంది?","Find the solution to the following problem. Explain your reasoning and calculations before giving the final answer.

Problem:
కైలర్ తన కొత్త అపార్ట్‌మెంట్ కొరకు గ్లాసులను కొనుగోలు చేయడానికి స్టోరుకు వెళ్లాడు. ఒక గ్లాసు ఖరీదు $5, కానీ ప్రతి రెండో గ్లాసు ఖరీదు ధరలో కేవలం 60% మాత్రమే. కైలర్ 16 గ్లాసులను కొనుగోలు చేయాలని కోరుకుంటున్నాడు. అతడు వాటి కొరకు ఎంత చెల్లించాల్సి ఉంటుంది?","*   Item: Glasses.
    *   Regular price of one glass: $5.
    *   Special offer: Every second glass costs only 60% of its regular price.
    *   Quantity to buy: 16 glasses.
    *   Goal: Calculate the total cost.

    *   Regular Price ($P_1$) = $5.
    *   Discounted Price for the second glass ($P_2$) = 60% of $5.
    *   Calculation for $P_2$: $0.60 \times 5 = 3$.

    *   The glasses are bought in pairs (one regular, one discounted).
    *   Total glasses = 16.
    *   Number of pairs = $16 / 2 = 8$ pairs.

    *   Cost per pair = Regular Price + Discounted Price
    *   Cost per pair = $5 + 3 = 8$.

    *   Total Cost = Number of pairs $\times$ Cost per pair
    *   Total Cost = $8 \times 8 = 64$.

    *   *Step 1: Regular price.*
        ఒక గ్లాసు ధర = $5.
    *   *Step 2: Discounted price for the second glass.*
        ప్రతి రెండో గ్లాసు ధర = $5 లో 60%
        $= 5 \times (60/100) = 3$.
    *   *Step 3: Total glasses and pairs.*
        మొత్తం గ్లాసుల సంఖ్య = 16.
        కాబట్టి, జంటల సంఖ్య (pairs) = $16 / 2 = 8$.
    *   *Step 4: Total cost.*
        ఒక జంట ధర = $5 + 3 = 8$.
        మొత్తం ఖర్చు = $8 \text{ జంటలు} \times 8 = 64$.

    *   Check calculations: $5 \times 8$ (full price) + $3 \times 8$ (discounted price) = $40 + 24 = 64$. Correct.","ఈ సమస్యను పరిష్కరించే విధానం ఇక్కడ ఉంది:

**దత్తాంశం:**
* ఒక గ్లాసు సాధారణ ధర = $5
* ప్రతి రెండో గ్లాసు ధర = సాధారణ ధరలో 60%
* కొనుగోలు చేయాల్సిన మొత్తం గ్లాసుల సంఖ్య = 16

**దశల వారీ గణన:**

1. **రెండో గ్లాసు ధరను లెక్కించడం:**
   రెండో గ్లాసు ధర $5 లో 60% మాత్రమే.
   $\text{రెండో గ్లాసు ధర} = 5 \times \frac{60}{100} = 5 \times 0.6 = \$3$

2. **ఒక జంట (రెండు గ్లాసుల) ధరను లెక్కించడం:**
   కైలర్ గ్లాసులను జంటలుగా కొనుగోలు చేస్తున్నాడు (ఒకటి పూర్తి ధరలో, ఒకటి తగ్గింపు ధరలో).
   $\text{ఒక జంట ధర} = \text{మొదటి గ్లాసు ధర} + \text{రెండో గ్లాసు ధర}$
   $\text{ఒక జంట ధర} = 5 + 3 = \$8$

3. **మొత్తం జంటల సంఖ్యను లెక్కించడం:**
   మొత్తం 16 గ్లాసులను కొనుగోలు చేయాలి కాబట్టి:
   $\text{జంటల సంఖ్య} = \frac{16}{2} = 8 \text{ జంటలు}$

4. **మొత్తం చెల్లించాల్సిన ధరను లెక్కించడం:**
   $\text{మొత్తం ఖర్చు} = \text{జంటల సంఖ్య} \times \text{ఒక జంట ధర}$
   $\text{మొత్తం ఖర్చు} = 8 \times 8 = \$64$

**ముగింపు:**
కైలర్ 16 గ్లాసుల కొరకు మొత్తం **$64** చెల్లించాల్సి ఉంటుంది.

**సమాధానం: $64**",Qwen3.5-27B,1.0,True,"The candidate solution correctly interprets the problem statement. It accurately calculates the discounted price of the second glass ($5 * 0.60 = $3), determines the cost per pair ($5 + $3 = $8), calculates the number of pairs in 16 glasses (16 / 2 = 8), and finally computes the total cost (8 * $8 = $64). All mathematical steps and the final answer are correct.","{
  ""score"": 1.0,
  ""correct"": true,
  ""reason"": ""The candidate solution correctly interprets the problem statement. It accurately calculates the discounted price of the second glass ($5 * 0.60 = $3), determines the cost per pair ($5 + $3 = $8), calculates the number of pairs in 16 glasses (16 / 2 = 8), and finally computes the total cost (8 * $8 = $64). All mathematical steps and the final answer are correct.""
}","The user wants me to evaluate a mathematical solution provided in Telugu.

**1. Analyze the Question:**
*   **Context:** Kailer is buying glasses for his apartment.
*   **Price:** One glass costs $5.
*   **Discount:** Every second glass costs only 60% of the price.
*   **Quantity:** Kailer wants to buy 16 glasses.
*   **Goal:** Calculate the total cost.

**2. Solve the Problem Independently:**
*   **Regular Price:** $5 per glass.
*   **Discounted Price:** 60% of $5 = $5 * 0.60 = $3.
*   **Pattern:** Buy 1 at $5, Buy 2nd at $3. This repeats every 2 glasses.
*   **Total Glasses:** 16.
*   **Pairs:** Since the discount applies to every second glass, we can group them into pairs (1st + 2nd).
*   **Number of Pairs:** 16 / 2 = 8 pairs.
*   **Cost per Pair:** $5 (1st) + $3 (2nd) = $8.
*   **Total Cost:** 8 pairs * $8/pair = $64.

**3. Evaluate the Candidate Solution:**
*   **Given Data:**
    *   Regular price = $5. (Correct)
    *   2nd glass price = 60% of regular price. (Correct)
    *   Total glasses = 16. (Correct)
*   **Step 1: Calculate 2nd glass price.**
    *   $5 * 60/100 = $3. (Correct calculation)
*   **Step 2: Calculate price of a pair.**
    *   $5 + $3 = $8. (Correct logic)
*   **Step 3: Calculate number of pairs.**
    *   16 / 2 = 8 pairs. (Correct logic)
*   **Step 4: Calculate total cost.**
    *   8 * 8 = $64. (Correct calculation)
*   **Conclusion:** Total cost is $64. (Correct)

**4. Check for Errors:**
*"
Gemma-4-31B,6,P5,"కైలర్ తన కొత్త అపార్ట్‌మెంట్ కొరకు గ్లాసులను కొనుగోలు చేయడానికి స్టోరుకు వెళ్లాడు. ఒక గ్లాసు ఖరీదు $5, కానీ ప్రతి రెండో గ్లాసు ఖరీదు ధరలో కేవలం 60% మాత్రమే. కైలర్ 16 గ్లాసులను కొనుగోలు చేయాలని కోరుకుంటున్నాడు. అతడు వాటి కొరకు ఎంత చెల్లించాల్సి ఉంటుంది?","Carefully solve the following mathematical problem. Provide a step-by-step solution and conclude with the final answer.

Problem:
కైలర్ తన కొత్త అపార్ట్‌మెంట్ కొరకు గ్లాసులను కొనుగోలు చేయడానికి స్టోరుకు వెళ్లాడు. ఒక గ్లాసు ఖరీదు $5, కానీ ప్రతి రెండో గ్లాసు ఖరీదు ధరలో కేవలం 60% మాత్రమే. కైలర్ 16 గ్లాసులను కొనుగోలు చేయాలని కోరుకుంటున్నాడు. అతడు వాటి కొరకు ఎంత చెల్లించాల్సి ఉంటుంది?","*   Item: Glasses.
    *   Price of one glass: $5.
    *   Offer: Every second glass is 60% of the price of the first glass.
    *   Total glasses to buy: 16.
    *   Goal: Find the total cost.

    *   Price of the 1st glass = $5.
    *   Price of the 2nd glass = 60% of $5.
    *   Calculation: $5 \times \frac{60}{100} = 5 \times 0.6 = 3$.
    *   So, the price of the 2nd glass is $3.

    *   The glasses are bought in pairs (1st glass full price, 2nd glass discounted).
    *   Total glasses = 16.
    *   Number of pairs = $\frac{16}{2} = 8$ pairs.

    *   Cost of one pair = Price of 1st glass + Price of 2nd glass.
    *   Cost of one pair = $5 + $3 = $8.

    *   Total cost = Number of pairs $\times$ Cost of one pair.
    *   Total cost = $8 \times 8 = 64$.

    *   1st glass: $5
    *   2nd glass: $3
    *   3rd glass: $5
    *   4th glass: $3
    *   ...
    *   15th glass: $5
    *   16th glass: $3
    *   Total = (8 glasses at $5) + (8 glasses at $3)
    *   Total = (8 * 5) + (8 * 3) = 40 + 24 = 64.

    *   The logic is consistent.
    *   Calculation: $5 \times 0.6 = 3$. Correct.
    *   $5 + 3 = 8$. Correct.
    *   $8 \times 8 = 64$. Correct.

    *   Step 1: Calculate the price of a single glass ($5).
    *   Step 2: Calculate the price of the second (discounted) glass: 60% of $5 = $3.
    *   Step 3: Calculate the cost of a pair: $5 + $3 = $8.
    *   Step 4: Determine how many pairs are in 16 glasses: $16 / 2 = 8$ pairs.
    *   Step 5: Multiply the cost per pair by the number of pairs: $8 \times 8 = 64$.

    *   Translate the steps into Telugu as requested.
    *   ""ఒక గ్లాసు ధర = $5"" (Price of one glass = $5)
    *   ""రెండో గ్లాసు ధర = $5 లో 60% = $5 × 0.60 = $3"" (Price of second glass = 60% of $5 = $3)
    *   ""రెండు గ్లాసుల జత ధర = $5 + $3 = $8"" (Price of a pair of glasses = $8)
    *   ""మొత్తం గ్లాసుల సంఖ్య = 16"" (Total number of glasses = 16)
    *   ""జతల సంఖ్య = 16 / 2 = 8 జతలు"" (Number of pairs = 8)
    *   ""మొత్తం చెల్లించాల్సిన ధర = 8 జతలు × $8 = $64"" (Total cost = 8 pairs * $8 = $64)","ఈ సమస్యను దశలవారీగా పరిష్కరిద్దాం:

**1. ఇచ్చిన సమాచారం:**
* ఒక గ్లాసు ధర = $5
* ప్రతి రెండో గ్లాసు ధర = మొదటి గ్లాసు ధరలో 60%
* కైలర్ కొనుగోలు చేయాలనుకుంటున్న మొత్తం గ్లాసుల సంఖ్య = 16

**2. రెండో గ్లాసు ధరను లెక్కించడం:**
రెండో గ్లాసు ధర, మొదటి గ్లాసు ధరలో 60% మాత్రమే.
* రెండో గ్లాసు ధర = $5 × 60%
* రెండో గ్లాసు ధర = $5 × (60/100)
* రెండో గ్లాసు ధర = $5 × 0.6 = $3

**3. ఒక జత (రెండు గ్లాసుల) ధరను లెక్కించడం:**
కైలర్ ప్రతి రెండు గ్లాసులను ఒక జతగా కొంటే:
* ఒక జత ధర = మొదటి గ్లాసు ధర + రెండో గ్లాసు ధర
* ఒక జత ధర = $5 + $3 = $8

**4. మొత్తం జతల సంఖ్యను లెక్కించడం:**
మొత్తం 16 గ్లాసులను కొనుగోలు చేయాలి కాబట్టి:
* జతల సంఖ్య = మొత్తం గ్లాసులు / 2
* జతల సంఖ్య = 16 / 2 = 8 జతలు

**5. మొత్తం చెల్లించాల్సిన ధరను లెక్కించడం:**
* మొత్తం ధర = జతల సంఖ్య × ఒక జత ధర
* మొత్తం ధర = 8 × $8 = $64

**ముగింపు:**
కైలర్ 16 గ్లాసుల కోసం మొత్తం **$64** చెల్లించాల్సి ఉంటుంది.

**సమాధానం: $64**",Qwen3.5-27B,1.0,True,"The candidate solution correctly calculates the price of the discounted glass ($5 * 0.60 = $3), determines the cost per pair ($5 + $3 = $8), finds the number of pairs (16 / 2 = 8), and computes the total cost (8 * $8 = $64). The reasoning is logical and the arithmetic is accurate.","{
  ""score"": 1.0,
  ""correct"": true,
  ""reason"": ""The candidate solution correctly calculates the price of the discounted glass ($5 * 0.60 = $3), determines the cost per pair ($5 + $3 = $8), finds the number of pairs (16 / 2 = 8), and computes the total cost (8 * $8 = $64). The reasoning is logical and the arithmetic is accurate.""
}","The user wants me to evaluate a mathematical solution provided in Telugu.

**1. Analyze the Question:**
*   **Context:** Kailer is buying glasses for his apartment.
*   **Price of one glass:** $5.
*   **Discount rule:** Every second glass costs only 60% of the price.
*   **Quantity:** 16 glasses.
*   **Goal:** Calculate the total cost.

**2. Solve the Problem Independently:**
*   **Price of 1st glass:** $5.
*   **Price of 2nd glass:** 60% of $5 = $5 * 0.60 = $3.
*   **Pattern:** The pricing applies to pairs (1st full price, 2nd discounted).
*   **Cost per pair:** $5 + $3 = $8.
*   **Total glasses:** 16.
*   **Number of pairs:** 16 / 2 = 8 pairs.
*   **Total Cost:** 8 pairs * $8/pair = $64.

**3. Evaluate the Candidate Solution:**
*   **Step 1 (Given Info):** Correctly identifies price ($5), discount rule (60% for every 2nd glass), and quantity (16).
*   **Step 2 (2nd Glass Price):** Calculates $5 * 0.6 = $3. This is correct.
*   **Step 3 (Pair Price):** Calculates $5 + $3 = $8. This is correct.
*   **Step 4 (Number of Pairs):** Calculates 16 / 2 = 8 pairs. This is correct.
*   **Step 5 (Total Cost):** Calculates 8 * $8 = $64. This is correct.
*   **Conclusion:** States the final answer is $64.

**4. Comparison:**
*   My independent calculation yields $64.
*   The candidate solution yields $64.
*   The reasoning steps are logical and mathematically sound.
*   The language is Telugu, which is allowed.

**5. Final Judgment:**
*   Score: 1.0
*   Correct: true
*   Reason: The calculations for the discounted price, pair price, number"
Gemma-4-31B,7,P1,"టౌలస్ వద్ద చార్లెస్టన్ కంటే రెట్టింపు సంఖ్యలో గొర్రెలు ఉన్నాయి. చార్లెస్టన్ వద్ద సియాటెల్ కంటే 4 రెట్లు ఎక్కువగా గొర్రెలు ఉన్నాయి. సియాటెల్ వద్ద 20 గొర్రెలు ఉన్నట్లయితే టౌలస్, చార్లెస్టన్ మరియు సియాటెల్ వద్ద మొత్తం ఎన్ని గొర్రెలు ఉన్నాయి?","Solve the following math problem step by step. Show your reasoning clearly and provide the final answer.

Problem:
టౌలస్ వద్ద చార్లెస్టన్ కంటే రెట్టింపు సంఖ్యలో గొర్రెలు ఉన్నాయి. చార్లెస్టన్ వద్ద సియాటెల్ కంటే 4 రెట్లు ఎక్కువగా గొర్రెలు ఉన్నాయి. సియాటెల్ వద్ద 20 గొర్రెలు ఉన్నట్లయితే టౌలస్, చార్లెస్టన్ మరియు సియాటెల్ వద్ద మొత్తం ఎన్ని గొర్రెలు ఉన్నాయి?","*   Language: Telugu.
    *   Problem:
        *   Toulouse (టౌలస్) has twice as many sheep as Charleston (చార్లెస్టన్).
        *   Charleston (చార్లెస్టన్) has 4 times as many sheep as Seattle (సియాటెల్).
        *   Seattle (సియాటెల్) has 20 sheep.
        *   Question: What is the total number of sheep in Toulouse, Charleston, and Seattle combined?

    *   Seattle sheep = 20.
    *   Charleston sheep = 4 * Seattle sheep.
    *   Toulouse sheep = 2 * Charleston sheep.
    *   Total = Seattle + Charleston + Toulouse.

    *   **Step 1: Find the number of sheep in Seattle.**
        *   Given: Seattle = 20.

    *   **Step 2: Find the number of sheep in Charleston.**
        *   Charleston = 4 * Seattle
        *   Charleston = 4 * 20 = 80.

    *   **Step 3: Find the number of sheep in Toulouse.**
        *   Toulouse = 2 * Charleston
        *   Toulouse = 2 * 80 = 160.

    *   **Step 4: Calculate the total number of sheep.**
        *   Total = Seattle + Charleston + Toulouse
        *   Total = 20 + 80 + 160
        *   Calculation: 20 + 80 = 100; 100 + 160 = 260.

    *   Translate the steps into clear Telugu.
    *   State the given values.
    *   Show the calculations.
    *   State the final answer.

    *   సియాటెల్ వద్ద గొర్రెలు = 20 (Given).
    *   చార్లెస్టన్ వద్ద గొర్రెలు = 4 × 20 = 80.
    *   టౌలస్ వద్ద గొర్రెలు = 2 × 80 = 160.
    *   మొత్తం గొర్రెలు = 20 + 80 + 160 = 260.","ఈ లెక్కను దశలవారీగా పరిష్కరిద్దాం:

**ఇచ్చిన సమాచారం:**
1. సియాటెల్ (Seattle) వద్ద ఉన్న గొర్రెలు = 20
2. చార్లెస్టన్ (Charleston) వద్ద సియాటెల్ కంటే 4 రెట్లు ఎక్కువ గొర్రెలు ఉన్నాయి.
3. టౌలస్ (Toulouse) వద్ద చార్లెస్టన్ కంటే రెట్టింపు (2 రెట్లు) గొర్రెలు ఉన్నాయి.

**దశలవారీ గణన:**

*   **దశ 1: చార్లెస్టన్ వద్ద ఉన్న గొర్రెలను కనుగొనడం**
    చార్లెస్టన్ గొర్రెలు = 4 × సియాటెల్ గొర్రెలు
    చార్లెస్టన్ గొర్రెలు = 4 × 20 = **80**

*   **దశ 2: టౌలస్ వద్ద ఉన్న గొర్రెలను కనుగొనడం**
    టౌలస్ గొర్రెలు = 2 × చార్లెస్టన్ గొర్రెలు
    టౌలస్ గొర్రెలు = 2 × 80 = **160**

*   **దశ 3: మొత్తం గొర్రెల సంఖ్యను లెక్కించడం**
    మొత్తం గొర్రెలు = సియాటెల్ + చార్లెస్టన్ + టౌలస్
    మొత్తం గొర్రెలు = 20 + 80 + 160
    మొత్తం గొర్రెలు = 100 + 160 = **260**

**ముగింపు:**
టౌలస్, చార్లెస్టన్ మరియు సియాటెల్ వద్ద మొత్తం **260** గొర్రెలు ఉన్నాయి.",Qwen3.5-27B,1.0,True,"The candidate solution correctly interprets the problem statements: Seattle = 20, Charleston = 4 * Seattle = 80, Toulouse = 2 * Charleston = 160. The final summation (20 + 80 + 160 = 260) is mathematically accurate. The logical steps and calculations are valid.","{
  ""score"": 1.0,
  ""correct"": true,
  ""reason"": ""The candidate solution correctly interprets the problem statements: Seattle = 20, Charleston = 4 * Seattle = 80, Toulouse = 2 * Charleston = 160. The final summation (20 + 80 + 160 = 260) is mathematically accurate. The logical steps and calculations are valid.""
}","The user wants me to evaluate a mathematical solution provided in Telugu.

**1. Analyze the Question:**
The question is in Telugu.
Translation:
""There are twice as many sheep in Toulouse as in Charleston. There are 4 times more sheep in Charleston than in Seattle. If there are 20 sheep in Seattle, how many sheep are there in total in Toulouse, Charleston, and Seattle?""

Let $S$ be the number of sheep in Seattle.
Let $C$ be the number of sheep in Charleston.
Let $T$ be the number of sheep in Toulouse.

Given:
1. $T = 2 \times C$ (Twice as many in Toulouse as in Charleston)
2. $C = 4 \times S$ (4 times more in Charleston than in Seattle)
3. $S = 20$ (20 sheep in Seattle)

Goal: Find $T + C + S$.

**2. Solve the Problem Independently:**
$S = 20$
$C = 4 \times 20 = 80$
$T = 2 \times 80 = 160$
Total = $S + C + T = 20 + 80 + 160$
Total = $100 + 160 = 260$

**3. Evaluate the Candidate Solution:**
The candidate solution is also in Telugu.
It breaks down the problem into steps.

**Step 1:**
Given: Seattle = 20.
Charleston = 4 * Seattle.
Calculation: $4 \times 20 = 80$.
This matches my calculation.

**Step 2:**
Toulouse = 2 * Charleston.
Calculation: $2 \times 80 = 160$.
This matches my calculation.

**Step 3:**
Total = Seattle + Charleston + Toulouse.
Calculation: $20 + 80 + 160 = 260$.
This matches my calculation.

**Conclusion:**
The candidate solution is mathematically correct. The reasoning is clear, the calculations are accurate, and the final answer is correct.

**4. Formulate the Output:**
Score: 1.0
Correct: true
"
Gemma-4-31B,7,P2,"టౌలస్ వద్ద చార్లెస్టన్ కంటే రెట్టింపు సంఖ్యలో గొర్రెలు ఉన్నాయి. చార్లెస్టన్ వద్ద సియాటెల్ కంటే 4 రెట్లు ఎక్కువగా గొర్రెలు ఉన్నాయి. సియాటెల్ వద్ద 20 గొర్రెలు ఉన్నట్లయితే టౌలస్, చార్లెస్టన్ మరియు సియాటెల్ వద్ద మొత్తం ఎన్ని గొర్రెలు ఉన్నాయి?","Please solve the following math problem carefully. Explain your solution step by step and clearly state the final answer.

Problem:
టౌలస్ వద్ద చార్లెస్టన్ కంటే రెట్టింపు సంఖ్యలో గొర్రెలు ఉన్నాయి. చార్లెస్టన్ వద్ద సియాటెల్ కంటే 4 రెట్లు ఎక్కువగా గొర్రెలు ఉన్నాయి. సియాటెల్ వద్ద 20 గొర్రెలు ఉన్నట్లయితే టౌలస్, చార్లెస్టన్ మరియు సియాటెల్ వద్ద మొత్తం ఎన్ని గొర్రెలు ఉన్నాయి?","*   Language: Telugu.
    *   Problem Statement:
        *   Toulouse has twice as many sheep as Charleston.
        *   Charleston has 4 times as many sheep as Seattle.
        *   Seattle has 20 sheep.
        *   Question: What is the total number of sheep in Toulouse, Charleston, and Seattle?

    *   Seattle (సియాటెల్) = 20 sheep.
    *   Charleston (చార్లెస్టన్) = 4 * Seattle.
    *   Toulouse (టౌలస్) = 2 * Charleston.

    *   Step 1: Find the number of sheep in Seattle.
        *   Seattle = 20.
    *   Step 2: Find the number of sheep in Charleston.
        *   Charleston = 4 × 20 = 80.
    *   Step 3: Find the number of sheep in Toulouse.
        *   Toulouse = 2 × 80 = 160.
    *   Step 4: Find the total sum.
        *   Total = Toulouse + Charleston + Seattle
        *   Total = 160 + 80 + 20.
        *   Calculation: 160 + 80 = 240; 240 + 20 = 260.

    *   Translate calculations and steps back into Telugu.
    *   Seattle: సియాటెల్ వద్ద ఉన్న గొర్రెలు = 20.
    *   Charleston: చార్లెస్టన్ వద్ద ఉన్న గొర్రెలు = 4 × 20 = 80.
    *   Toulouse: టౌలస్ వద్ద ఉన్న గొర్రెలు = 2 × 80 = 160.
    *   Total: మొత్తం గొర్రెల సంఖ్య = 160 + 80 + 20 = 260.","ఈ సమస్యను దశలవారీగా పరిష్కరిద్దాం:

**ఇచ్చిన సమాచారం:**
1. సియాటెల్ వద్ద ఉన్న గొర్రెల సంఖ్య = 20
2. చార్లెస్టన్ వద్ద సియాటెల్ కంటే 4 రెట్లు ఎక్కువ గొర్రెలు ఉన్నాయి.
3. టౌలస్ వద్ద చార్లెస్టన్ కంటే రెట్టింపు (2 రెట్లు) గొర్రెలు ఉన్నాయి.

**దశలవారీ గణన:**

*   **దశ 1: చార్లెస్టన్ వద్ద ఉన్న గొర్రెల సంఖ్యను కనుగొనడం**
    చార్లెస్టన్ = 4 × సియాటెల్
    చార్లెస్టన్ = 4 × 20 = **80 గొర్రెలు**

*   **దశ 2: టౌలస్ వద్ద ఉన్న గొర్రెల సంఖ్యను కనుగొనడం**
    టౌలస్ = 2 × చార్లెస్టన్
    టౌలస్ = 2 × 80 = **160 గొర్రెలు**

*   **దశ 3: మూడింటి వద్ద ఉన్న మొత్తం గొర్రెల సంఖ్యను కనుగొనడం**
    మొత్తం = టౌలస్ + చార్లెస్టన్ + సియాటెల్
    మొత్తం = 160 + 80 + 20
    మొత్తం = **260 గొర్రెలు**

**ముగింపు:**
టౌలస్, చార్లెస్టన్ మరియు సియాటెల్ వద్ద మొత్తం **260** గొర్రెలు ఉన్నాయి.",Qwen3.5-27B,1.0,True,"The candidate solution correctly interprets the relationships between the number of sheep in each city. It accurately calculates Charleston's sheep as 4 times Seattle's (4 * 20 = 80) and Toulouse's sheep as 2 times Charleston's (2 * 80 = 160). Finally, it correctly sums the values (160 + 80 + 20) to get the total of 260. The reasoning and calculations are mathematically valid.","{
  ""score"": 1.0,
  ""correct"": true,
  ""reason"": ""The candidate solution correctly interprets the relationships between the number of sheep in each city. It accurately calculates Charleston's sheep as 4 times Seattle's (4 * 20 = 80) and Toulouse's sheep as 2 times Charleston's (2 * 80 = 160). Finally, it correctly sums the values (160 + 80 + 20) to get the total of 260. The reasoning and calculations are mathematically valid.""
}","The user wants me to evaluate a mathematical solution provided in Telugu.

**1. Analyze the Question:**
The question is in Telugu. Let's translate it to understand the math problem.
""టౌలస్ వద్ద చార్లెస్టన్ కంటే రెట్టింపు సంఖ్యలో గొర్రెలు ఉన్నాయి."" -> Toulouse has twice as many sheep as Charleston.
""చార్లెస్టన్ వద్ద సియాటెల్ కంటే 4 రెట్లు ఎక్కువగా గొర్రెలు ఉన్నాయి."" -> Charleston has 4 times as many sheep as Seattle.
""సియాటెల్ వద్ద 20 గొర్రెలు ఉన్నట్లయితే టౌలస్, చార్లెస్టన్ మరియు సియాటెల్ వద్ద మొత్తం ఎన్ని గొర్రెలు ఉన్నాయి?"" -> If Seattle has 20 sheep, how many sheep are there in total in Toulouse, Charleston, and Seattle?

**2. Solve the Problem Independently:**
*   **Seattle (S):** 20 sheep.
*   **Charleston (C):** 4 times Seattle.
    *   $C = 4 \times S = 4 \times 20 = 80$ sheep.
*   **Toulouse (T):** Twice Charleston.
    *   $T = 2 \times C = 2 \times 80 = 160$ sheep.
*   **Total:** $T + C + S$
    *   $Total = 160 + 80 + 20$
    *   $Total = 240 + 20 = 260$ sheep.

**3. Evaluate the Candidate Solution:**
*   **Given Info:**
    *   Seattle = 20. (Correct)
    *   Charleston = 4 * Seattle. (Correct interpretation of ""4 రెట్లు ఎక్కువగా"" - usually means 4 times as many. Sometimes ""4 times more"" can be ambiguous ($x + 4x$), but in standard word problems of this level, ""4 రెట్లు"" or ""4 times"" usually means"
Gemma-4-31B,7,P3,"టౌలస్ వద్ద చార్లెస్టన్ కంటే రెట్టింపు సంఖ్యలో గొర్రెలు ఉన్నాయి. చార్లెస్టన్ వద్ద సియాటెల్ కంటే 4 రెట్లు ఎక్కువగా గొర్రెలు ఉన్నాయి. సియాటెల్ వద్ద 20 గొర్రెలు ఉన్నట్లయితే టౌలస్, చార్లెస్టన్ మరియు సియాటెల్ వద్ద మొత్తం ఎన్ని గొర్రెలు ఉన్నాయి?","Work through the following math problem step by step. Show how you arrive at the answer and give the final result.

Problem:
టౌలస్ వద్ద చార్లెస్టన్ కంటే రెట్టింపు సంఖ్యలో గొర్రెలు ఉన్నాయి. చార్లెస్టన్ వద్ద సియాటెల్ కంటే 4 రెట్లు ఎక్కువగా గొర్రెలు ఉన్నాయి. సియాటెల్ వద్ద 20 గొర్రెలు ఉన్నట్లయితే టౌలస్, చార్లెస్టన్ మరియు సియాటెల్ వద్ద మొత్తం ఎన్ని గొర్రెలు ఉన్నాయి?","*   Language: Telugu.
    *   Given Information:
        1.  Toulouse has twice as many sheep as Charleston. (టౌలస్ వద్ద చార్లెస్టన్ కంటే రెట్టింపు సంఖ్యలో గొర్రెలు ఉన్నాయి.)
        2.  Charleston has 4 times as many sheep as Seattle. (చార్లెస్టన్ వద్ద సియాటెల్ కంటే 4 రెట్లు ఎక్కువగా గొర్రెలు ఉన్నాయి.)
        3.  Seattle has 20 sheep. (సియాటెల్ వద్ద 20 గొర్రెలు ఉన్నాయి.)
    *   Goal: Find the total number of sheep at Toulouse, Charleston, and Seattle. (టౌలస్, చార్లెస్టన్ మరియు సియాటెల్ వద్ద మొత్తం ఎన్ని గొర్రెలు ఉన్నాయి?)

    *   **Step 1: Find the number of sheep in Seattle.**
        *   Given: Seattle = 20 sheep.

    *   **Step 2: Find the number of sheep in Charleston.**
        *   Condition: Charleston = 4 times Seattle.
        *   Calculation: $4 \times 20 = 80$.
        *   Result: Charleston has 80 sheep.

    *   **Step 3: Find the number of sheep in Toulouse.**
        *   Condition: Toulouse = 2 times Charleston.
        *   Calculation: $2 \times 80 = 160$.
        *   Result: Toulouse has 160 sheep.

    *   **Step 4: Calculate the total number of sheep.**
        *   Formula: Total = Seattle + Charleston + Toulouse.
        *   Calculation: $20 + 80 + 160$.
        *   Summing them: $20 + 80 = 100$; $100 + 160 = 260$.
        *   Result: Total = 260 sheep.

    *   Start with the known value (Seattle).
    *   Calculate Charleston based on Seattle.
    *   Calculate Toulouse based on Charleston.
    *   Sum them up.

    *   *Seattle:* సియాటెల్ వద్ద ఉన్న గొర్రెల సంఖ్య = 20.
    *   *Charleston:* చార్లెస్టన్ వద్ద ఉన్న గొర్రెల సంఖ్య = $4 \times 20 = 80$.
    *   *Toulouse:* టౌలస్ వద్ద ఉన్న గొర్రెల సంఖ్య = $2 \times 80 = 160$.
    *   *Total:* మొత్తం గొర్రెల సంఖ్య = $20 + 80 + 160 = 260$.","ఈ సమస్యను దశలవారీగా పరిష్కరిద్దాం:

**ఇచ్చిన సమాచారం:**
1. సియాటెల్ వద్ద ఉన్న గొర్రెల సంఖ్య = 20
2. చార్లెస్టన్ వద్ద సియాటెల్ కంటే 4 రెట్లు ఎక్కువ గొర్రెలు ఉన్నాయి.
3. టౌలస్ వద్ద చార్లెస్టన్ కంటే రెట్టింపు (2 రెట్లు) గొర్రెలు ఉన్నాయి.

**దశలవారీ లెక్క:**

**దశ 1: చార్లెస్టన్ వద్ద ఉన్న గొర్రెల సంఖ్యను కనుగొనడం**
చార్లెస్టన్ వద్ద సియాటెల్ కంటే 4 రెట్లు ఎక్కువ ఉన్నాయి.
$\text{చార్లెస్టన్} = 4 \times \text{సియాటెల్}$
$\text{చార్లెస్టన్} = 4 \times 20 = 80$ గొర్రెలు.

**దశ 2: టౌలస్ వద్ద ఉన్న గొర్రెల సంఖ్యను కనుగొనడం**
టౌలస్ వద్ద చార్లెస్టన్ కంటే రెట్టింపు సంఖ్యలో ఉన్నాయి.
$\text{టౌలస్} = 2 \times \text{చార్లెస్టన్}$
$\text{టౌలస్} = 2 \times 80 = 160$ గొర్రెలు.

**దశ 3: మొత్తం గొర్రెల సంఖ్యను లెక్కించడం**
మొత్తం గొర్రెలు = సియాటెల్ + చార్లెస్టన్ + టౌలస్
$\text{మొత్తం} = 20 + 80 + 160$
$\text{మొత్తం} = 100 + 160 = 260$ గొర్రెలు.

**ముగింపు:**
టౌలస్, చార్లెస్టన్ మరియు సియాటెల్ వద్ద మొత్తం **260** గొర్రెలు ఉన్నాయి.",Qwen3.5-27B,1.0,True,"The candidate solution correctly interprets the problem statement. It accurately calculates the number of sheep in Charleston (4 * 20 = 80) and Toulouse (2 * 80 = 160), and then correctly sums them up with Seattle's count (20 + 80 + 160 = 260). The logic and arithmetic are flawless.","{
  ""score"": 1.0,
  ""correct"": true,
  ""reason"": ""The candidate solution correctly interprets the problem statement. It accurately calculates the number of sheep in Charleston (4 * 20 = 80) and Toulouse (2 * 80 = 160), and then correctly sums them up with Seattle's count (20 + 80 + 160 = 260). The logic and arithmetic are flawless.""
}","The user wants me to evaluate a mathematical solution provided in Telugu.

**1. Analyze the Question:**
The question is in Telugu.
Translation:
""There are twice as many sheep in Toulouse as in Charleston. There are 4 times more sheep in Charleston than in Seattle. If there are 20 sheep in Seattle, how many sheep are there in total in Toulouse, Charleston, and Seattle?""

Let $S$ be the number of sheep in Seattle.
Let $C$ be the number of sheep in Charleston.
Let $T$ be the number of sheep in Toulouse.

Given:
1. $S = 20$
2. $C = 4 \times S$ (Charleston has 4 times more than Seattle)
3. $T = 2 \times C$ (Toulouse has twice as many as Charleston)

Find: $T + C + S$

**2. Solve the Problem Independently:**
1. $S = 20$
2. $C = 4 \times 20 = 80$
3. $T = 2 \times 80 = 160$
4. Total = $20 + 80 + 160 = 260$

**3. Evaluate the Candidate Solution:**
The candidate solution is also in Telugu.

**Step 1:**
Identifies given info:
- Seattle = 20
- Charleston = 4 times Seattle
- Toulouse = 2 times Charleston

**Step 2:**
Calculates Charleston:
$C = 4 \times 20 = 80$.
This matches my calculation.

**Step 3:**
Calculates Toulouse:
$T = 2 \times 80 = 160$.
This matches my calculation.

**Step 4:**
Calculates Total:
Total = $20 + 80 + 160 = 260$.
This matches my calculation.

**Conclusion:**
The reasoning is sound, the calculations are correct, and the final answer is correct.

**4. Formulate the Output:**
Score: 1.0
Correct: true
Reason: The candidate correctly interprets the relationships between the number of sheep in each city, performs the multiplication and addition accurately,"
Gemma-4-31B,7,P4,"టౌలస్ వద్ద చార్లెస్టన్ కంటే రెట్టింపు సంఖ్యలో గొర్రెలు ఉన్నాయి. చార్లెస్టన్ వద్ద సియాటెల్ కంటే 4 రెట్లు ఎక్కువగా గొర్రెలు ఉన్నాయి. సియాటెల్ వద్ద 20 గొర్రెలు ఉన్నట్లయితే టౌలస్, చార్లెస్టన్ మరియు సియాటెల్ వద్ద మొత్తం ఎన్ని గొర్రెలు ఉన్నాయి?","Find the solution to the following problem. Explain your reasoning and calculations before giving the final answer.

Problem:
టౌలస్ వద్ద చార్లెస్టన్ కంటే రెట్టింపు సంఖ్యలో గొర్రెలు ఉన్నాయి. చార్లెస్టన్ వద్ద సియాటెల్ కంటే 4 రెట్లు ఎక్కువగా గొర్రెలు ఉన్నాయి. సియాటెల్ వద్ద 20 గొర్రెలు ఉన్నట్లయితే టౌలస్, చార్లెస్టన్ మరియు సియాటెల్ వద్ద మొత్తం ఎన్ని గొర్రెలు ఉన్నాయి?","*   The problem is in Telugu.
    *   Given:
        *   Toulouse (టౌలస్) has twice as many sheep as Charleston (చార్లెస్టన్).
        *   Charleston (చార్లెస్టన్) has 4 times as many sheep as Seattle (సియాటెల్).
        *   Seattle (సియాటెల్) has 20 sheep.
    *   Goal: Find the total number of sheep at Toulouse, Charleston, and Seattle.

    *   Seattle (సియాటెల్) = 20 sheep.
    *   Charleston (చార్లెస్టన్) = 4 × Seattle.
    *   Toulouse (టౌలస్) = 2 × Charleston.

    *   Seattle = 20
    *   Charleston = 4 * 20 = 80
    *   Toulouse = 2 * 80 = 160

    *   Total = Seattle + Charleston + Toulouse
    *   Total = 20 + 80 + 160

    *   20 + 80 = 100
    *   100 + 160 = 260

    *   సియాటెల్ వద్ద గొర్రెలు = 20
    *   చార్లెస్టన్ వద్ద గొర్రెలు = 4 * 20 = 80
    *   టౌలస్ వద్ద గొర్రెలు = 2 * 80 = 160
    *   మొత్తం గొర్రెలు = 20 + 80 + 160 = 260","ఈ సమస్యను దశలవారీగా పరిష్కరిద్దాం:

**ఇచ్చిన సమాచారం:**
1. సియాటెల్ (Seattle) వద్ద గొర్రెల సంఖ్య = 20
2. చార్లెస్టన్ (Charleston) వద్ద సియాటెల్ కంటే 4 రెట్లు ఎక్కువ గొర్రెలు ఉన్నాయి.
3. టౌలస్ (Toulouse) వద్ద చార్లెస్టన్ కంటే రెట్టింపు (2 రెట్లు) గొర్రెలు ఉన్నాయి.

**లెక్కలు:**
*   **సియాటెల్ వద్ద గొర్రెలు** = 20
*   **చార్లెస్టన్ వద్ద గొర్రెలు** = 4 × 20 = 80
*   **టౌలస్ వద్ద గొర్రెలు** = 2 × 80 = 160

**మొత్తం గొర్రెల సంఖ్య:**
మొత్తం గొర్రెలు = సియాటెల్ + చార్లెస్టన్ + టౌలస్
మొత్తం గొర్రెలు = 20 + 80 + 160
మొత్తం గొర్రెలు = 100 + 160 = 260

**ముగింపు:**
టౌలస్, చార్లెస్టన్ మరియు సియాటెల్ వద్ద మొత్తం **260** గొర్రెలు ఉన్నాయి.",Qwen3.5-27B,1.0,True,The candidate solution correctly interprets the relationships between the number of sheep in each city. It accurately calculates Charleston's sheep (4 * 20 = 80) and Toulouse's sheep (2 * 80 = 160). The final summation (20 + 80 + 160 = 260) is mathematically correct.,"{
  ""score"": 1.0,
  ""correct"": true,
  ""reason"": ""The candidate solution correctly interprets the relationships between the number of sheep in each city. It accurately calculates Charleston's sheep (4 * 20 = 80) and Toulouse's sheep (2 * 80 = 160). The final summation (20 + 80 + 160 = 260) is mathematically correct.""
}","The user wants me to evaluate a mathematical solution provided in Telugu.

**1. Analyze the Question:**
The question is in Telugu.
Translation:
""There are twice as many sheep in Toulouse as in Charleston. There are 4 times more sheep in Charleston than in Seattle. If there are 20 sheep in Seattle, how many sheep are there in total in Toulouse, Charleston, and Seattle?""

Let $S$ be the number of sheep in Seattle.
Let $C$ be the number of sheep in Charleston.
Let $T$ be the number of sheep in Toulouse.

Given:
1. $S = 20$
2. $C = 4 \times S$ (Charleston has 4 times more than Seattle)
3. $T = 2 \times C$ (Toulouse has twice as many as Charleston)

Find: $T + C + S$

**2. Solve the Problem Independently:**
$S = 20$
$C = 4 \times 20 = 80$
$T = 2 \times 80 = 160$

Total = $S + C + T = 20 + 80 + 160$
Total = $100 + 160 = 260$

**3. Evaluate the Candidate Solution:**
The candidate solution is also in Telugu.

**Steps taken by candidate:**
1. **Given Info:**
   - Seattle = 20
   - Charleston = 4 times Seattle
   - Toulouse = 2 times Charleston
2. **Calculations:**
   - Seattle = 20
   - Charleston = $4 \times 20 = 80$
   - Toulouse = $2 \times 80 = 160$
3. **Total:**
   - Total = $20 + 80 + 160$
   - Total = $100 + 160 = 260$
4. **Conclusion:**
   - Total sheep = 260

**Comparison:**
- The interpretation of the relationships matches my independent solution.
- The arithmetic is correct ($4 \times 20 = 80$, $2 \times 80 = 160"
Gemma-4-31B,7,P5,"టౌలస్ వద్ద చార్లెస్టన్ కంటే రెట్టింపు సంఖ్యలో గొర్రెలు ఉన్నాయి. చార్లెస్టన్ వద్ద సియాటెల్ కంటే 4 రెట్లు ఎక్కువగా గొర్రెలు ఉన్నాయి. సియాటెల్ వద్ద 20 గొర్రెలు ఉన్నట్లయితే టౌలస్, చార్లెస్టన్ మరియు సియాటెల్ వద్ద మొత్తం ఎన్ని గొర్రెలు ఉన్నాయి?","Carefully solve the following mathematical problem. Provide a step-by-step solution and conclude with the final answer.

Problem:
టౌలస్ వద్ద చార్లెస్టన్ కంటే రెట్టింపు సంఖ్యలో గొర్రెలు ఉన్నాయి. చార్లెస్టన్ వద్ద సియాటెల్ కంటే 4 రెట్లు ఎక్కువగా గొర్రెలు ఉన్నాయి. సియాటెల్ వద్ద 20 గొర్రెలు ఉన్నట్లయితే టౌలస్, చార్లెస్టన్ మరియు సియాటెల్ వద్ద మొత్తం ఎన్ని గొర్రెలు ఉన్నాయి?","*   Toulouse (టౌలస్)
    *   Charleston (చార్లెస్టన్)
    *   Seattle (సియాటెల్)

    *   Seattle has 20 sheep (సియాటెల్ వద్ద 20 గొర్రెలు ఉన్నాయి).
    *   Charleston has 4 times as many sheep as Seattle (చార్లెస్టన్ వద్ద సియాటెల్ కంటే 4 రెట్లు ఎక్కువగా గొర్రెలు ఉన్నాయి).
    *   Toulouse has twice as many sheep as Charleston (టౌలస్ వద్ద చార్లెస్టన్ కంటే రెట్టింపు సంఖ్యలో గొర్రెలు ఉన్నాయి).

    *   **Step 1: Find the number of sheep in Seattle.**
        *   Given: Seattle = 20.

    *   **Step 2: Find the number of sheep in Charleston.**
        *   Condition: Charleston = 4 * Seattle.
        *   Calculation: 4 * 20 = 80.
        *   So, Charleston has 80 sheep.

    *   **Step 3: Find the number of sheep in Toulouse.**
        *   Condition: Toulouse = 2 * Charleston.
        *   Calculation: 2 * 80 = 160.
        *   So, Toulouse has 160 sheep.

    *   **Step 4: Find the total number of sheep across all three cities.**
        *   Total = Toulouse + Charleston + Seattle.
        *   Total = 160 + 80 + 20.
        *   Total = 160 + 100 = 260.

    *   సియాటెల్ (Seattle) = 20
    *   చార్లెస్టన్ (Charleston) = 20 * 4 = 80
    *   టౌలస్ (Toulouse) = 80 * 2 = 160
    *   మొత్తం (Total) = 20 + 80 + 160 = 260

    *   State the given values clearly.
    *   Perform calculations step-by-step.
    *   Sum them up for the final result.","ఈ సమస్యను దశలవారీగా పరిష్కరిద్దాం:

**ఇచ్చిన సమాచారం:**
1. సియాటెల్ (Seattle) వద్ద గొర్రెల సంఖ్య = 20
2. చార్లెస్టన్ (Charleston) వద్ద సియాటెల్ కంటే 4 రెట్లు ఎక్కువ గొర్రెలు ఉన్నాయి.
3. టౌలస్ (Toulouse) వద్ద చార్లెస్టన్ కంటే రెట్టింపు (2 రెట్లు) గొర్రెలు ఉన్నాయి.

**దశలవారీ గణన:**

*   **దశ 1: చార్లెస్టన్ వద్ద ఉన్న గొర్రెల సంఖ్యను కనుగొనడం.**
    చార్లెస్టన్ = 4 $\times$ సియాటెల్
    చార్లెస్టన్ = 4 $\times$ 20 = 80 గొర్రెలు.

*   **దశ 2: టౌలస్ వద్ద ఉన్న గొర్రెల సంఖ్యను కనుగొనడం.**
    టౌలస్ = 2 $\times$ చార్లెస్టన్
    టౌలస్ = 2 $\times$ 80 = 160 గొర్రెలు.

*   **దశ 3: మూడు నగరాల్లోని మొత్తం గొర్రెల సంఖ్యను కనుగొనడం.**
    మొత్తం = టౌలస్ + చార్లెస్టన్ + సియాటెల్
    మొత్తం = 160 + 80 + 20
    మొత్తం = 260 గొర్రెలు.

**ముగింపు:**
టౌలస్, చార్లెస్టన్ మరియు సియాటెల్ వద్ద మొత్తం **260** గొర్రెలు ఉన్నాయి.",Qwen3.5-27B,1.0,True,"The candidate solution correctly interprets the relationships between the number of sheep in each city. It accurately calculates Charleston's sheep (4 * 20 = 80), Toulouse's sheep (2 * 80 = 160), and the total sum (160 + 80 + 20 = 260). The reasoning is logical and the arithmetic is correct.","{
  ""score"": 1.0,
  ""correct"": true,
  ""reason"": ""The candidate solution correctly interprets the relationships between the number of sheep in each city. It accurately calculates Charleston's sheep (4 * 20 = 80), Toulouse's sheep (2 * 80 = 160), and the total sum (160 + 80 + 20 = 260). The reasoning is logical and the arithmetic is correct.""
}","The user wants me to evaluate a mathematical solution provided in Telugu.

**1. Analyze the Question:**
*   **Given:**
    *   Toulouse has twice as many sheep as Charleston. (టౌలస్ వద్ద చార్లెస్టన్ కంటే రెట్టింపు సంఖ్యలో గొర్రెలు ఉన్నాయి)
    *   Charleston has 4 times as many sheep as Seattle. (చార్లెస్టన్ వద్ద సియాటెల్ కంటే 4 రెట్లు ఎక్కువగా గొర్రెలు ఉన్నాయి)
    *   Seattle has 20 sheep. (సియాటెల్ వద్ద 20 గొర్రెలు ఉన్నట్లయితే)
*   **Goal:** Find the total number of sheep in Toulouse, Charleston, and Seattle.

**2. Solve Independently:**
*   Let $S$ be sheep in Seattle. $S = 20$.
*   Let $C$ be sheep in Charleston. $C = 4 \times S = 4 \times 20 = 80$.
*   Let $T$ be sheep in Toulouse. $T = 2 \times C = 2 \times 80 = 160$.
*   Total = $T + C + S = 160 + 80 + 20$.
*   Calculation: $160 + 80 = 240$. $240 + 20 = 260$.
*   Final Answer: 260.

**3. Evaluate the Candidate Solution:**
*   **Step 1:** Identifies Seattle = 20. Correct.
*   **Step 2:** Calculates Charleston. ""చార్లెస్టన్ = 4 $\times$ సియాటెల్"". $4 \times 20 = 80$. Correct.
*   **Step 3:** Calculates Toulouse. ""టౌలస్ = 2 $\times$ చార్లెస్టన్"". $2 \times 80 = 160$. Correct.
*   **Step 4:** Calculates Total. $160 + 80 + 20 = "
Gemma-4-31B,8,P1,"కార్లా 200GB ఫైలును డౌన్‌లోడ్ చేస్తోంది. సాధారణంగా ఆమె నిమిషానికి 2 GB డౌన్‌లోడ్ చేయగలదు, కానీ డౌన్‌లోడ్ 40% చేరుకునే సరికి, అప్‌డేట్‌లను ఇన్‌స్టాల్ చేయడానికి విండోస్ ఫోర్స్ రీస్టార్ట్ అయింది, దీనికి 20 నిమిషాలు పట్టింది. తరువాత కార్లా డౌన్‌లోడ్‌ని మొదటి నుంచి తిరిగి ప్రారంభించాల్సి వచ్చింది. ఫైలు డౌన్‌లోడ్ చేయడానికి ఎంత లోడ్ పడుతుంది?","Solve the following math problem step by step. Show your reasoning clearly and provide the final answer.

Problem:
కార్లా 200GB ఫైలును డౌన్‌లోడ్ చేస్తోంది. సాధారణంగా ఆమె నిమిషానికి 2 GB డౌన్‌లోడ్ చేయగలదు, కానీ డౌన్‌లోడ్ 40% చేరుకునే సరికి, అప్‌డేట్‌లను ఇన్‌స్టాల్ చేయడానికి విండోస్ ఫోర్స్ రీస్టార్ట్ అయింది, దీనికి 20 నిమిషాలు పట్టింది. తరువాత కార్లా డౌన్‌లోడ్‌ని మొదటి నుంచి తిరిగి ప్రారంభించాల్సి వచ్చింది. ఫైలు డౌన్‌లోడ్ చేయడానికి ఎంత లోడ్ పడుతుంది?","*   File size: 200 GB.
    *   Download speed: 2 GB per minute.
    *   Incident: Download reached 40%, then a Windows force restart occurred.
    *   Restart duration: 20 minutes.
    *   Consequence: Download had to start from the beginning (0%).
    *   Goal: Find the total time taken to complete the download.

    *   Total file size = 200 GB.
    *   40% of 200 GB = $0.40 \times 200 = 80$ GB.
    *   Time taken to download 80 GB at 2 GB/min = $80 / 2 = 40$ minutes.

    *   Restart time = 20 minutes.

    *   Since the download had to restart from the beginning, she needs to download the entire 200 GB.
    *   Time taken to download 200 GB at 2 GB/min = $200 / 2 = 100$ minutes.

    *   Total Time = (Time for first partial download) + (Restart time) + (Time for full download).
    *   Total Time = 40 minutes + 20 minutes + 100 minutes.
    *   Total Time = 160 minutes.

    *   160 minutes = 2 hours and 40 minutes.

    *   Step 1: Calculate time for the first 40%. (80 GB / 2 GB/min = 40 min).
    *   Step 2: Add restart time. (20 min).
    *   Step 3: Calculate time for the full restart. (200 GB / 2 GB/min = 100 min).
    *   Sum: 40 + 20 + 100 = 160 minutes.","ఈ సమస్యను దశలవారీగా పరిష్కరిద్దాం:

**దశ 1: మొదటి ప్రయత్నంలో డౌన్‌లోడ్ అయిన సమయం మరియు పరిమాణాన్ని లెక్కించడం.**
* ఫైలు మొత్తం పరిమాణం = 200 GB
* డౌన్‌లోడ్ 40% చేరుకుంది, అంటే: $200 \text{ GB} \times 40\% = 200 \times \frac{40}{100} = 80 \text{ GB}$
* డౌన్‌లోడ్ వేగం = నిమిషానికి 2 GB
* 80 GB డౌన్‌లోడ్ చేయడానికి పట్టిన సమయం = $\frac{80}{2} = 40$ నిమిషాలు.

**దశ 2: రీస్టార్ట్ సమయాన్ని లెక్కించడం.**
* విండోస్ ఫోర్స్ రీస్టార్ట్ కోసం పట్టిన సమయం = 20 నిమిషాలు.

**దశ 3: రెండో ప్రయత్నంలో (మొదటి నుంచి) డౌన్‌లోడ్ చేయడానికి పట్టిన సమయం.**
* కార్లా డౌన్‌లోడ్‌ను మొదటి నుంచి ప్రారంభించాల్సి వచ్చింది, కాబట్టి ఆమె మళ్ళీ పూర్తి 200 GB డౌన్‌లోడ్ చేయాలి.
* 200 GB డౌన్‌లోడ్ చేయడానికి పట్టే సమయం = $\frac{200}{2} = 100$ నిమిషాలు.

**దశ 4: మొత్తం పట్టిన సమయాన్ని లెక్కించడం.**
* మొత్తం సమయం = (మొదటి ప్రయత్న సమయం) + (రీస్టార్ట్ సమయం) + (రెండో ప్రయత్న సమయం)
* మొత్తం సమయం = $40 + 20 + 100 = 160$ నిమిషాలు.

**సమయాన్ని గంటల్లోకి మారిస్తే:**
160 నిమిషాలు = 2 గంటల 40 నిమిషాలు.

**ముగింపు:**
ఫైలు పూర్తిగా డౌన్‌లోడ్ అవ్వడానికి మొత్తం **160 నిమిషాలు (లేదా 2 గంటల 40 నిమిషాలు)** పడుతుంది.",Qwen3.5-27B,,,"JUDGE_ERROR: Invalid JSON returned by Qwen.
Response:
: Identifies restart time = 20 minutes. Correct.
*   **Step 4:** Calculates time for full 200 GB download = 100 minutes. Correct.
*   **Step 5:** Sums up: 40 + 20 + 100 = 160 minutes. Correct.
*   **Conclusion:** States 160 minutes (2 hours 40 minutes). Correct.

**4. Check for Errors:**
*   Logic is sound.
*   Calculations are correct.
*   Interpretation of ""restart from beginning"" is handled correctly (full download time added).
*   Language is Telugu, which matches the question.

**5. Final Verdict:**
*   Score: 1.0
*   Correct: true
*   Reason: The solution correctly calculates the time for the partial download, adds the restart delay, and adds the time for the full download again. All arithmetic is accurate.

**6. Formatting:**
*   Return JSON object.
*   Fields: ""score"", ""correct"", ""reason"".

Let's draft the reason.
The candidate correctly calculates the time taken for the initial 40% download (40 mins), adds the restart time (20 mins), and adds the time for the full download from scratch (100 mins). The sum is 160 minutes, which",": Identifies restart time = 20 minutes. Correct.
*   **Step 4:** Calculates time for full 200 GB download = 100 minutes. Correct.
*   **Step 5:** Sums up: 40 + 20 + 100 = 160 minutes. Correct.
*   **Conclusion:** States 160 minutes (2 hours 40 minutes). Correct.

**4. Check for Errors:**
*   Logic is sound.
*   Calculations are correct.
*   Interpretation of ""restart from beginning"" is handled correctly (full download time added).
*   Language is Telugu, which matches the question.

**5. Final Verdict:**
*   Score: 1.0
*   Correct: true
*   Reason: The solution correctly calculates the time for the partial download, adds the restart delay, and adds the time for the full download again. All arithmetic is accurate.

**6. Formatting:**
*   Return JSON object.
*   Fields: ""score"", ""correct"", ""reason"".

Let's draft the reason.
The candidate correctly calculates the time taken for the initial 40% download (40 mins), adds the restart time (20 mins), and adds the time for the full download from scratch (100 mins). The sum is 160 minutes, which","The user wants me to evaluate a mathematical solution provided in Telugu.

**1. Analyze the Question:**
*   **Total File Size:** 200 GB
*   **Download Speed:** 2 GB/minute
*   **Event:** Download reached 40%, then Windows forced a restart.
*   **Restart Time:** 20 minutes.
*   **Consequence:** Download had to restart from the beginning.
*   **Question:** How long does it take to download the file? (Total time elapsed).

**2. Solve the Problem Independently:**
*   **Step 1: Calculate the amount downloaded before the restart.**
    *   40% of 200 GB = $0.40 \times 200 = 80$ GB.
*   **Step 2: Calculate the time taken for the first attempt.**
    *   Time = Amount / Speed = $80 \text{ GB} / 2 \text{ GB/min} = 40$ minutes.
*   **Step 3: Account for the restart time.**
    *   Restart time = 20 minutes.
*   **Step 4: Calculate the time for the second attempt.**
    *   Since it restarted from the beginning, the full 200 GB needs to be downloaded again.
    *   Time = $200 \text{ GB} / 2 \text{ GB/min} = 100$ minutes.
*   **Step 5: Calculate total time.**
    *   Total Time = (Time for 1st attempt) + (Restart time) + (Time for 2nd attempt)
    *   Total Time = $40 + 20 + 100 = 160$ minutes.
*   **Step 6: Convert to hours/minutes (optional but good for context).**
    *   160 minutes = 2 hours 40 minutes.

**3. Evaluate the Candidate Solution:**
*   **Step 1:** Calculates 40% of 200 GB = 80 GB. Correct.
*   **Step 2:** Calculates time for 80 GB at 2 GB/min = 40 minutes. Correct.
*   **Step 3"
Gemma-4-31B,8,P2,"కార్లా 200GB ఫైలును డౌన్‌లోడ్ చేస్తోంది. సాధారణంగా ఆమె నిమిషానికి 2 GB డౌన్‌లోడ్ చేయగలదు, కానీ డౌన్‌లోడ్ 40% చేరుకునే సరికి, అప్‌డేట్‌లను ఇన్‌స్టాల్ చేయడానికి విండోస్ ఫోర్స్ రీస్టార్ట్ అయింది, దీనికి 20 నిమిషాలు పట్టింది. తరువాత కార్లా డౌన్‌లోడ్‌ని మొదటి నుంచి తిరిగి ప్రారంభించాల్సి వచ్చింది. ఫైలు డౌన్‌లోడ్ చేయడానికి ఎంత లోడ్ పడుతుంది?","Please solve the following math problem carefully. Explain your solution step by step and clearly state the final answer.

Problem:
కార్లా 200GB ఫైలును డౌన్‌లోడ్ చేస్తోంది. సాధారణంగా ఆమె నిమిషానికి 2 GB డౌన్‌లోడ్ చేయగలదు, కానీ డౌన్‌లోడ్ 40% చేరుకునే సరికి, అప్‌డేట్‌లను ఇన్‌స్టాల్ చేయడానికి విండోస్ ఫోర్స్ రీస్టార్ట్ అయింది, దీనికి 20 నిమిషాలు పట్టింది. తరువాత కార్లా డౌన్‌లోడ్‌ని మొదటి నుంచి తిరిగి ప్రారంభించాల్సి వచ్చింది. ఫైలు డౌన్‌లోడ్ చేయడానికి ఎంత లోడ్ పడుతుంది?","*   File size: 200 GB.
    *   Download speed: 2 GB per minute.
    *   Progress before interruption: 40% of 200 GB.
    *   Interruption time: 20 minutes (Windows restart).
    *   Post-interruption: Restart download from the beginning.
    *   Question: Total time taken to download the file.

    *   Total size = 200 GB
    *   Speed = 2 GB/min
    *   Time taken for the first attempt (until 40%):
        *   Amount downloaded = 40% of 200 GB = $0.40 \times 200 = 80$ GB.
        *   Time taken = $80 \text{ GB} / 2 \text{ GB/min} = 40$ minutes.

    *   Restart time = 20 minutes.

    *   Since the download had to start over, she needs to download the full 200 GB.
    *   Time taken = $200 \text{ GB} / 2 \text{ GB/min} = 100$ minutes.

    *   Time for first 40% + Restart time + Time for full download.
    *   $40 \text{ minutes} + 20 \text{ minutes} + 100 \text{ minutes} = 160$ minutes.

    *   Convert 160 minutes to hours and minutes.
    *   $160 \div 60 = 2$ hours and $40$ minutes.

    *   Step 1: Calculate the time for the first 40% download.
    *   Step 2: Add the restart time.
    *   Step 3: Calculate the time for the complete download from the start.
    *   Step 4: Sum them all up.

    *   Problem asks: ""ఫైలు డౌన్‌లోడ్ చేయడానికి ఎంత లోడ్ పడుతుంది?"" (How much time does it take to download the file? - ""లోడ్"" likely means ""సమయం"" (time) here).
    *   Calculations:
        *   First part: $200 \times 0.4 = 80$ GB. $80 / 2 = 40$ mins.
        *   Interruption: $20$ mins.
        *   Second part: $200 / 2 = 100$ mins.
        *   Total: $40 + 20 + 100 = 160$ mins.","ఈ లెక్కను దశలవారీగా పరిష్కరిద్దాం:

**దశ 1: మొదటి ప్రయత్నంలో తీసుకున్న సమయం**
* ఫైలు మొత్తం పరిమాణం = 200 GB
* డౌన్‌లోడ్ వేగం = నిమిషానికి 2 GB
* డౌన్‌లోడ్ 40% చేరుకునే వరకు జరిగిన ప్రక్రియ:
  $200\text{ GB}$ లో $40\% = 200 \times \frac{40}{100} = 80\text{ GB}$
* 80 GB డౌన్‌లోడ్ చేయడానికి పట్టిన సమయం = $\frac{80\text{ GB}}{2\text{ GB/నిమిషం}} = 40\text{ నిమిషాలు}$

**దశ 2: విండోస్ రీస్టార్ట్ సమయం**
* అప్‌డేట్‌ల కోసం విండోస్ ఫోర్స్ రీస్టార్ట్ కావడానికి పట్టిన సమయం = 20 నిమిషాలు

**దశ 3: రెండో ప్రయత్నంలో (మొదటి నుంచి) తీసుకున్న సమయం**
* రీస్టార్ట్ అయిన తర్వాత, కార్లా డౌన్‌లోడ్‌ను మొదటి నుంచి ప్రారంభించాల్సి వచ్చింది. కాబట్టి ఆమె పూర్తి 200 GB ఫైలును మళ్ళీ డౌన్‌లోడ్ చేయాలి.
* పూర్తి ఫైలు డౌన్‌లోడ్ కావడానికి పట్టిన సమయం = $\frac{200\text{ GB}}{2\text{ GB/నిమిషం}} = 100\text{ నిమిషాలు}$

**దశ 4: మొత్తం పట్టిన సమయం**
మొత్తం సమయం = (మొదటి ప్రయత్న సమయం) + (రీస్టార్ట్ సమయం) + (రెండో ప్రయత్న సమయం)
$\text{మొత్తం సమయం} = 40\text{ నిమిషాలు} + 20\text{ నిమిషాలు} + 100\text{ నిమిషాలు} = 160\text{ నిమిషాలు}$

దీనిని గంటలలోకి మారిస్తే:
$160\text{ నిమిషాలు} = 2\text{ గంటల } 40\text{ నిమిషాలు}$

**జవాబు:**
ఫైలు డౌన్‌లోడ్ అవ్వడానికి మొత్తం **160 నిమిషాలు (లేదా 2 గంటల 40 నిమిషాలు)** పడుతుంది.",Qwen3.5-27B,1.0,True,"The candidate solution correctly calculates the time for the first attempt (40% of 200GB = 80GB, taking 40 minutes), adds the restart time (20 minutes), and calculates the time for the full second attempt (200GB, taking 100 minutes). The sum (40 + 20 + 100 = 160 minutes) is mathematically accurate and logically sound based on the problem statement.","{
  ""score"": 1.0,
  ""correct"": true,
  ""reason"": ""The candidate solution correctly calculates the time for the first attempt (40% of 200GB = 80GB, taking 40 minutes), adds the restart time (20 minutes), and calculates the time for the full second attempt (200GB, taking 100 minutes). The sum (40 + 20 + 100 = 160 minutes) is mathematically accurate and logically sound based on the problem statement.""
}","The user wants me to evaluate a mathematical solution provided in Telugu.

**Question Analysis:**
- File size: 200 GB
- Download speed: 2 GB/minute
- Event 1: Download reaches 40%.
- Event 2: Windows forces a restart for updates, taking 20 minutes.
- Event 3: Download restarts from the beginning (0%).
- Question: How long does it take to download the file? (Total time elapsed)

**Independent Calculation:**
1.  **First Attempt:**
    -   Target: 40% of 200 GB.
    -   Amount downloaded = $200 \times 0.40 = 80$ GB.
    -   Time taken = $\frac{80 \text{ GB}}{2 \text{ GB/min}} = 40$ minutes.
2.  **Restart Time:**
    -   Time taken = 20 minutes.
3.  **Second Attempt:**
    -   The download restarts from the beginning.
    -   Amount to download = 200 GB.
    -   Time taken = $\frac{200 \text{ GB}}{2 \text{ GB/min}} = 100$ minutes.
4.  **Total Time:**
    -   Total = (First Attempt Time) + (Restart Time) + (Second Attempt Time)
    -   Total = $40 + 20 + 100 = 160$ minutes.
    -   In hours: $160 / 60 = 2$ hours and $40$ minutes.

**Candidate Solution Analysis:**
-   **Step 1:** Calculates 40% of 200 GB = 80 GB. Time = 80 / 2 = 40 minutes. (Correct)
-   **Step 2:** Restart time = 20 minutes. (Correct)
-   **Step 3:** Second attempt downloads full 200 GB. Time = 200 / 2 = 100 minutes. (Correct)
-   **Step 4:** Total time = 40 + 20 + 100 = 160 minutes. (Correct)"
Gemma-4-31B,8,P3,"కార్లా 200GB ఫైలును డౌన్‌లోడ్ చేస్తోంది. సాధారణంగా ఆమె నిమిషానికి 2 GB డౌన్‌లోడ్ చేయగలదు, కానీ డౌన్‌లోడ్ 40% చేరుకునే సరికి, అప్‌డేట్‌లను ఇన్‌స్టాల్ చేయడానికి విండోస్ ఫోర్స్ రీస్టార్ట్ అయింది, దీనికి 20 నిమిషాలు పట్టింది. తరువాత కార్లా డౌన్‌లోడ్‌ని మొదటి నుంచి తిరిగి ప్రారంభించాల్సి వచ్చింది. ఫైలు డౌన్‌లోడ్ చేయడానికి ఎంత లోడ్ పడుతుంది?","Work through the following math problem step by step. Show how you arrive at the answer and give the final result.

Problem:
కార్లా 200GB ఫైలును డౌన్‌లోడ్ చేస్తోంది. సాధారణంగా ఆమె నిమిషానికి 2 GB డౌన్‌లోడ్ చేయగలదు, కానీ డౌన్‌లోడ్ 40% చేరుకునే సరికి, అప్‌డేట్‌లను ఇన్‌స్టాల్ చేయడానికి విండోస్ ఫోర్స్ రీస్టార్ట్ అయింది, దీనికి 20 నిమిషాలు పట్టింది. తరువాత కార్లా డౌన్‌లోడ్‌ని మొదటి నుంచి తిరిగి ప్రారంభించాల్సి వచ్చింది. ఫైలు డౌన్‌లోడ్ చేయడానికి ఎంత లోడ్ పడుతుంది?","*   Total file size: 200 GB.
    *   Download speed: 2 GB per minute.
    *   Event 1: Download reaches 40% of completion.
    *   Event 2: Windows force restart for updates (takes 20 minutes).
    *   Event 3: Download starts over from the beginning (0%).
    *   Goal: Find the total time taken to complete the download.

    *   *Step 1: Calculate time taken for the first partial download (up to 40%).*
        *   40% of 200 GB = $0.40 \times 200 = 80$ GB.
        *   Time taken to download 80 GB at 2 GB/min = $80 / 2 = 40$ minutes.

    *   *Step 2: Account for the restart time.*
        *   Restart time = 20 minutes.

    *   *Step 3: Calculate time taken for the full download after the restart.*
        *   Since the download started over, she needs to download the entire 200 GB.
        *   Time taken to download 200 GB at 2 GB/min = $200 / 2 = 100$ minutes.

    *   *Step 4: Sum up all the time intervals.*
        *   Total time = (Time for 40%) + (Restart time) + (Time for 100%)
        *   Total time = $40 + 20 + 100 = 160$ minutes.

    *   *Convert 160 minutes to hours and minutes (optional but helpful).*
        *   $160 \text{ minutes} = 2 \text{ hours and } 40 \text{ minutes}$.

    *   Total file size: 200GB.
    *   Speed: 2GB/min.
    *   Initial progress: 40% of 200 = 80GB.
    *   Initial time: $80 / 2 = 40$ mins.
    *   Restart time: 20 mins.
    *   Final download time: $200 / 2 = 100$ mins.
    *   Total: $40 + 20 + 100 = 160$ mins.

    *   Step 1: మొదటి దశ (First step) - 40% డౌన్‌లోడ్ సమయం.
    *   Step 2: రెండవ దశ (Second step) - రీస్టార్ట్ సమయం.
    *   Step 3: మూడవ దశ (Third step) - తిరిగి మొదటి నుంచి పూర్తి డౌన్‌లోడ్ సమయం.
    *   Total Calculation: మొత్తం సమయం.","ఈ సమస్యను దశలవారీగా పరిష్కరిద్దాం:

**దత్తాంశం:**
* ఫైలు మొత్తం పరిమాణం = 200 GB
* డౌన్‌లోడ్ వేగం = నిమిషానికి 2 GB
* మొదటిసారి డౌన్‌లోడ్ అయిన శాతం = 40%
* రీస్టార్ట్ కోసం పట్టిన సమయం = 20 నిమిషాలు

**దశ 1: మొదటిసారి 40% డౌన్‌లోడ్ చేయడానికి పట్టిన సమయాన్ని లెక్కించడం.**
* 200 GB లో 40% ఎంత అంటే: $\frac{40}{100} \times 200 = 80 \text{ GB}$
* ఈ 80 GB డౌన్‌లోడ్ చేయడానికి పట్టిన సమయం: $\frac{80 \text{ GB}}{2 \text{ GB/నిమిషం}} = 40 \text{ నిమిషాలు}$

**దశ 2: విండోస్ రీస్టార్ట్ సమయాన్ని లెక్కించడం.**
* రీస్టార్ట్ కోసం పట్టిన సమయం = 20 నిమిషాలు

**దశ 3: మొదటి నుంచి తిరిగి పూర్తి ఫైలును డౌన్‌లోడ్ చేయడానికి పట్టిన సమయాన్ని లెక్కించడం.**
* డౌన్‌లోడ్ మొదటి నుంచి ప్రారంభమైంది కాబట్టి, తిరిగి 200 GB డౌన్‌లోడ్ చేయాలి.
* పూర్తి ఫైలు డౌన్‌లోడ్ కావడానికి పట్టిన సమయం: $\frac{200 \text{ GB}}{2 \text{ GB/నిమిషం}} = 100 \text{ నిమిషాలు}$

**దశ 4: మొత్తం పట్టిన సమయాన్ని లెక్కించడం.**
* మొత్తం సమయం = (మొదటి 40% సమయం) + (రీస్టార్ట్ సమయం) + (తిరిగి పూర్తి డౌన్‌లోడ్ సమయం)
* మొత్తం సమయం = $40 + 20 + 100 = 160 \text{ నిమిషాలు}$

**సమయాన్ని గంటల్లోకి మారిస్తే:**
160 నిమిషాలు = 2 గంటల 40 నిమిషాలు.

**ముగింపు:**
ఫైలు పూర్తిగా డౌన్‌లోడ్ అవ్వడానికి మొత్తం **160 నిమిషాలు (లేదా 2 గంటల 40 నిమిషాలు)** పడుతుంది.",Qwen3.5-27B,1.0,True,"The candidate solution correctly identifies all given parameters (file size, speed, percentage downloaded, restart time). It accurately calculates the time for the first partial download (40% of 200GB = 80GB, taking 40 mins), adds the restart time (20 mins), and calculates the time for the full second download (200GB taking 100 mins). The final summation (40 + 20 + 100 = 160 minutes) is mathematically correct and logically follows the problem statement.","{
  ""score"": 1.0,
  ""correct"": true,
  ""reason"": ""The candidate solution correctly identifies all given parameters (file size, speed, percentage downloaded, restart time). It accurately calculates the time for the first partial download (40% of 200GB = 80GB, taking 40 mins), adds the restart time (20 mins), and calculates the time for the full second download (200GB taking 100 mins). The final summation (40 + 20 + 100 = 160 minutes) is mathematically correct and logically follows the problem statement.""
}","The user wants me to evaluate a mathematical solution provided in Telugu.

**1. Analyze the Question:**
*   **Total File Size:** 200 GB
*   **Download Speed:** 2 GB/minute
*   **Event:** Download reached 40%, then Windows forced a restart.
*   **Restart Time:** 20 minutes.
*   **Consequence:** Download had to restart from the beginning.
*   **Question:** How long does it take to download the file? (Total time elapsed until the file is fully downloaded).

**2. Solve the Problem Independently:**
*   **Step 1: Calculate time for the first attempt.**
    *   Amount downloaded = 40% of 200 GB = $0.40 \times 200 = 80$ GB.
    *   Time taken = Amount / Speed = $80 \text{ GB} / 2 \text{ GB/min} = 40$ minutes.
*   **Step 2: Calculate restart time.**
    *   Time taken = 20 minutes.
*   **Step 3: Calculate time for the second attempt.**
    *   Since the download restarted from the beginning, the full 200 GB needs to be downloaded again.
    *   Time taken = $200 \text{ GB} / 2 \text{ GB/min} = 100$ minutes.
*   **Step 4: Calculate total time.**
    *   Total Time = (Time for first attempt) + (Restart time) + (Time for second attempt)
    *   Total Time = $40 + 20 + 100 = 160$ minutes.
*   **Step 5: Convert to hours/minutes (optional but good for context).**
    *   160 minutes = 2 hours 40 minutes.

**3. Evaluate the Candidate Solution:**
*   **Data Extraction:**
    *   File size = 200 GB (Correct)
    *   Speed = 2 GB/min (Correct)
    *   First attempt % = 40% (Correct)
    *   Restart time = 20 mins (Correct)
*   **Step 1 Calculation:**
   "
Gemma-4-31B,8,P4,"కార్లా 200GB ఫైలును డౌన్‌లోడ్ చేస్తోంది. సాధారణంగా ఆమె నిమిషానికి 2 GB డౌన్‌లోడ్ చేయగలదు, కానీ డౌన్‌లోడ్ 40% చేరుకునే సరికి, అప్‌డేట్‌లను ఇన్‌స్టాల్ చేయడానికి విండోస్ ఫోర్స్ రీస్టార్ట్ అయింది, దీనికి 20 నిమిషాలు పట్టింది. తరువాత కార్లా డౌన్‌లోడ్‌ని మొదటి నుంచి తిరిగి ప్రారంభించాల్సి వచ్చింది. ఫైలు డౌన్‌లోడ్ చేయడానికి ఎంత లోడ్ పడుతుంది?","Find the solution to the following problem. Explain your reasoning and calculations before giving the final answer.

Problem:
కార్లా 200GB ఫైలును డౌన్‌లోడ్ చేస్తోంది. సాధారణంగా ఆమె నిమిషానికి 2 GB డౌన్‌లోడ్ చేయగలదు, కానీ డౌన్‌లోడ్ 40% చేరుకునే సరికి, అప్‌డేట్‌లను ఇన్‌స్టాల్ చేయడానికి విండోస్ ఫోర్స్ రీస్టార్ట్ అయింది, దీనికి 20 నిమిషాలు పట్టింది. తరువాత కార్లా డౌన్‌లోడ్‌ని మొదటి నుంచి తిరిగి ప్రారంభించాల్సి వచ్చింది. ఫైలు డౌన్‌లోడ్ చేయడానికి ఎంత లోడ్ పడుతుంది?","*   Total file size: 200 GB.
    *   Download speed: 2 GB per minute.
    *   Event 1: Download reaches 40%.
    *   Event 2: Windows forced restart for updates, taking 20 minutes.
    *   Event 3: Download must start again from the beginning (0%).
    *   Goal: Find the total time taken to complete the download.

    *   *Step 1: Calculate the time taken for the first (interrupted) download attempt.*
        *   Amount downloaded: 40% of 200 GB.
        *   Calculation: $0.40 \times 200 = 80$ GB.
        *   Time taken for 80 GB: $80 \text{ GB} / 2 \text{ GB/min} = 40$ minutes.

    *   *Step 2: Account for the restart time.*
        *   Restart time = 20 minutes.

    *   *Step 3: Calculate the time taken for the second (successful) download attempt.*
        *   Since she had to start from the beginning, she needs to download the full 200 GB.
        *   Time taken for 200 GB: $200 \text{ GB} / 2 \text{ GB/min} = 100$ minutes.

    *   *Step 4: Sum all time components.*
        *   Total time = Time for first attempt + Restart time + Time for second attempt.
        *   Total time = $40 \text{ minutes} + 20 \text{ minutes} + 100 \text{ minutes}$.
        *   Total time = 160 minutes.

    *   *Step 5: Convert to hours and minutes (optional but helpful).*
        *   160 minutes = 2 hours and 40 minutes.

    *   *Problem translation/understanding:*
        *   ""కార్లా 200GB ఫైలును డౌన్‌లోడ్ చేస్తోంది."" (Carla is downloading a 200GB file.)
        *   ""సాధారణంగా ఆమె నిమిషానికి 2 GB డౌన్‌లోడ్ చేయగలదు"" (Usually she can download 2 GB per minute.)
        *   ""డౌన్‌లోడ్ 40% చేరుకునే సరికి"" (When the download reached 40%...)
        *   ""విండోస్ ఫోర్స్ రీస్టార్ట్ అయింది... 20 నిమిషాలు పట్టింది."" (...Windows force restarted... took 20 minutes.)
        *   ""తరువాత కార్లా డౌన్‌లోడ్‌ని మొదటి నుంచి తిరిగి ప్రారంభించాల్సి వచ్చింది."" (Then Carla had to restart the download from the beginning.)
        *   ""ఫైలు డౌన్‌లోడ్ చేయడానికి ఎంత లోడ్ పడుతుంది?"" (How much time will it take to download the file? - Note: ""లోడ్"" here is likely a typo for ""సమయం"" (time)).

    *   *Calculations in Telugu:*
        *   మొత్తం ఫైలు పరిమాణం = 200 GB.
        *   డౌన్‌లోడ్ వేగం = నిమిషానికి 2 GB.
        *   మొదటి ప్రయత్నంలో 40% డౌన్‌లోడ్ అయ్యింది: $200 \times 40\% = 80$ GB.
        *   దీనికి పట్టిన సమయం: $80 / 2 = 40$ నిమిషాలు.
        *   రీస్టార్ట్ సమయం = 20 నిమిషాలు.
        *   రెండవ ప్రయత్నంలో మొత్తం ఫైలు డౌన్‌లోడ్ చేయడానికి పట్టిన సమయం: $200 / 2 = 100$ నిమిషాలు.
        *   మొత్తం సమయం = $40 + 20 + 100 = 160$ నిమిషాలు.

    *   Start with the given values.
    *   Show the three distinct phases of time.
    *   Sum them up.
    *   State the final answer clearly.","ఈ సమస్యను పరిష్కరించడానికి, మనం డౌన్‌లోడ్ ప్రక్రియను మూడు భాగాలుగా విభజించాలి: మొదటి ప్రయత్నం, రీస్టార్ట్ సమయం మరియు రెండవ ప్రయత్నం.

**దత్తాంశం (Given):**
* మొత్తం ఫైలు పరిమాణం = 200 GB
* డౌన్‌లోడ్ వేగం = నిమిషానికి 2 GB

**దశలవారీ లెక్కలు:**

1. **మొదటి ప్రయత్నం (First Attempt):**
   కార్లా డౌన్‌లోడ్ 40% వరకు పూర్తి చేసింది.
   * డౌన్‌లోడ్ అయిన పరిమాణం = $200 \text{ GB} \times 40\% = 80 \text{ GB}$.
   * దీనికి పట్టిన సమయం = $\frac{80 \text{ GB}}{2 \text{ GB/నిమిషం}} = 40$ నిమిషాలు.

2. **రీస్టార్ట్ సమయం (Restart Time):**
   విండోస్ అప్‌డేట్‌ల కారణంగా కంప్యూటర్ రీస్టార్ట్ అవ్వడానికి పట్టిన సమయం = 20 నిమిషాలు.

3. **రెండవ ప్రయత్నం (Second Attempt):**
   రీస్టార్ట్ అయిన తర్వాత, ఆమె డౌన్‌లోడ్‌ను మొదటి నుండి ప్రారంభించాల్సి వచ్చింది. కాబట్టి, ఆమె మొత్తం 200 GB ఫైలును మళ్ళీ డౌన్‌లోడ్ చేయాలి.
   * దీనికి పట్టిన సమయం = $\frac{200 \text{ GB}}{2 \text{ GB/నిమిషం}} = 100$ నిమిషాలు.

**మొత్తం సమయం (Total Time):**
మొత్తం సమయం = (మొదటి ప్రయత్నం సమయం) + (రీస్టార్ట్ సమయం) + (రెండవ ప్రయత్నం సమయం)
$\text{మొత్తం సమయం} = 40 \text{ నిమిషాలు} + 20 \text{ నిమిషాలు} + 100 \text{ నిమిషాలు} = 160 \text{ నిమిషాలు}$.

దీనిని గంటలలోకి మారిస్తే:
$160 \text{ నిమిషాలు} = 2 \text{ గంటల } 40 \text{ నిమిషాలు}$.

**జవాబు:**
ఫైలు పూర్తిగా డౌన్‌లోడ్ అవ్వడానికి మొత్తం **160 నిమిషాలు (లేదా 2 గంటల 40 నిమిషాలు)** పడుతుంది.",Qwen3.5-27B,1.0,True,"The candidate solution correctly identifies all given parameters (file size, speed, restart time, percentage completed). It accurately calculates the time for the first attempt (40 mins), adds the restart delay (20 mins), and correctly calculates the time for the full second attempt (100 mins). The summation (40 + 20 + 100 = 160 minutes) is mathematically valid and answers the question correctly.","{
  ""score"": 1.0,
  ""correct"": true,
  ""reason"": ""The candidate solution correctly identifies all given parameters (file size, speed, restart time, percentage completed). It accurately calculates the time for the first attempt (40 mins), adds the restart delay (20 mins), and correctly calculates the time for the full second attempt (100 mins). The summation (40 + 20 + 100 = 160 minutes) is mathematically valid and answers the question correctly.""
}","The user wants me to evaluate a mathematical solution provided in Telugu.

**1. Analyze the Question:**
*   **Total File Size:** 200 GB
*   **Download Speed:** 2 GB/minute
*   **Event:** Download reached 40%, then Windows forced a restart.
*   **Restart Time:** 20 minutes.
*   **Consequence:** Download had to restart from the beginning.
*   **Question:** How long does it take to download the file? (Total time elapsed from start to finish).

**2. Solve the Problem Independently:**
*   **Phase 1: First Attempt**
    *   Progress: 40% of 200 GB.
    *   Amount downloaded: $0.40 \times 200 = 80$ GB.
    *   Time taken: $\frac{80 \text{ GB}}{2 \text{ GB/min}} = 40$ minutes.
*   **Phase 2: Restart Delay**
    *   Time taken: 20 minutes.
*   **Phase 3: Second Attempt**
    *   Since the download restarted from the beginning, the full 200 GB needs to be downloaded again.
    *   Amount to download: 200 GB.
    *   Time taken: $\frac{200 \text{ GB}}{2 \text{ GB/min}} = 100$ minutes.
*   **Total Time:**
    *   Total = Phase 1 + Phase 2 + Phase 3
    *   Total = $40 + 20 + 100 = 160$ minutes.
    *   In hours: $160 / 60 = 2$ hours and $40$ minutes.

**3. Evaluate the Candidate Solution:**
*   **Given Data:** Correctly identified (200 GB, 2 GB/min).
*   **Step 1 (First Attempt):**
    *   Calculation: $200 \times 40\% = 80$ GB. Correct.
    *   Time: $80 / 2 = 40$ minutes. Correct.
*   **Step 2 (Restart Time):**
    *"
Gemma-4-31B,8,P5,"కార్లా 200GB ఫైలును డౌన్‌లోడ్ చేస్తోంది. సాధారణంగా ఆమె నిమిషానికి 2 GB డౌన్‌లోడ్ చేయగలదు, కానీ డౌన్‌లోడ్ 40% చేరుకునే సరికి, అప్‌డేట్‌లను ఇన్‌స్టాల్ చేయడానికి విండోస్ ఫోర్స్ రీస్టార్ట్ అయింది, దీనికి 20 నిమిషాలు పట్టింది. తరువాత కార్లా డౌన్‌లోడ్‌ని మొదటి నుంచి తిరిగి ప్రారంభించాల్సి వచ్చింది. ఫైలు డౌన్‌లోడ్ చేయడానికి ఎంత లోడ్ పడుతుంది?","Carefully solve the following mathematical problem. Provide a step-by-step solution and conclude with the final answer.

Problem:
కార్లా 200GB ఫైలును డౌన్‌లోడ్ చేస్తోంది. సాధారణంగా ఆమె నిమిషానికి 2 GB డౌన్‌లోడ్ చేయగలదు, కానీ డౌన్‌లోడ్ 40% చేరుకునే సరికి, అప్‌డేట్‌లను ఇన్‌స్టాల్ చేయడానికి విండోస్ ఫోర్స్ రీస్టార్ట్ అయింది, దీనికి 20 నిమిషాలు పట్టింది. తరువాత కార్లా డౌన్‌లోడ్‌ని మొదటి నుంచి తిరిగి ప్రారంభించాల్సి వచ్చింది. ఫైలు డౌన్‌లోడ్ చేయడానికి ఎంత లోడ్ పడుతుంది?","*   File size: 200 GB
    *   Download speed: 2 GB/minute
    *   Event 1: Download reached 40% completion.
    *   Event 2: Windows forced restart for updates (took 20 minutes).
    *   Event 3: Download restarted from the beginning (0%).
    *   Goal: Find the total time taken to complete the download.

    *   **Phase 1: Initial download before restart.**
        *   File size = 200 GB.
        *   Progress reached = 40%.
        *   Amount downloaded = 40% of 200 GB = $0.40 \times 200 = 80$ GB.
        *   Time taken for this phase = $\frac{\text{Amount downloaded}}{\text{Speed}} = \frac{80 \text{ GB}}{2 \text{ GB/min}} = 40$ minutes.

    *   **Phase 2: Windows Restart.**
        *   Time taken for updates/restart = 20 minutes.

    *   **Phase 3: Full download from the start.**
        *   Since the download had to be restarted from the beginning, the entire 200 GB needs to be downloaded again.
        *   Time taken for this phase = $\frac{\text{Total file size}}{\text{Speed}} = \frac{200 \text{ GB}}{2 \text{ GB/min}} = 100$ minutes.

    *   Total Time = Time for Phase 1 + Time for Phase 2 + Time for Phase 3.
    *   Total Time = 40 minutes + 20 minutes + 100 minutes.
    *   Total Time = 160 minutes.

    *   Convert 160 minutes into hours and minutes.
    *   $160 \div 60 = 2$ hours with a remainder of 40 minutes.
    *   Total Time = 2 hours and 40 minutes.

    *   Did I miss anything? No.
    *   Is the calculation correct? $80/2 = 40$; $200/2 = 100$; $40 + 20 + 100 = 160$. Yes.
    *   Does the language match the prompt? The prompt is in Telugu. I should provide the solution in Telugu.

    *   Step 1: Initial download (40% of 200GB = 80GB). Time = 80/2 = 40 mins.
    *   Step 2: Restart time = 20 mins.
    *   Step 3: Full download (200GB). Time = 200/2 = 100 mins.
    *   Total = 40 + 20 + 100 = 160 mins.","ఈ సమస్యను దశలవారీగా పరిష్కరిద్దాం:

**దశ 1: మొదటిసారి డౌన్‌లోడ్ అయిన సమయాన్ని లెక్కించడం**
* ఫైలు మొత్తం పరిమాణం = 200 GB
* డౌన్‌లోడ్ 40% వరకు చేరుకుంది.
* డౌన్‌లోడ్ అయిన పరిమాణం = $200 \text{ GB} \times 40\% = 200 \times 0.40 = 80 \text{ GB}$
* డౌన్‌లోడ్ వేగం = నిమిషానికి 2 GB
* మొదటిసారి తీసుకున్న సమయం = $\frac{80 \text{ GB}}{2 \text{ GB/నిమిషం}} = 40 \text{ నిమిషాలు}$

**దశ 2: విండోస్ రీస్టార్ట్ సమయం**
* అప్‌డేట్‌ల కోసం రీస్టార్ట్ కావడానికి పట్టిన సమయం = 20 నిమిషాలు

**దశ 3: రెండోసారి (మొదటి నుంచి) డౌన్‌లోడ్ చేసిన సమయాన్ని లెక్కించడం**
* డౌన్‌లోడ్‌ని మొదటి నుంచి తిరిగి ప్రారంభించాల్సి వచ్చింది కాబట్టి, పూర్తి 200 GB డౌన్‌లోడ్ చేయాలి.
* రెండోసారి తీసుకున్న సమయం = $\frac{200 \text{ GB}}{2 \text{ GB/నిమిషం}} = 100 \text{ నిమిషాలు}$

**దశ 4: మొత్తం సమయాన్ని లెక్కించడం**
* మొత్తం సమయం = (మొదటిసారి డౌన్‌లోడ్ సమయం) + (రీస్టార్ట్ సమయం) + (రెండోసారి పూర్తి డౌన్‌లోడ్ సమయం)
* మొత్తం సమయం = $40 \text{ నిమిషాలు} + 20 \text{ నిమిషాలు} + 100 \text{ నిమిషాలు} = 160 \text{ నిమిషాలు}$

**ముగింపు:**
160 నిమిషాలను గంటలలోకి మారిస్తే:
$160 \text{ నిమిషాలు} = 2 \text{ గంటల } 40 \text{ నిమిషాలు}$.

ఫైలు పూర్తిగా డౌన్‌లోడ్ కావడానికి పట్టిన మొత్తం సమయం **160 నిమిషాలు (లేదా 2 గంటల 40 నిమిషాలు)**.",Qwen3.5-27B,1.0,True,"The candidate solution correctly calculates the time taken for the first partial download (40% of 200GB = 80GB, taking 40 minutes), adds the restart time (20 minutes), and calculates the time for the full second download (200GB taking 100 minutes). The sum (40 + 20 + 100 = 160 minutes) is mathematically accurate and logically follows the problem statement.","{
  ""score"": 1.0,
  ""correct"": true,
  ""reason"": ""The candidate solution correctly calculates the time taken for the first partial download (40% of 200GB = 80GB, taking 40 minutes), adds the restart time (20 minutes), and calculates the time for the full second download (200GB taking 100 minutes). The sum (40 + 20 + 100 = 160 minutes) is mathematically accurate and logically follows the problem statement.""
}","The user wants me to evaluate a mathematical solution provided in Telugu.

**1. Analyze the Question:**
*   **Total File Size:** 200 GB
*   **Download Speed:** 2 GB/minute
*   **Event:** Download reached 40%, then Windows forced a restart.
*   **Restart Time:** 20 minutes.
*   **Consequence:** Download had to restart from the beginning.
*   **Question:** How long does it take to download the file? (Total time including the restart delay).

**2. Solve the Problem Independently:**
*   **Step 1: Calculate time for the first attempt.**
    *   Amount downloaded = 40% of 200 GB = $0.40 \times 200 = 80$ GB.
    *   Time taken = Amount / Speed = $80 \text{ GB} / 2 \text{ GB/min} = 40$ minutes.
*   **Step 2: Calculate restart time.**
    *   Time = 20 minutes.
*   **Step 3: Calculate time for the second attempt.**
    *   Since it restarted from the beginning, the full 200 GB needs to be downloaded.
    *   Time taken = $200 \text{ GB} / 2 \text{ GB/min} = 100$ minutes.
*   **Step 4: Calculate total time.**
    *   Total Time = (First attempt time) + (Restart time) + (Second attempt time)
    *   Total Time = $40 + 20 + 100 = 160$ minutes.
*   **Step 5: Convert to hours/minutes (optional but good for context).**
    *   160 minutes = 2 hours 40 minutes.

**3. Evaluate the Candidate Solution:**
*   **Step 1 (First Download):**
    *   Calculation: $200 \times 0.40 = 80$ GB. Correct.
    *   Time: $80 / 2 = 40$ minutes. Correct.
*   **Step 2 (Restart):**
    *   Time: 20 minutes. Correct.
*"
Gemma-4-31B,9,P1,"జాన్ గంటకు 60 మైళ్ల వేగంతో 3 గంటలపాటు ప్రయాణించాడు, ఇంటి వద్ద ముఖ్యమైనది ఏదో మర్చిపోయినట్లుగా అతడు అర్థం చేసుకోవడంతో వెనక్కి తిరిగాడు. అతడు 4 గంటల్లో ఇంటికి చేరుకోవడానికి ప్రయత్నిస్తాడు. కానీ మొదటి 2 గంటలు అతడు కదలకుండా ఆగిపోయిన ట్రాఫిక్‌లో గడిపాడు. అతడు తరువాత అర్ధ గంట 30 మైళ్ల వేగంతో ప్రయాణించాడు, 4 గంటల్లో మిగిన సమయాన్ని అతడు గంటకు 80 మైళ్ల వేగంతో ప్రయాణించగలుగుతాడు. ఆ 4 గంటలు ముగిసిన తరువాత అతడు ఇంటి నుంచి ఎంత దూరంలో ఉంటాడు?","Solve the following math problem step by step. Show your reasoning clearly and provide the final answer.

Problem:
జాన్ గంటకు 60 మైళ్ల వేగంతో 3 గంటలపాటు ప్రయాణించాడు, ఇంటి వద్ద ముఖ్యమైనది ఏదో మర్చిపోయినట్లుగా అతడు అర్థం చేసుకోవడంతో వెనక్కి తిరిగాడు. అతడు 4 గంటల్లో ఇంటికి చేరుకోవడానికి ప్రయత్నిస్తాడు. కానీ మొదటి 2 గంటలు అతడు కదలకుండా ఆగిపోయిన ట్రాఫిక్‌లో గడిపాడు. అతడు తరువాత అర్ధ గంట 30 మైళ్ల వేగంతో ప్రయాణించాడు, 4 గంటల్లో మిగిన సమయాన్ని అతడు గంటకు 80 మైళ్ల వేగంతో ప్రయాణించగలుగుతాడు. ఆ 4 గంటలు ముగిసిన తరువాత అతడు ఇంటి నుంచి ఎంత దూరంలో ఉంటాడు?","*   John travels for 3 hours at 60 mph.
    *   He realizes he forgot something and turns back.
    *   He wants to reach home in 4 hours.
    *   Traffic jam: First 2 hours, he doesn't move.
    *   Next 0.5 hours (half hour): He travels at 30 mph.
    *   Remaining time (within the 4-hour window): He travels at 80 mph.
    *   Question: After the 4 hours are up, how far is he from home?

    *   Speed = 60 mph
    *   Time = 3 hours
    *   Distance from home = Speed $\times$ Time = $60 \times 3 = 180$ miles.
    *   So, John is 180 miles away from home when he turns around.

    *   Total time allocated for the return journey = 4 hours.
    *   **Phase 1: Traffic Jam**
        *   Time = 2 hours.
        *   Speed = 0 mph.
        *   Distance covered = $0 \times 2 = 0$ miles.
    *   **Phase 2: Slow travel**
        *   Time = 0.5 hours (half hour).
        *   Speed = 30 mph.
        *   Distance covered = $30 \times 0.5 = 15$ miles.
    *   **Phase 3: Fast travel**
        *   Total time elapsed so far = $2 + 0.5 = 2.5$ hours.
        *   Remaining time = $4 - 2.5 = 1.5$ hours.
        *   Speed = 80 mph.
        *   Distance covered = $80 \times 1.5 = 120$ miles.

    *   Total distance covered towards home = Distance in Phase 1 + Distance in Phase 2 + Distance in Phase 3.
    *   Total distance = $0 + 15 + 120 = 135$ miles.

    *   Initial distance from home = 180 miles.
    *   Distance covered back towards home = 135 miles.
    *   Remaining distance = Initial distance - Distance covered.
    *   Remaining distance = $180 - 135 = 45$ miles.

    *   Did I use the correct speed for the first leg? Yes (60 mph, 3 hrs $\rightarrow$ 180 miles).
    *   Did I account for the traffic? Yes (2 hrs, 0 miles).
    *   Did I account for the half hour? Yes (0.5 hrs, 30 mph $\rightarrow$ 15 miles).
    *   Did I calculate the remaining time correctly? Yes ($4 - 2.5 = 1.5$ hrs).
    *   Did I calculate the final leg distance correctly? Yes ($1.5 \times 80 = 120$ miles).
    *   Total distance covered back: $15 + 120 = 135$ miles.
    *   Distance from home: $180 - 135 = 45$ miles.

    *   Explain the initial distance from home.
    *   Explain the segments of the return trip.
    *   Calculate total distance traveled back.
    *   Subtract from the initial distance to find the final distance.","ఈ లెక్కను దశలవారీగా సాధిద్దాం:

**దశ 1: జాన్ ఇంటి నుండి ఎంత దూరానికి వెళ్ళాడో లెక్కించడం**
జాన్ గంటకు 60 మైళ్ల వేగంతో 3 గంటలపాటు ప్రయాణించాడు.
దూరం = వేగం $\times$ సమయం
దూరం = $60 \times 3 = 180$ మైళ్లు.
కాబట్టి, జాన్ ఇంటి నుండి 180 మైళ్ల దూరంలో ఉన్నాడు.

**దశ 2: తిరిగి ఇంటికి వచ్చే ప్రయాణాన్ని లెక్కించడం**
అతడు 4 గంటల్లో ఇంటికి చేరుకోవడానికి ప్రయత్నిస్తాడు. ఆ 4 గంటల్లో అతను ప్రయాణించిన దూరాన్ని విడివిడిగా చూద్దాం:

*   **మొదటి 2 గంటలు (ట్రాఫిక్):** అతను కదలకుండా ఆగిపోయాడు.
    దూరం = $0 \times 2 = 0$ మైళ్లు.
*   **తర్వాతి అర్ధ గంట (0.5 గంట):** అతను గంటకు 30 మైళ్ల వేగంతో ప్రయాణించాడు.
    దూరం = $30 \times 0.5 = 15$ మైళ్లు.
*   **మిగిలిన సమయం:** మొత్తం 4 గంటల సమయం నుండి ఇప్పటికే గడిచిన సమయాన్ని తీసివేయాలి.
    మిగిలిన సమయం = $4 - (2 + 0.5) = 4 - 2.5 = 1.5$ గంటలు.
    ఈ సమయంలో అతను గంటకు 80 మైళ్ల వేగంతో ప్రయాణించాడు.
    దూరం = $80 \times 1.5 = 120$ మైళ్లు.

**దశ 3: మొత్తం ప్రయాణించిన దూరాన్ని లెక్కించడం**
తిరుగు ప్రయాణంలో జాన్ ప్రయాణించిన మొత్తం దూరం = $0 + 15 + 120 = 135$ మైళ్లు.

**దశ 4: ఇంటి నుండి అతను ఇంకా ఎంత దూరంలో ఉన్నాడో లెక్కించడం**
మొదట అతను ఇంటి నుండి 180 మైళ్ల దూరానికి వెళ్ళాడు, తిరిగి 135 మైళ్లు ప్రయాణించాడు.
ఇంటి నుండి మిగిలిన దూరం = ప్రారంభ దూరం - తిరిగి ప్రయాణించిన దూరం
మిగిలిన దూరం = $180 - 135 = 45$ మైళ్లు.

**ముగింపు:**
ఆ 4 గంటలు ముగిసిన తరువాత, జాన్ ఇంటి నుండి **45 మైళ్ల** దూరంలో ఉంటాడు.",Qwen3.5-27B,1.0,True,"The candidate solution correctly calculates the initial distance traveled away from home (180 miles). It accurately breaks down the return trip into segments based on the given time and speed constraints (0 miles for 2 hours, 15 miles for 0.5 hours, and 120 miles for the remaining 1.5 hours). The total return distance is correctly summed to 135 miles. Finally, it correctly subtracts the return distance from the initial distance to find the remaining distance from home (180 - 135 = 45 miles). All calculations and logical steps are mathematically valid.","{
  ""score"": 1.0,
  ""correct"": true,
  ""reason"": ""The candidate solution correctly calculates the initial distance traveled away from home (180 miles). It accurately breaks down the return trip into segments based on the given time and speed constraints (0 miles for 2 hours, 15 miles for 0.5 hours, and 120 miles for the remaining 1.5 hours). The total return distance is correctly summed to 135 miles. Finally, it correctly subtracts the return distance from the initial distance to find the remaining distance from home (180 - 135 = 45 miles). All calculations and logical steps are mathematically valid.""
}","The user wants me to evaluate a mathematical solution provided in Telugu.

**1. Analyze the Question:**
*   **Initial Trip:** John travels at 60 mph for 3 hours.
    *   Distance away from home = $60 \times 3 = 180$ miles.
*   **Return Trip:** He turns back to return home.
*   **Goal:** He tries to reach home in 4 hours.
*   **Return Trip Details:**
    *   First 2 hours: Stuck in traffic (0 mph). Distance = 0 miles.
    *   Next 0.5 hours (half an hour): Travels at 30 mph. Distance = $30 \times 0.5 = 15$ miles.
    *   Remaining time of the 4 hours: Travels at 80 mph.
        *   Total time allocated = 4 hours.
        *   Time used so far = $2 + 0.5 = 2.5$ hours.
        *   Remaining time = $4 - 2.5 = 1.5$ hours.
        *   Distance = $80 \times 1.5 = 120$ miles.
*   **Total Return Distance:** $0 + 15 + 120 = 135$ miles.
*   **Final Question:** After these 4 hours, how far is he from home?
    *   Initial distance from home = 180 miles.
    *   Distance traveled towards home = 135 miles.
    *   Remaining distance = $180 - 135 = 45$ miles.

**2. Analyze the Candidate Solution:**
*   **Step 1:** Calculates initial distance. $60 \times 3 = 180$ miles. Correct.
*   **Step 2:** Breaks down the return trip.
    *   First 2 hours: 0 miles. Correct.
    *   Next 0.5 hours: $30 \times 0.5 = 15$ miles. Correct.
    *   Remaining time: $4 - (2 + 0.5) = 1.5$ hours. Correct.
    *  "
Gemma-4-31B,9,P2,"జాన్ గంటకు 60 మైళ్ల వేగంతో 3 గంటలపాటు ప్రయాణించాడు, ఇంటి వద్ద ముఖ్యమైనది ఏదో మర్చిపోయినట్లుగా అతడు అర్థం చేసుకోవడంతో వెనక్కి తిరిగాడు. అతడు 4 గంటల్లో ఇంటికి చేరుకోవడానికి ప్రయత్నిస్తాడు. కానీ మొదటి 2 గంటలు అతడు కదలకుండా ఆగిపోయిన ట్రాఫిక్‌లో గడిపాడు. అతడు తరువాత అర్ధ గంట 30 మైళ్ల వేగంతో ప్రయాణించాడు, 4 గంటల్లో మిగిన సమయాన్ని అతడు గంటకు 80 మైళ్ల వేగంతో ప్రయాణించగలుగుతాడు. ఆ 4 గంటలు ముగిసిన తరువాత అతడు ఇంటి నుంచి ఎంత దూరంలో ఉంటాడు?","Please solve the following math problem carefully. Explain your solution step by step and clearly state the final answer.

Problem:
జాన్ గంటకు 60 మైళ్ల వేగంతో 3 గంటలపాటు ప్రయాణించాడు, ఇంటి వద్ద ముఖ్యమైనది ఏదో మర్చిపోయినట్లుగా అతడు అర్థం చేసుకోవడంతో వెనక్కి తిరిగాడు. అతడు 4 గంటల్లో ఇంటికి చేరుకోవడానికి ప్రయత్నిస్తాడు. కానీ మొదటి 2 గంటలు అతడు కదలకుండా ఆగిపోయిన ట్రాఫిక్‌లో గడిపాడు. అతడు తరువాత అర్ధ గంట 30 మైళ్ల వేగంతో ప్రయాణించాడు, 4 గంటల్లో మిగిన సమయాన్ని అతడు గంటకు 80 మైళ్ల వేగంతో ప్రయాణించగలుగుతాడు. ఆ 4 గంటలు ముగిసిన తరువాత అతడు ఇంటి నుంచి ఎంత దూరంలో ఉంటాడు?","*   John's initial travel: Speed = 60 mph, Time = 3 hours.
    *   Realization: He forgot something at home and turned back.
    *   Goal: Return home within 4 hours.
    *   Timeline of the return trip (the 4-hour window):
        *   First 2 hours: Stuck in traffic (Speed = 0 mph).
        *   Next 0.5 hours (half an hour): Speed = 30 mph.
        *   Remaining time of the 4 hours: Speed = 80 mph.
    *   Question: After the 4 hours, how far is he from home?

    *   Distance = Speed × Time
    *   Distance from home = 60 mph × 3 hours = 180 miles.
    *   So, when he turns back, he is 180 miles away from home.

    *   Total time allotted for the return trip = 4 hours.
    *   Phase 1: Stuck in traffic.
        *   Time = 2 hours.
        *   Speed = 0 mph.
        *   Distance covered = 0 mph × 2 hours = 0 miles.
    *   Phase 2: Slow speed.
        *   Time = 0.5 hours.
        *   Speed = 30 mph.
        *   Distance covered = 30 mph × 0.5 hours = 15 miles.
    *   Phase 3: Fast speed.
        *   Time remaining = Total time - (Phase 1 time + Phase 2 time)
        *   Time remaining = 4 hours - (2 hours + 0.5 hours) = 4 - 2.5 = 1.5 hours.
        *   Speed = 80 mph.
        *   Distance covered = 80 mph × 1.5 hours = 120 miles.

    *   Total distance covered returning towards home = Distance (Phase 1) + Distance (Phase 2) + Distance (Phase 3).
    *   Total distance covered = 0 + 15 + 120 = 135 miles.

    *   Distance from home = Initial distance - Total distance covered returning.
    *   Distance from home = 180 miles - 135 miles = 45 miles.

    *   Initial distance: $60 \times 3 = 180$. Correct.
    *   Return travel:
        *   $0 \times 2 = 0$.
        *   $30 \times 0.5 = 15$.
        *   $80 \times (4 - 2 - 0.5) = 80 \times 1.5 = 120$.
        *   Total returned: $0 + 15 + 120 = 135$. Correct.
    *   Final distance: $180 - 135 = 45$. Correct.","ఈ సమస్యను దశలవారీగా పరిష్కరిద్దాం:

**దశ 1: జాన్ ఇంటి నుండి ఎంత దూరంలో ఉన్నాడో లెక్కించడం**
జాన్ గంటకు 60 మైళ్ల వేగంతో 3 గంటలపాటు ప్రయాణించాడు.
దూరం = వేగం × కాలం
దూరం = $60 \text{ మైళ్లు/గంట} \times 3 \text{ గంటలు} = 180 \text{ మైళ్లు}$.
కాబట్టి, జాన్ ఇంటి నుండి 180 మైళ్ల దూరంలో ఉన్నాడు.

**దశ 2: తిరిగి వచ్చే ప్రయాణంలో 4 గంటలలో అతను ప్రయాణించిన దూరాన్ని లెక్కించడం**
అతను ఇంటికి చేరుకోవడానికి 4 గంటల సమయం కేటాయించుకున్నాడు. ఆ 4 గంటల వివరాలు ఇలా ఉన్నాయి:
1. **మొదటి 2 గంటలు:** ట్రాఫిక్‌లో ఆగిపోయాడు (వేగం = 0).
   దూరం = $0 \text{ మైళ్లు/గంట} \times 2 \text{ గంటలు} = 0 \text{ మైళ్లు}$.
2. **తర్వాతి అర్ధ గంట (0.5 గంట):** 30 మైళ్ల వేగంతో ప్రయాణించాడు.
   దూరం = $30 \text{ మైళ్లు/గంట} \times 0.5 \text{ గంట} = 15 \text{ మైళ్లు}$.
3. **మిగిలిన సమయం:** మొత్తం 4 గంటల నుండి మొదటి 2.5 గంటలను తీసివేస్తే, మిగిలిన సమయం $4 - 2.5 = 1.5$ గంటలు. ఈ సమయంలో అతను గంటకు 80 మైళ్ల వేగంతో ప్రయాణించాడు.
   దూరం = $80 \text{ మైళ్లు/గంట} \times 1.5 \text{ గంటలు} = 120 \text{ మైళ్లు}$.

**దశ 3: మొత్తం ప్రయాణించిన దూరాన్ని లెక్కించడం**
తిరుగు ప్రయాణంలో అతను ప్రయాణించిన మొత్తం దూరం = $0 + 15 + 120 = 135 \text{ మైళ్లు}$.

**దశ 4: ఇంటి నుండి అతను ఇంకా ఎంత దూరంలో ఉన్నాడో లెక్కించడం**
మొదట అతను ఇంటి నుండి 180 మైళ్ల దూరంలో ఉన్నాడు. తిరిగి వచ్చేటప్పుడు 135 మైళ్లు ప్రయాణించాడు.
ఇంటి నుండి ప్రస్తుత దూరం = $180 \text{ మైళ్లు} - 135 \text{ మైళ్లు} = 45 \text{ మైళ్లు}$.

**ముగింపు:**
ఆ 4 గంటలు ముగిసిన తర్వాత, జాన్ ఇంటి నుండి **45 మైళ్ల** దూరంలో ఉంటాడు.

**జవాబు: 45 మైళ్లు**",Qwen3.5-27B,1.0,True,"The candidate solution correctly calculates the initial distance from home (180 miles) and the distance covered during the return trip (135 miles). The breakdown of the return trip time (2 hours stopped, 0.5 hours at 30 mph, 1.5 hours at 80 mph) is accurate based on the problem statement. The final subtraction (180 - 135 = 45 miles) correctly determines the remaining distance from home. All mathematical steps and logic are valid.","{
  ""score"": 1.0,
  ""correct"": true,
  ""reason"": ""The candidate solution correctly calculates the initial distance from home (180 miles) and the distance covered during the return trip (135 miles). The breakdown of the return trip time (2 hours stopped, 0.5 hours at 30 mph, 1.5 hours at 80 mph) is accurate based on the problem statement. The final subtraction (180 - 135 = 45 miles) correctly determines the remaining distance from home. All mathematical steps and logic are valid.""
}","The user wants me to evaluate a mathematical solution provided in Telugu.

**1. Analyze the Question:**
*   **Initial Trip:** John travels at 60 mph for 3 hours.
    *   Distance from home = $60 \times 3 = 180$ miles.
*   **Return Trip:** He turns back to go home.
*   **Time Constraint:** He tries to reach home in 4 hours.
*   **Return Trip Details:**
    *   First 2 hours: Stuck in traffic (Speed = 0). Distance = 0.
    *   Next 0.5 hours (half an hour): Speed = 30 mph. Distance = $30 \times 0.5 = 15$ miles.
    *   Remaining time: Total time is 4 hours. Used time = $2 + 0.5 = 2.5$ hours. Remaining time = $4 - 2.5 = 1.5$ hours.
    *   Speed for remaining time: 80 mph. Distance = $80 \times 1.5 = 120$ miles.
*   **Question:** After these 4 hours, how far is he from home?

**2. Solve Independently:**
*   **Initial Distance from Home:** $60 \text{ mph} \times 3 \text{ h} = 180 \text{ miles}$.
*   **Return Journey Distance Covered:**
    *   Part 1 (0-2h): $0 \text{ mph} \times 2 \text{ h} = 0 \text{ miles}$.
    *   Part 2 (2h-2.5h): $30 \text{ mph} \times 0.5 \text{ h} = 15 \text{ miles}$.
    *   Part 3 (2.5h-4h): $80 \text{ mph} \times 1.5 \text{ h} = 120 \text{ miles}$.
    *   Total Return Distance = $0 + 15 + 120 = 135 \text{ miles}$.
*   **Remaining Distance from Home:**
    *   Initial Distance -"
Gemma-4-31B,9,P3,"జాన్ గంటకు 60 మైళ్ల వేగంతో 3 గంటలపాటు ప్రయాణించాడు, ఇంటి వద్ద ముఖ్యమైనది ఏదో మర్చిపోయినట్లుగా అతడు అర్థం చేసుకోవడంతో వెనక్కి తిరిగాడు. అతడు 4 గంటల్లో ఇంటికి చేరుకోవడానికి ప్రయత్నిస్తాడు. కానీ మొదటి 2 గంటలు అతడు కదలకుండా ఆగిపోయిన ట్రాఫిక్‌లో గడిపాడు. అతడు తరువాత అర్ధ గంట 30 మైళ్ల వేగంతో ప్రయాణించాడు, 4 గంటల్లో మిగిన సమయాన్ని అతడు గంటకు 80 మైళ్ల వేగంతో ప్రయాణించగలుగుతాడు. ఆ 4 గంటలు ముగిసిన తరువాత అతడు ఇంటి నుంచి ఎంత దూరంలో ఉంటాడు?","Work through the following math problem step by step. Show how you arrive at the answer and give the final result.

Problem:
జాన్ గంటకు 60 మైళ్ల వేగంతో 3 గంటలపాటు ప్రయాణించాడు, ఇంటి వద్ద ముఖ్యమైనది ఏదో మర్చిపోయినట్లుగా అతడు అర్థం చేసుకోవడంతో వెనక్కి తిరిగాడు. అతడు 4 గంటల్లో ఇంటికి చేరుకోవడానికి ప్రయత్నిస్తాడు. కానీ మొదటి 2 గంటలు అతడు కదలకుండా ఆగిపోయిన ట్రాఫిక్‌లో గడిపాడు. అతడు తరువాత అర్ధ గంట 30 మైళ్ల వేగంతో ప్రయాణించాడు, 4 గంటల్లో మిగిన సమయాన్ని అతడు గంటకు 80 మైళ్ల వేగంతో ప్రయాణించగలుగుతాడు. ఆ 4 గంటలు ముగిసిన తరువాత అతడు ఇంటి నుంచి ఎంత దూరంలో ఉంటాడు?","*   John's initial journey: 60 mph for 3 hours.
    *   Realization: He forgot something and turned back.
    *   Goal: Return home in 4 hours.
    *   Return journey details:
        *   First 2 hours: Stuck in traffic (0 mph).
        *   Next half hour (0.5 hours): Traveling at 30 mph.
        *   Remaining time of the 4 hours: Traveling at 80 mph.
    *   Question: How far is he from home after those 4 hours?

    *   Speed = 60 mph
    *   Time = 3 hours
    *   Distance = Speed × Time = $60 \times 3 = 180$ miles.
    *   So, John is 180 miles away from home when he turns back.

    *   Total planned time for return: 4 hours.
    *   Step 1: First 2 hours.
        *   Speed = 0 mph.
        *   Distance covered = $0 \times 2 = 0$ miles.
    *   Step 2: Next half hour (0.5 hours).
        *   Speed = 30 mph.
        *   Distance covered = $30 \times 0.5 = 15$ miles.
    *   Step 3: Remaining time.
        *   Total time elapsed so far = $2 + 0.5 = 2.5$ hours.
        *   Remaining time = $4 - 2.5 = 1.5$ hours.
        *   Speed = 80 mph.
        *   Distance covered = $80 \times 1.5 = 120$ miles.

    *   Total distance covered on the return trip = $0 + 15 + 120 = 135$ miles.

    *   Initial distance from home = 180 miles.
    *   Distance covered toward home = 135 miles.
    *   Remaining distance = $180 - 135 = 45$ miles.

    *   Initial: $60 \times 3 = 180$. Correct.
    *   Return Part 1: $2 \times 0 = 0$. Correct.
    *   Return Part 2: $0.5 \times 30 = 15$. Correct.
    *   Return Part 3: Time left is $4 - 2.5 = 1.5$. $1.5 \times 80 = 120$. Correct.
    *   Total return distance: $0 + 15 + 120 = 135$. Correct.
    *   Final distance from home: $180 - 135 = 45$. Correct.

    *   Step 1: Initial distance calculation.
    *   Step 2: Return journey breakdown.
    *   Step 3: Summing return distance.
    *   Step 4: Final subtraction.","ఈ సమస్యను దశలవారీగా పరిష్కరిద్దాం:

**దశ 1: జాన్ ఇంటి నుండి ఎంత దూరంలో ఉన్నాడో లెక్కించడం.**
జాన్ గంటకు 60 మైళ్ల వేగంతో 3 గంటల పాటు ప్రయాణించాడు.
దూరం = వేగం $\times$ కాలం
దూరం = $60 \times 3 = 180$ మైళ్లు.
కాబట్టి, అతను తిరిగి తిరిగే సమయానికి ఇంటి నుండి **180 మైళ్ల** దూరంలో ఉన్నాడు.

**దశ 2: తిరిగి వచ్చే ప్రయాణంలో 4 గంటలలో అతను ఎంత దూరం ప్రయాణించాడో లెక్కించడం.**
తిరుగు ప్రయాణ సమయం మొత్తం 4 గంటలు. దీనిని మూడు భాగాలుగా విభజించవచ్చు:

1. **మొదటి 2 గంటలు:** ట్రాఫిక్‌లో ఆగిపోయాడు.
   వేగం = 0 మైళ్లు/గంట
   దూరం = $0 \times 2 = 0$ మైళ్లు.

2. **తరువాత అర్ధ గంట (0.5 గంటలు):** 30 మైళ్ల వేగంతో ప్రయాణించాడు.
   దూరం = $30 \times 0.5 = 15$ మైళ్లు.

3. **మిగిలిన సమయం:**
   మొత్తం సమయం 4 గంటలు, అందులో $2 + 0.5 = 2.5$ గంటలు గడిచాయి.
   మిగిలిన సమయం = $4 - 2.5 = 1.5$ గంటలు.
   ఈ సమయంలో అతని వేగం గంటకు 80 మైళ్లు.
   దూరం = $80 \times 1.5 = 120$ మైళ్లు.

**దశ 3: మొత్తం తిరుగు ప్రయాణ దూరాన్ని లెక్కించడం.**
మొత్తం ప్రయాణించిన దూరం = $0 + 15 + 120 = 135$ మైళ్లు.

**దశ 4: 4 గంటల తర్వాత అతను ఇంటి నుండి ఎంత దూరంలో ఉన్నాడో లెక్కించడం.**
మొదటిసారి అతను ఇంటి నుండి 180 మైళ్ల దూరానికి వెళ్ళాడు. తిరిగి వచ్చేటప్పుడు 135 మైళ్లు ప్రయాణించాడు.
ఇంటి నుండి మిగిలిన దూరం = $180 - 135 = 45$ మైళ్లు.

**తుది ఫలితం:**
ఆ 4 గంటలు ముగిసిన తర్వాత, జాన్ ఇంటి నుండి **45 మైళ్ల** దూరంలో ఉంటాడు.",Qwen3.5-27B,1.0,True,"The candidate solution correctly calculates the initial distance from home (180 miles). It accurately breaks down the return trip into three segments based on the time and speed provided (0 miles for 2 hours, 15 miles for 0.5 hours, and 120 miles for the remaining 1.5 hours). The total return distance is correctly summed to 135 miles. Finally, it correctly subtracts the return distance from the initial distance to find the remaining distance from home (180 - 135 = 45 miles). All calculations and logical steps are mathematically valid.","{
  ""score"": 1.0,
  ""correct"": true,
  ""reason"": ""The candidate solution correctly calculates the initial distance from home (180 miles). It accurately breaks down the return trip into three segments based on the time and speed provided (0 miles for 2 hours, 15 miles for 0.5 hours, and 120 miles for the remaining 1.5 hours). The total return distance is correctly summed to 135 miles. Finally, it correctly subtracts the return distance from the initial distance to find the remaining distance from home (180 - 135 = 45 miles). All calculations and logical steps are mathematically valid.""
}","The user wants me to evaluate a mathematical solution provided in Telugu.

**1. Analyze the Question:**
*   **Initial Trip:** John travels at 60 mph for 3 hours.
    *   Distance from home = $60 \times 3 = 180$ miles.
*   **Return Trip:** He tries to get home in 4 hours.
    *   **Phase 1:** Stuck in traffic for the first 2 hours.
        *   Speed = 0 mph.
        *   Distance covered = 0 miles.
    *   **Phase 2:** Travels for half an hour (0.5 hours) at 30 mph.
        *   Distance covered = $30 \times 0.5 = 15$ miles.
    *   **Phase 3:** Travels for the remaining time of the 4 hours at 80 mph.
        *   Total time allowed = 4 hours.
        *   Time used so far = $2 + 0.5 = 2.5$ hours.
        *   Remaining time = $4 - 2.5 = 1.5$ hours.
        *   Distance covered = $80 \times 1.5 = 120$ miles.
*   **Total Return Distance:** $0 + 15 + 120 = 135$ miles.
*   **Final Position:** He started 180 miles away and traveled 135 miles back towards home.
    *   Distance from home = $180 - 135 = 45$ miles.

**2. Analyze the Candidate Solution:**
*   **Step 1:** Calculates initial distance. $60 \times 3 = 180$ miles. Correct.
*   **Step 2:** Breaks down the return trip.
    *   First 2 hours: Speed 0, Distance 0. Correct.
    *   Next 0.5 hours: Speed 30, Distance $30 \times 0.5 = 15$. Correct.
    *   Remaining time: Total 4 hours - (2 + 0.5) = 1.5 hours. Speed 80. Distance $8"
Gemma-4-31B,9,P4,"జాన్ గంటకు 60 మైళ్ల వేగంతో 3 గంటలపాటు ప్రయాణించాడు, ఇంటి వద్ద ముఖ్యమైనది ఏదో మర్చిపోయినట్లుగా అతడు అర్థం చేసుకోవడంతో వెనక్కి తిరిగాడు. అతడు 4 గంటల్లో ఇంటికి చేరుకోవడానికి ప్రయత్నిస్తాడు. కానీ మొదటి 2 గంటలు అతడు కదలకుండా ఆగిపోయిన ట్రాఫిక్‌లో గడిపాడు. అతడు తరువాత అర్ధ గంట 30 మైళ్ల వేగంతో ప్రయాణించాడు, 4 గంటల్లో మిగిన సమయాన్ని అతడు గంటకు 80 మైళ్ల వేగంతో ప్రయాణించగలుగుతాడు. ఆ 4 గంటలు ముగిసిన తరువాత అతడు ఇంటి నుంచి ఎంత దూరంలో ఉంటాడు?","Find the solution to the following problem. Explain your reasoning and calculations before giving the final answer.

Problem:
జాన్ గంటకు 60 మైళ్ల వేగంతో 3 గంటలపాటు ప్రయాణించాడు, ఇంటి వద్ద ముఖ్యమైనది ఏదో మర్చిపోయినట్లుగా అతడు అర్థం చేసుకోవడంతో వెనక్కి తిరిగాడు. అతడు 4 గంటల్లో ఇంటికి చేరుకోవడానికి ప్రయత్నిస్తాడు. కానీ మొదటి 2 గంటలు అతడు కదలకుండా ఆగిపోయిన ట్రాఫిక్‌లో గడిపాడు. అతడు తరువాత అర్ధ గంట 30 మైళ్ల వేగంతో ప్రయాణించాడు, 4 గంటల్లో మిగిన సమయాన్ని అతడు గంటకు 80 మైళ్ల వేగంతో ప్రయాణించగలుగుతాడు. ఆ 4 గంటలు ముగిసిన తరువాత అతడు ఇంటి నుంచి ఎంత దూరంలో ఉంటాడు?","*   John travels at 60 mph for 3 hours.
    *   He realizes he forgot something and turns back towards home.
    *   He *aims* to reach home in 4 hours.
    *   During these 4 hours:
        *   First 2 hours: Stuck in traffic (0 mph).
        *   Next 0.5 hours: Travels at 30 mph.
        *   Remaining time (within the 4 hours): Travels at 80 mph.
    *   Question: How far is he from home after those 4 hours?

    *   Speed = 60 mph
    *   Time = 3 hours
    *   Distance from home = Speed × Time = 60 × 3 = 180 miles.
    *   So, at the moment he turns back, he is 180 miles away from home.

    *   Total time allocated for the return trip = 4 hours.
    *   Distance to cover = 180 miles.

    *   *Segment 1 (Traffic):*
        *   Time = 2 hours
        *   Speed = 0 mph
        *   Distance covered = 0 × 2 = 0 miles.

    *   *Segment 2 (Slow drive):*
        *   Time = 0.5 hours (half an hour)
        *   Speed = 30 mph
        *   Distance covered = 30 × 0.5 = 15 miles.

    *   *Segment 3 (Fast drive):*
        *   Remaining time = Total time - (Traffic time + Slow drive time)
        *   Remaining time = 4 - (2 + 0.5) = 4 - 2.5 = 1.5 hours.
        *   Speed = 80 mph
        *   Distance covered = 80 × 1.5 = 120 miles.

    *   Total distance covered during the 4-hour return journey = 0 + 15 + 120 = 135 miles.

    *   Initial distance from home = 180 miles.
    *   Distance traveled back towards home = 135 miles.
    *   Remaining distance from home = 180 - 135 = 45 miles.

    *   Step 1: Distance away = 60 * 3 = 180. Correct.
    *   Step 2: Time spent = 2 + 0.5 + 1.5 = 4 hours. Correct.
    *   Step 3: Distance traveled = (0 * 2) + (30 * 0.5) + (80 * 1.5) = 0 + 15 + 120 = 135. Correct.
    *   Step 4: Final distance = 180 - 135 = 45 miles. Correct.

    *   Start with the initial distance calculation.
    *   Break down the 4-hour return trip.
    *   Calculate distance for each part of the return trip.
    *   Find the total return distance.
    *   Subtract from the initial distance to find the current distance from home.","ఈ సమస్యను దశలవారీగా పరిష్కరిద్దాం:

**దశ 1: జాన్ ఇంటి నుండి ఎంత దూరానికి వెళ్ళాడో లెక్కించడం**
జాన్ గంటకు 60 మైళ్ల వేగంతో 3 గంటల పాటు ప్రయాణించాడు.
దూరం = వేగం $\times$ సమయం
దూరం = $60 \times 3 = 180$ మైళ్లు.
కాబట్టి, అతను వెనక్కి తిరిగే సమయానికి ఇంటి నుండి 180 మైళ్ల దూరంలో ఉన్నాడు.

**దశ 2: తిరిగి వచ్చే ప్రయాణంలో 4 గంటల్లో అతను ప్రయాణించిన దూరాన్ని లెక్కించడం**
అతను ఇంటికి చేరుకోవడానికి 4 గంటల సమయాన్ని కేటాయించుకున్నాడు. ఆ సమయంలో జరిగిన ప్రయాణం ఇలా ఉంది:

1. **మొదటి 2 గంటలు:** ట్రాఫిక్‌లో ఆగిపోయాడు.
   వేగం = 0 మైళ్లు/గంట
   దూరం = $0 \times 2 = 0$ మైళ్లు.

2. **తదుపరి అర్ధ గంట (0.5 గంట):** 30 మైళ్ల వేగంతో ప్రయాణించాడు.
   దూరం = $30 \times 0.5 = 15$ మైళ్లు.

3. **మిగిలిన సమయం:** మొత్తం 4 గంటలలో 2.5 గంటలు (2 + 0.5) పూర్తయ్యాయి. కాబట్టి మిగిలిన సమయం $4 - 2.5 = 1.5$ గంటలు. ఈ సమయంలో అతను గంటకు 80 మైళ్ల వేగంతో ప్రయాణించాడు.
   దూరం = $80 \times 1.5 = 120$ మైళ్లు.

**దశ 3: 4 గంటల్లో ప్రయాణించిన మొత్తం దూరాన్ని లెక్కించడం**
మొత్తం ప్రయాణించిన దూరం = $0 + 15 + 120 = 135$ మైళ్లు.

**దశ 4: ఇంటి నుండి అతను ప్రస్తుతం ఎంత దూరంలో ఉన్నాడో లెక్కించడం**
అతను మొదట ఇంటి నుండి 180 మైళ్ల దూరానికి వెళ్ళాడు, తిరిగి వచ్చేటప్పుడు 135 మైళ్లు ప్రయాణించాడు.
ఇంటి నుండి ప్రస్తుత దూరం = ప్రారంభ దూరం - తిరిగి ప్రయాణించిన దూరం
ఇంటి నుండి ప్రస్తుత దూరం = $180 - 135 = 45$ మైళ్లు.

**ముగింపు:**
ఆ 4 గంటలు ముగిసిన తర్వాత జాన్ ఇంటి నుండి **45 మైళ్ల** దూరంలో ఉంటాడు.

**జవాబు: 45 మైళ్లు**",Qwen3.5-27B,1.0,True,The candidate solution correctly calculates the initial distance from home (180 miles) and the total distance covered during the return trip (135 miles). The final distance from home is correctly determined by subtracting the return distance from the initial distance (180 - 135 = 45 miles). All intermediate calculations and logical steps are mathematically valid.,"{
  ""score"": 1.0,
  ""correct"": true,
  ""reason"": ""The candidate solution correctly calculates the initial distance from home (180 miles) and the total distance covered during the return trip (135 miles). The final distance from home is correctly determined by subtracting the return distance from the initial distance (180 - 135 = 45 miles). All intermediate calculations and logical steps are mathematically valid.""
}","The user wants me to evaluate a mathematical solution provided in Telugu.

**1. Analyze the Question:**
*   **Initial Trip:** John travels at 60 mph for 3 hours.
    *   Distance away from home = $60 \times 3 = 180$ miles.
*   **Return Trip:** He turns back to return home.
*   **Time Constraint:** He tries to reach home in 4 hours.
*   **Return Trip Details:**
    *   First 2 hours: Stuck in traffic (Speed = 0). Distance = 0.
    *   Next 0.5 hours (30 mins): Travels at 30 mph. Distance = $30 \times 0.5 = 15$ miles.
    *   Remaining time: Total time allowed is 4 hours. Time used so far = $2 + 0.5 = 2.5$ hours. Remaining time = $4 - 2.5 = 1.5$ hours.
    *   Speed for remaining time: 80 mph. Distance = $80 \times 1.5 = 120$ miles.
*   **Question:** After these 4 hours, how far is he from home?

**2. Solve Independently:**
*   **Initial Distance from Home:** $60 \text{ mph} \times 3 \text{ hours} = 180 \text{ miles}$.
*   **Return Journey Distance Covered:**
    *   Part 1 (0-2 hrs): $0 \text{ mph} \times 2 \text{ hrs} = 0 \text{ miles}$.
    *   Part 2 (2-2.5 hrs): $30 \text{ mph} \times 0.5 \text{ hrs} = 15 \text{ miles}$.
    *   Part 3 (2.5-4 hrs): $80 \text{ mph} \times 1.5 \text{ hrs} = 120 \text{ miles}$.
    *   Total Return Distance = $0 + 15 + 120 = 135 \text{ miles}$.
*   **Final Position:**
    *   He started"
Gemma-4-31B,9,P5,"జాన్ గంటకు 60 మైళ్ల వేగంతో 3 గంటలపాటు ప్రయాణించాడు, ఇంటి వద్ద ముఖ్యమైనది ఏదో మర్చిపోయినట్లుగా అతడు అర్థం చేసుకోవడంతో వెనక్కి తిరిగాడు. అతడు 4 గంటల్లో ఇంటికి చేరుకోవడానికి ప్రయత్నిస్తాడు. కానీ మొదటి 2 గంటలు అతడు కదలకుండా ఆగిపోయిన ట్రాఫిక్‌లో గడిపాడు. అతడు తరువాత అర్ధ గంట 30 మైళ్ల వేగంతో ప్రయాణించాడు, 4 గంటల్లో మిగిన సమయాన్ని అతడు గంటకు 80 మైళ్ల వేగంతో ప్రయాణించగలుగుతాడు. ఆ 4 గంటలు ముగిసిన తరువాత అతడు ఇంటి నుంచి ఎంత దూరంలో ఉంటాడు?","Carefully solve the following mathematical problem. Provide a step-by-step solution and conclude with the final answer.

Problem:
జాన్ గంటకు 60 మైళ్ల వేగంతో 3 గంటలపాటు ప్రయాణించాడు, ఇంటి వద్ద ముఖ్యమైనది ఏదో మర్చిపోయినట్లుగా అతడు అర్థం చేసుకోవడంతో వెనక్కి తిరిగాడు. అతడు 4 గంటల్లో ఇంటికి చేరుకోవడానికి ప్రయత్నిస్తాడు. కానీ మొదటి 2 గంటలు అతడు కదలకుండా ఆగిపోయిన ట్రాఫిక్‌లో గడిపాడు. అతడు తరువాత అర్ధ గంట 30 మైళ్ల వేగంతో ప్రయాణించాడు, 4 గంటల్లో మిగిన సమయాన్ని అతడు గంటకు 80 మైళ్ల వేగంతో ప్రయాణించగలుగుతాడు. ఆ 4 గంటలు ముగిసిన తరువాత అతడు ఇంటి నుంచి ఎంత దూరంలో ఉంటాడు?","*   John travels at 60 mph for 3 hours.
    *   He realizes he forgot something and turns back.
    *   He wants to reach home in 4 hours.
    *   Traffic: He stays still (0 mph) for the first 2 hours of that 4-hour window.
    *   Next: He travels at 30 mph for half an hour (0.5 hours).
    *   Remaining time in the 4-hour window: He travels at 80 mph.
    *   Question: How far is he from home after the 4 hours are up?

    *   Speed = 60 mph
    *   Time = 3 hours
    *   Distance = Speed × Time = $60 \times 3 = 180$ miles.
    *   So, John is 180 miles away from home when he decides to turn back.

    *   Total time allowed: 4 hours.
    *   *Segment 1 (Traffic):*
        *   Time = 2 hours.
        *   Speed = 0 mph.
        *   Distance covered = $0 \times 2 = 0$ miles.
    *   *Segment 2 (Slow speed):*
        *   Time = 0.5 hours (half an hour).
        *   Speed = 30 mph.
        *   Distance covered = $30 \times 0.5 = 15$ miles.
    *   *Segment 3 (Fast speed):*
        *   Remaining time = Total time - (Segment 1 time + Segment 2 time).
        *   Remaining time = $4 - (2 + 0.5) = 4 - 2.5 = 1.5$ hours.
        *   Speed = 80 mph.
        *   Distance covered = $80 \times 1.5 = 120$ miles.

    *   Total distance covered towards home = Distance(S1) + Distance(S2) + Distance(S3).
    *   Total distance covered = $0 + 15 + 120 = 135$ miles.

    *   Starting distance from home = 180 miles.
    *   Distance traveled back towards home = 135 miles.
    *   Remaining distance from home = $180 - 135 = 45$ miles.

    *   Initial trip: $60 \times 3 = 180$ miles away.
    *   Return trip (4 hours):
        *   $0 \text{ mph} \times 2 \text{ hours} = 0$ miles.
        *   $30 \text{ mph} \times 0.5 \text{ hours} = 15$ miles.
        *   $80 \text{ mph} \times (4 - 2 - 0.5) = 80 \times 1.5 = 120$ miles.
    *   Total distance back = $0 + 15 + 120 = 135$ miles.
    *   Distance from home = $180 - 135 = 45$ miles.

    *   జాన్ గంటకు 60 మైళ్ల వేగంతో 3 గంటలపాటు ప్రయాణించాడు: $60 \times 3 = 180$ మైళ్లు. (John traveled at 60 mph for 3 hours: 180 miles).
    *   ఇంటికి తిరిగి రావడానికి 4 గంటల సమయం తీసుకున్నాడు. (He took 4 hours to return).
    *   మొదటి 2 గంటలు ట్రాఫిక్‌లో ఆగిపోయాడు: $0 \times 2 = 0$ మైళ్లు. (First 2 hours stopped in traffic: 0 miles).
    *   తర్వాతి అర్ధ గంట 30 మైళ్ల వేగంతో ప్రయాణించాడు: $30 \times 0.5 = 15$ మైళ్లు. (Next half hour at 30 mph: 15 miles).
    *   మిగిలిన సమయం ($4 - 2 - 0.5 = 1.5$ గంటలు) 80 మైళ్ల వేగంతో ప్రయాణించాడు: $80 \times 1.5 = 120$ మైళ్లు. (Remaining time 1.5 hours at 80 mph: 120 miles).
    *   మొత్తం ప్రయాణించిన దూరం: $0 + 15 + 120 = 135$ మైళ్లు. (Total distance traveled: 135 miles).
    *   ఇంటి నుంచి దూరం: $180 - 135 = 45$ మైళ్లు. (Distance from home: 45 miles).","ఈ సమస్యను దశలవారీగా పరిష్కరిద్దాం:

**దశ 1: జాన్ ఇంటి నుండి ఎంత దూరంలో ఉన్నాడో లెక్కించడం.**
జాన్ గంటకు 60 మైళ్ల వేగంతో 3 గంటల పాటు ప్రయాణించాడు.
దూరం = వేగం $\times$ సమయం
దూరం = $60 \text{ మైళ్లు/గంట} \times 3 \text{ గంటలు} = 180 \text{ మైళ్లు}$.
కాబట్టి, జాన్ ఇంటి నుండి 180 మైళ్ల దూరంలో ఉన్నాడు.

**దశ 2: తిరిగి ఇంటికి వచ్చే ప్రయాణంలో ప్రయాణించిన దూరాన్ని లెక్కించడం.**
అతడు తిరిగి రావడానికి 4 గంటల సమయం తీసుకున్నాడు. ఆ 4 గంటలలో జరిగిన ప్రయాణం ఇలా ఉంది:
1. **మొదటి 2 గంటలు:** ట్రాఫిక్ కారణంగా కదలకుండా ఆగిపోయాడు.
   దూరం = $0 \text{ మైళ్లు/గంట} \times 2 \text{ గంటలు} = 0 \text{ మైళ్లు}$.
2. **తర్వాతి అర్ధ గంట (0.5 గంట):** 30 మైళ్ల వేగంతో ప్రయాణించాడు.
   దూరం = $30 \text{ మైళ్లు/గంట} \times 0.5 \text{ గంటలు} = 15 \text{ మైళ్లు}$.
3. **మిగిలిన సమయం:** మొత్తం 4 గంటలలో, ఇప్పటికే $2 + 0.5 = 2.5$ గంటలు గడిచాయి.
   మిగిలిన సమయం = $4 - 2.5 = 1.5$ గంటలు.
   ఈ సమయంలో అతడు గంటకు 80 మైళ్ల వేగంతో ప్రయాణించాడు.
   దూరం = $80 \text{ మైళ్లు/గంట} \times 1.5 \text{ గంటలు} = 12",Qwen3.5-27B,0.0,False,"The candidate solution is incomplete and cuts off mid-calculation. It correctly calculates the initial distance (180 miles) and the first two segments of the return trip (0 miles and 15 miles). However, it stops abruptly while calculating the distance for the final segment ('12' instead of '120') and fails to sum the return distances or subtract them from the initial distance to find the final answer. Therefore, the solution is mathematically incomplete and does not provide the final result.","{
  ""score"": 0.0,
  ""correct"": false,
  ""reason"": ""The candidate solution is incomplete and cuts off mid-calculation. It correctly calculates the initial distance (180 miles) and the first two segments of the return trip (0 miles and 15 miles). However, it stops abruptly while calculating the distance for the final segment ('12' instead of '120') and fails to sum the return distances or subtract them from the initial distance to find the final answer. Therefore, the solution is mathematically incomplete and does not provide the final result.""
}","The user wants me to evaluate a mathematical solution provided in Telugu.

**1. Analyze the Question:**
*   **Initial Trip:** John travels at 60 mph for 3 hours.
    *   Distance from home = $60 \times 3 = 180$ miles.
*   **Return Trip:** He tries to get home in 4 hours.
    *   **Phase 1:** Stuck in traffic for the first 2 hours.
        *   Distance covered = 0 miles.
        *   Time elapsed = 2 hours.
    *   **Phase 2:** Travels for half an hour (0.5 hours) at 30 mph.
        *   Distance covered = $30 \times 0.5 = 15$ miles.
        *   Time elapsed = $2 + 0.5 = 2.5$ hours.
    *   **Phase 3:** Travels for the remaining time of the 4 hours at 80 mph.
        *   Remaining time = $4 - 2.5 = 1.5$ hours.
        *   Distance covered = $80 \times 1.5 = 120$ miles.
*   **Total Return Distance:** $0 + 15 + 120 = 135$ miles.
*   **Final Position:** He started 180 miles away. He traveled 135 miles back towards home.
    *   Distance from home = $180 - 135 = 45$ miles.

**2. Analyze the Candidate Solution:**
*   **Step 1:** Calculates initial distance.
    *   $60 \times 3 = 180$ miles. (Correct)
*   **Step 2:** Calculates return trip distance.
    *   First 2 hours: 0 miles. (Correct)
    *   Next 0.5 hours: $30 \times 0.5 = 15$ miles. (Correct)
    *   Remaining time: $4 - 2.5 = 1.5$ hours. (Correct)
    *   Distance for remaining time: $80 \times 1.5 = 120$ miles"
Gemma-4-31B,10,P1,"ఎలీజా ప్రతివారం ఆమె పని చేసే మొదటి 40 గంటలకు గంటకు $10 రేటును పొందుతుంది. ఆమె ఓవర్ టైమ్ చెల్లింపును రెగ్యులర్ గంట రేటుకు 1.2 చొప్పున కూడా పొందుతుంది. ఎలీజా ఈ వారం 45 గంటలు పనిచేసినట్లయితే, ఈ వారానికి ఆమె ఎంత సంపాదిస్తుంది?","Solve the following math problem step by step. Show your reasoning clearly and provide the final answer.

Problem:
ఎలీజా ప్రతివారం ఆమె పని చేసే మొదటి 40 గంటలకు గంటకు $10 రేటును పొందుతుంది. ఆమె ఓవర్ టైమ్ చెల్లింపును రెగ్యులర్ గంట రేటుకు 1.2 చొప్పున కూడా పొందుతుంది. ఎలీజా ఈ వారం 45 గంటలు పనిచేసినట్లయితే, ఈ వారానికి ఆమె ఎంత సంపాదిస్తుంది?","*   Regular pay: $10 per hour for the first 40 hours.
    *   Overtime pay: 1.2 times the regular hourly rate for hours beyond 40.
    *   Total hours worked this week: 45 hours.
    *   Goal: Calculate the total earnings for the week.

    *   Regular hours = 40 hours.
    *   Hourly rate = $10/hour.
    *   Regular pay = Regular hours × Hourly rate.
    *   Regular pay = $40 \times 10 = \$400$.

    *   Total hours = 45 hours.
    *   Regular hours = 40 hours.
    *   Overtime hours = Total hours - Regular hours.
    *   Overtime hours = $45 - 40 = 5$ hours.

    *   Regular rate = $10/hour.
    *   Overtime multiplier = 1.2.
    *   Overtime rate = $10 \times 1.2 = \$12$/hour.

    *   Overtime hours = 5 hours.
    *   Overtime rate = $12/hour.
    *   Overtime pay = Overtime hours × Overtime rate.
    *   Overtime pay = $5 \times 12 = \$60$.

    *   Total earnings = Regular pay + Overtime pay.
    *   Total earnings = $\$400 + \$60 = \$460$.

    *   Regular pay calculation: $40 \times 10 = 400$. Correct.
    *   Overtime hours calculation: $45 - 40 = 5$. Correct.
    *   Overtime rate calculation: $10 \times 1.2 = 12$. Correct.
    *   Overtime pay calculation: $5 \times 12 = 60$. Correct.
    *   Total: $400 + 60 = 460$. Correct.","ఈ సమస్యను దశలవారీగా పరిష్కరిద్దాం:

**దత్తాంశం (Given):**
*   రెగ్యులర్ పని గంటలు = 40 గంటలు
*   గంటకు రేటు = $10
*   ఓవర్ టైమ్ రేటు = రెగ్యులర్ రేటు $\times$ 1.2
*   ఈ వారం పనిచేసిన మొత్తం గంటలు = 45 గంటలు

**దశ 1: రెగ్యులర్ సంపాదనను లెక్కించడం**
ఎలీజా మొదటి 40 గంటలకు గంటకు $10 చొప్పున పొందుతుంది.
$$\text{రెగ్యులర్ సంపాదన} = 40 \text{ గంటలు} \times \$10/\text{గంట} = \$400$$

**దశ 2: ఓవర్ టైమ్ గంటలను లెక్కించడం**
మొత్తం పనిచేసిన గంటల నుండి రెగ్యులర్ గంటలను తీసివేయాలి.
$$\text{ఓవర్ టైమ్ గంటలు} = 45 \text{ గంటలు} - 40 \text{ గంటలు} = 5 \text{ గంటలు}$$

**దశ 3: ఓవర్ టైమ్ గంటకు వచ్చే రేటును లెక్కించడం**
ఓవర్ టైమ్ రేటు రెగ్యులర్ రేటుకు 1.2 రెట్లు ఉంటుంది.
$$\text{ఓవర్ టైమ్ రేటు} = \$10 \times 1.2 = \$12/\text{గంట}$$

**దశ 4: ఓవర్ టైమ్ సంపాదనను లెక్కించడం**
$$\text{ఓవర్ టైమ్ సంపాదన} = 5 \text{ గంటలు} \times \$12/\text{గంట} = \$60$$

**దశ 5: మొత్తం వారపు సంపాదనను లెక్కించడం**
$$\text{మొత్తం సంపాదన} = \text{రెగ్యులర్ సంపాదన} + \text{ఓవర్ టైమ్ సంపాదన}$$
$$\text{మొత్తం సంపాదన} = \$400 + \$60 = \$460$$

**ముగింపు:**
ఎలీజా ఈ వారానికి మొత్తం **$460** సంపాదిస్తుంది.",Qwen3.5-27B,1.0,True,"The candidate solution correctly calculates regular earnings ($400), overtime hours (5), overtime rate ($12), overtime earnings ($60), and the total sum ($460). All mathematical steps and logic are valid.","{
  ""score"": 1.0,
  ""correct"": true,
  ""reason"": ""The candidate solution correctly calculates regular earnings ($400), overtime hours (5), overtime rate ($12), overtime earnings ($60), and the total sum ($460). All mathematical steps and logic are valid.""
}","The user wants me to evaluate a mathematical solution provided in Telugu.

**1. Analyze the Question:**
*   **Regular Rate:** $10 per hour for the first 40 hours.
*   **Overtime Rate:** 1.2 times the regular rate.
*   **Total Hours Worked:** 45 hours.
*   **Goal:** Calculate total earnings for the week.

**2. Solve Independently:**
*   **Regular Hours:** 40 hours.
*   **Regular Pay:** $40 \times 10 = \$400$.
*   **Overtime Hours:** $45 - 40 = 5$ hours.
*   **Overtime Rate:** $10 \times 1.2 = \$12$ per hour.
*   **Overtime Pay:** $5 \times 12 = \$60$.
*   **Total Pay:** $400 + 60 = \$460$.

**3. Evaluate the Candidate Solution:**
*   **Given Data:** Correctly identified (Regular hours = 40, Rate = $10, OT multiplier = 1.2, Total hours = 45).
*   **Step 1 (Regular Earnings):** $40 \times 10 = 400$. Correct.
*   **Step 2 (Overtime Hours):** $45 - 40 = 5$. Correct.
*   **Step 3 (Overtime Rate):** $10 \times 1.2 = 12$. Correct.
*   **Step 4 (Overtime Earnings):** $5 \times 12 = 60$. Correct.
*   **Step 5 (Total Earnings):** $400 + 60 = 460$. Correct.
*   **Conclusion:** States $460. Correct.

**4. Check for Errors:**
*   Mathematical logic is sound.
*   Calculations are accurate.
*   Language is Telugu, which is allowed.
*   No substantive errors found.

**5. Formulate Output:**
*   Score: 1.0
*   Correct: true
*   Reason: The solution correctly identifies regular and overtime hours, calculates the overtime rate accurately"
Gemma-4-31B,10,P2,"ఎలీజా ప్రతివారం ఆమె పని చేసే మొదటి 40 గంటలకు గంటకు $10 రేటును పొందుతుంది. ఆమె ఓవర్ టైమ్ చెల్లింపును రెగ్యులర్ గంట రేటుకు 1.2 చొప్పున కూడా పొందుతుంది. ఎలీజా ఈ వారం 45 గంటలు పనిచేసినట్లయితే, ఈ వారానికి ఆమె ఎంత సంపాదిస్తుంది?","Please solve the following math problem carefully. Explain your solution step by step and clearly state the final answer.

Problem:
ఎలీజా ప్రతివారం ఆమె పని చేసే మొదటి 40 గంటలకు గంటకు $10 రేటును పొందుతుంది. ఆమె ఓవర్ టైమ్ చెల్లింపును రెగ్యులర్ గంట రేటుకు 1.2 చొప్పున కూడా పొందుతుంది. ఎలీజా ఈ వారం 45 గంటలు పనిచేసినట్లయితే, ఈ వారానికి ఆమె ఎంత సంపాదిస్తుంది?","*   Regular hours: First 40 hours per week.
    *   Regular pay rate: $10 per hour.
    *   Overtime pay rate: 1.2 times the regular hourly rate.
    *   Total hours worked this week: 45 hours.
    *   Goal: Calculate the total earnings for the week.

    *   Regular hours = 40 hours.
    *   Regular rate = $10/hour.
    *   Regular earnings = Regular hours × Regular rate
    *   Regular earnings = 40 hours × $10/hour = $400.

    *   Total hours = 45 hours.
    *   Regular hours = 40 hours.
    *   Overtime hours = Total hours - Regular hours
    *   Overtime hours = 45 - 40 = 5 hours.

    *   Regular rate = $10/hour.
    *   Overtime multiplier = 1.2.
    *   Overtime rate = Regular rate × Overtime multiplier
    *   Overtime rate = $10/hour × 1.2 = $12/hour.

    *   Overtime hours = 5 hours.
    *   Overtime rate = $12/hour.
    *   Overtime earnings = Overtime hours × Overtime rate
    *   Overtime earnings = 5 hours × $12/hour = $60.

    *   Total earnings = Regular earnings + Overtime earnings
    *   Total earnings = $400 + $60 = $460.

    *   Step 1: Regular pay = 40 * 10 = 400.
    *   Step 2: Overtime hours = 45 - 40 = 5.
    *   Step 3: Overtime rate = 10 * 1.2 = 12.
    *   Step 4: Overtime pay = 5 * 12 = 60.
    *   Step 5: Total pay = 400 + 60 = 460.

    *   ""ఎలీజా ప్రతివారం ఆమె పని చేసే మొదటి 40 గంటలకు గంటకు $10 రేటును పొందుతుంది."" (Regular pay)
    *   ""ఆమె ఓవర్ టైమ్ చెల్లింపును రెగ్యులర్ గంట రేటుకు 1.2 చొప్పున కూడా పొందుతుంది."" (Overtime rate)
    *   ""ఎలీజా ఈ వారం 45 గంటలు పనిచేసినట్లయితే, ఈ వారానికి ఆమె ఎంత సంపాదిస్తుంది?"" (Total earnings)

    *   రెగ్యులర్ సంపాదన (Regular Earnings): 40 గంటలు × $10 = $400.
    *   ఓవర్ టైమ్ గంటలు (Overtime Hours): 45 - 40 = 5 గంటలు.
    *   ఓవర్ టైమ్ రేటు (Overtime Rate): $10 × 1.2 = $12.
    *   ఓవర్ టైమ్ సంపాదన (Overtime Earnings): 5 గంటలు × $12 = $60.
    *   మొత్తం సంపాదన (Total Earnings): $400 + $60 = $460.","ఈ సమస్యను దశలవారీగా పరిష్కరిద్దాం:

**1. రెగ్యులర్ గంటల సంపాదనను లెక్కించడం:**
ఎలీజా మొదటి 40 గంటలకు గంటకు $10 రేటు పొందుతుంది.
*   రెగ్యులర్ సంపాదన = 40 గంటలు × $10/గంట = **$400**

**2. ఓవర్ టైమ్ గంటలను లెక్కించడం:**
ఆమె ఈ వారం మొత్తం 45 గంటలు పనిచేసింది.
*   ఓవర్ టైమ్ గంటలు = మొత్తం గంటలు - రెగ్యులర్ గంటలు
*   ఓవర్ టైమ్ గంటలు = 45 - 40 = **5 గంటలు**

**3. ఓవర్ టైమ్ గంట రేటును లెక్కించడం:**
ఓవర్ టైమ్ రేటు రెగ్యులర్ రేటుకు 1.2 రెట్లు ఉంటుంది.
*   ఓవర్ టైమ్ రేటు = $10 × 1.2 = **$12/గంట**

**4. ఓవర్ టైమ్ సంపాదనను లెక్కించడం:**
*   ఓవర్ టైమ్ సంపాదన = 5 గంటలు × $12/గంట = **$60**

**5. మొత్తం వారపు సంపాదనను లెక్కించడం:**
*   మొత్తం సంపాదన = రెగ్యులర్ సంపాదన + ఓవర్ టైమ్ సంపాదన
*   మొత్తం సంపాదన = $400 + $60 = **$460**

**తుది సమాధానం:**
ఎలీజా ఈ వారానికి మొత్తం **$460** సంపాదిస్తుంది.",Qwen3.5-27B,1.0,True,"The candidate solution correctly calculates regular earnings ($400), overtime hours (5), overtime rate ($12), and overtime earnings ($60). The final sum ($460) is mathematically accurate based on the problem statement.","{
  ""score"": 1.0,
  ""correct"": true,
  ""reason"": ""The candidate solution correctly calculates regular earnings ($400), overtime hours (5), overtime rate ($12), and overtime earnings ($60). The final sum ($460) is mathematically accurate based on the problem statement.""
}","The user wants me to evaluate a mathematical solution provided in Telugu.

**1. Analyze the Question:**
*   **Regular Rate:** $10 per hour for the first 40 hours.
*   **Overtime Rate:** 1.2 times the regular rate.
*   **Total Hours Worked:** 45 hours.
*   **Goal:** Calculate total earnings for the week.

**2. Solve Independently:**
*   **Regular Hours:** 40 hours.
*   **Regular Pay:** $40 \times 10 = \$400$.
*   **Overtime Hours:** $45 - 40 = 5$ hours.
*   **Overtime Rate:** $10 \times 1.2 = \$12$ per hour.
*   **Overtime Pay:** $5 \times 12 = \$60$.
*   **Total Pay:** $400 + 60 = \$460$.

**3. Evaluate the Candidate Solution:**
*   **Step 1 (Regular Earnings):** Calculates $40 \times 10 = 400$. Correct.
*   **Step 2 (Overtime Hours):** Calculates $45 - 40 = 5$. Correct.
*   **Step 3 (Overtime Rate):** Calculates $10 \times 1.2 = 12$. Correct.
*   **Step 4 (Overtime Earnings):** Calculates $5 \times 12 = 60$. Correct.
*   **Step 5 (Total Earnings):** Calculates $400 + 60 = 460$. Correct.
*   **Final Answer:** $460. Correct.

**4. Conclusion:**
The candidate solution is mathematically correct. The reasoning is clear, steps are logical, and calculations are accurate.

**5. Construct JSON Output:**
*   score: 1.0
*   correct: true
*   reason: Explain that the calculations for regular pay, overtime hours, overtime rate, and total pay are all correct.

Let's draft the reason.
The candidate correctly identifies regular hours (40) and overtime hours (5). The regular pay calculation ($400) is correct. The overtime rate calculation ($"
Gemma-4-31B,10,P3,"ఎలీజా ప్రతివారం ఆమె పని చేసే మొదటి 40 గంటలకు గంటకు $10 రేటును పొందుతుంది. ఆమె ఓవర్ టైమ్ చెల్లింపును రెగ్యులర్ గంట రేటుకు 1.2 చొప్పున కూడా పొందుతుంది. ఎలీజా ఈ వారం 45 గంటలు పనిచేసినట్లయితే, ఈ వారానికి ఆమె ఎంత సంపాదిస్తుంది?","Work through the following math problem step by step. Show how you arrive at the answer and give the final result.

Problem:
ఎలీజా ప్రతివారం ఆమె పని చేసే మొదటి 40 గంటలకు గంటకు $10 రేటును పొందుతుంది. ఆమె ఓవర్ టైమ్ చెల్లింపును రెగ్యులర్ గంట రేటుకు 1.2 చొప్పున కూడా పొందుతుంది. ఎలీజా ఈ వారం 45 గంటలు పనిచేసినట్లయితే, ఈ వారానికి ఆమె ఎంత సంపాదిస్తుంది?","*   Regular hours: First 40 hours.
    *   Regular rate: $10 per hour.
    *   Overtime rate: 1.2 times the regular rate.
    *   Total hours worked this week: 45 hours.
    *   Goal: Find the total earnings for the week.

    *   Regular hours = 40
    *   Regular rate = $10/hour
    *   Regular pay = Regular hours × Regular rate
    *   Regular pay = $40 \times 10 = $400$

    *   Total hours = 45
    *   Regular hours = 40
    *   Overtime hours = Total hours - Regular hours
    *   Overtime hours = $45 - 40 = 5$ hours

    *   Overtime rate = Regular rate × 1.2
    *   Overtime rate = $10 \times 1.2 = $12$ per hour

    *   Overtime pay = Overtime hours × Overtime rate
    *   Overtime pay = $5 \times 12 = $60$

    *   Total earnings = Regular pay + Overtime pay
    *   Total earnings = $400 + 60 = $460$

    *   Regular pay: $40 \times 10 = 400$. Correct.
    *   Overtime hours: $45 - 40 = 5$. Correct.
    *   Overtime rate: $10 \times 1.2 = 12$. Correct.
    *   Overtime pay: $5 \times 12 = 60$. Correct.
    *   Total: $400 + 60 = 460$. Correct.

    *   Regular pay calculation: రెగ్యులర్ పే = 40 గంటలు × $10 = $400.
    *   Overtime hours: ఓవర్ టైమ్ గంటలు = 45 - 40 = 5 గంటలు.
    *   Overtime rate: ఓవర్ టైమ్ రేటు = $10 × 1.2 = $12.
    *   Overtime pay: ఓవర్ టైమ్ పే = 5 గంటలు × $12 = $60.
    *   Total pay: మొత్తం సంపాదన = $400 + $60 = $460.","ఈ సమస్యను దశలవారీగా పరిష్కరిద్దాం:

**1. రెగ్యులర్ గంటల సంపాదనను లెక్కించడం:**
ఎలీజా మొదటి 40 గంటలకు గంటకు $10 రేటు పొందుతుంది.
రెగ్యులర్ పే = 40 గంటలు × $10
రెగ్యులర్ పే = **$400**

**2. ఓవర్ టైమ్ గంటలను లెక్కించడం:**
ఆమె మొత్తం 45 గంటలు పనిచేసింది. అందులో మొదటి 40 గంటలు రెగ్యులర్ గంటలు.
ఓవర్ టైమ్ గంటలు = మొత్తం గంటలు - రెగ్యులర్ గంటలు
ఓవర్ టైమ్ గంటలు = 45 - 40 = **5 గంటలు**

**3. ఓవర్ టైమ్ గంట రేటును లెక్కించడం:**
ఓవర్ టైమ్ రేటు రెగ్యులర్ రేటుకు 1.2 రెట్లు ఉంటుంది.
ఓవర్ టైమ్ రేటు = $10 × 1.2
ఓవర్ టైమ్ రేటు = **$12**

**4. ఓవర్ టైమ్ సంపాదనను లెక్కించడం:**
ఓవర్ టైమ్ పే = ఓవర్ టైమ్ గంటలు × ఓవర్ టైమ్ రేటు
ఓవర్ టైమ్ పే = 5 గంటలు × $12
ఓవర్ టైమ్ పే = **$60**

**5. మొత్తం వారపు సంపాదనను లెక్కించడం:**
మొత్తం సంపాదన = రెగ్యులర్ పే + ఓవర్ టైమ్ పే
మొత్తం సంపాదన = $400 + $60
మొత్తం సంపాదన = **$460**

**జవాబు:**
ఎలీజా ఈ వారానికి మొత్తం **$460** సంపాదిస్తుంది.",Qwen3.5-27B,1.0,True,"The candidate solution correctly calculates the regular pay ($400 for 40 hours), determines the overtime hours (5 hours), calculates the overtime rate ($12/hour), computes the overtime pay ($60), and sums them to get the correct total earnings of $460. All steps and calculations are mathematically valid.","{
  ""score"": 1.0,
  ""correct"": true,
  ""reason"": ""The candidate solution correctly calculates the regular pay ($400 for 40 hours), determines the overtime hours (5 hours), calculates the overtime rate ($12/hour), computes the overtime pay ($60), and sums them to get the correct total earnings of $460. All steps and calculations are mathematically valid.""
}","The user wants me to evaluate a mathematical solution provided in Telugu.

**1. Analyze the Question:**
- **Regular Rate:** $10 per hour for the first 40 hours.
- **Overtime Rate:** 1.2 times the regular rate.
- **Total Hours Worked:** 45 hours.
- **Goal:** Calculate total earnings for the week.

**2. Solve Independently:**
- **Regular Hours:** 40 hours.
- **Regular Pay:** $40 \times 10 = \$400$.
- **Overtime Hours:** $45 - 40 = 5$ hours.
- **Overtime Rate:** $10 \times 1.2 = \$12$ per hour.
- **Overtime Pay:** $5 \times 12 = \$60$.
- **Total Pay:** $400 + 60 = \$460$.

**3. Evaluate the Candidate Solution:**
- **Step 1 (Regular Pay):** Calculates $40 \times 10 = 400$. Correct.
- **Step 2 (Overtime Hours):** Calculates $45 - 40 = 5$. Correct.
- **Step 3 (Overtime Rate):** Calculates $10 \times 1.2 = 12$. Correct.
- **Step 4 (Overtime Pay):** Calculates $5 \times 12 = 60$. Correct.
- **Step 5 (Total Pay):** Calculates $400 + 60 = 460$. Correct.
- **Final Answer:** $460. Correct.

**4. Check for Errors:**
- The logic is sound.
- The calculations are accurate.
- The language is Telugu, which matches the question.
- No mathematical errors found.

**5. Formulate the Output:**
- Score: 1.0
- Correct: true
- Reason: The solution correctly identifies regular hours, overtime hours, calculates the overtime rate, and sums the earnings accurately.

**JSON Structure:**
```json
{
  ""score"": 1.0,
  ""correct"": true,
  ""reason"": ""The candidate solution correctly calculates regular pay ($400), overtime hours (5),"
Gemma-4-31B,10,P4,"ఎలీజా ప్రతివారం ఆమె పని చేసే మొదటి 40 గంటలకు గంటకు $10 రేటును పొందుతుంది. ఆమె ఓవర్ టైమ్ చెల్లింపును రెగ్యులర్ గంట రేటుకు 1.2 చొప్పున కూడా పొందుతుంది. ఎలీజా ఈ వారం 45 గంటలు పనిచేసినట్లయితే, ఈ వారానికి ఆమె ఎంత సంపాదిస్తుంది?","Find the solution to the following problem. Explain your reasoning and calculations before giving the final answer.

Problem:
ఎలీజా ప్రతివారం ఆమె పని చేసే మొదటి 40 గంటలకు గంటకు $10 రేటును పొందుతుంది. ఆమె ఓవర్ టైమ్ చెల్లింపును రెగ్యులర్ గంట రేటుకు 1.2 చొప్పున కూడా పొందుతుంది. ఎలీజా ఈ వారం 45 గంటలు పనిచేసినట్లయితే, ఈ వారానికి ఆమె ఎంత సంపాదిస్తుంది?","*   Employee: Eliza.
    *   Regular hours per week: First 40 hours.
    *   Regular hourly rate: $10 per hour.
    *   Overtime rate: 1.2 times the regular hourly rate.
    *   Total hours worked this week: 45 hours.
    *   Goal: Calculate the total earnings for the week.

    *   Regular hours = 40 hours.
    *   Regular pay = Regular hours $\times$ Regular rate.
    *   Regular pay = $40 \text{ hours} \times \$10/\text{hour} = \$400$.

    *   Total hours worked = 45 hours.
    *   Overtime hours = Total hours - Regular hours.
    *   Overtime hours = $45 - 40 = 5$ hours.

    *   Overtime rate = $1.2 \times$ Regular rate.
    *   Overtime rate = $1.2 \times \$10/\text{hour} = \$12/\text{hour}$.

    *   Overtime pay = Overtime hours $\times$ Overtime rate.
    *   Overtime pay = $5 \text{ hours} \times \$12/\text{hour} = \$60$.

    *   Total earnings = Regular pay + Overtime pay.
    *   Total earnings = $\$400 + \$60 = \$460$.

    *   Regular hours: 40 * 10 = 400.
    *   Overtime hours: 5.
    *   Overtime rate: 10 * 1.2 = 12.
    *   Overtime pay: 5 * 12 = 60.
    *   Total: 400 + 60 = 460.

    *   Translate the steps into Telugu as requested.
    *   Ensure terminology is correct (e.g., Regular rate = సాధారణ గంట రేటు, Overtime = ఓవర్ టైమ్).","ఈ సమస్యను పరిష్కరించడానికి మనం ఎలీజా సంపాదనను రెండు భాగాలుగా లెక్కించాలి: సాధారణ పని గంటల సంపాదన మరియు ఓవర్ టైమ్ గంటల సంపాదన.

**దశలవారీ వివరణ:**

1.  **సాధారణ పని గంటల సంపాదన (Regular Pay):**
    *   ఎలీజా మొదటి 40 గంటలకు గంటకు $10 రేటు పొందుతుంది.
    *   సాధారణ సంపాదన = $40 \text{ గంటలు} \times \$10/\text{గంట} = \$400$.

2.  **ఓవర్ టైమ్ గంటల సంఖ్య (Overtime Hours):**
    *   ఆమె ఈ వారం మొత్తం 45 గంటలు పనిచేసింది.
    *   ఓవర్ టైమ్ గంటలు = మొత్తం గంటలు - సాధారణ గంటలు
    *   ఓవర్ టైమ్ గంటలు = $45 - 40 = 5 \text{ గంటలు}$.

3.  **ఓవర్ టైమ్ గంట రేటు (Overtime Rate):**
    *   ఓవర్ టైమ్ రేటు అనేది సాధారణ రేటుకు 1.2 రెట్లు.
    *   ఓవర్ టైమ్ రేటు = $\$10 \times 1.2 = \$12/\text{గంట}$.

4.  **ఓవర్ టైమ్ సంపాదన (Overtime Pay):**
    *   ఓవర్ టైమ్ సంపాదన = ఓవర్ టైమ్ గంటలు $\times$ ఓవర్ టైమ్ రేటు
    *   ఓవర్ టైమ్ సంపాదన = $5 \text{ గంటలు} \times \$12/\text{గంట} = \$60$.

5.  **మొత్తం సంపాదన (Total Earnings):**
    *   మొత్తం సంపాదన = సాధారణ సంపాదన + ఓవర్ టైమ్ సంపాదన
    *   మొత్తం సంపాదన = $\$400 + \$60 = \$460$.

**ముగింపు:**
ఎలీజా ఈ వారానికి మొత్తం **$460** సంపాదిస్తుంది.",Qwen3.5-27B,1.0,True,"The candidate solution correctly calculates the regular pay ($400 for 40 hours at $10/hr), determines the overtime hours (5 hours), calculates the overtime rate ($12/hr), computes the overtime pay ($60), and sums them to get the correct total earnings of $460. All mathematical steps and logic are valid.","{
  ""score"": 1.0,
  ""correct"": true,
  ""reason"": ""The candidate solution correctly calculates the regular pay ($400 for 40 hours at $10/hr), determines the overtime hours (5 hours), calculates the overtime rate ($12/hr), computes the overtime pay ($60), and sums them to get the correct total earnings of $460. All mathematical steps and logic are valid.""
}","The user wants me to evaluate a mathematical solution provided in Telugu.

**1. Analyze the Question:**
*   **Regular Rate:** $10 per hour for the first 40 hours.
*   **Overtime Rate:** 1.2 times the regular rate.
*   **Total Hours Worked:** 45 hours.
*   **Goal:** Calculate total earnings for the week.

**2. Solve Independently:**
*   **Regular Hours:** 40 hours.
*   **Regular Pay:** $40 \times 10 = 400$.
*   **Overtime Hours:** $45 - 40 = 5$ hours.
*   **Overtime Rate:** $10 \times 1.2 = 12$ per hour.
*   **Overtime Pay:** $5 \times 12 = 60$.
*   **Total Pay:** $400 + 60 = 460$.

**3. Evaluate the Candidate Solution:**
*   **Step 1 (Regular Pay):** Calculates $40 \times 10 = 400$. Correct.
*   **Step 2 (Overtime Hours):** Calculates $45 - 40 = 5$. Correct.
*   **Step 3 (Overtime Rate):** Calculates $10 \times 1.2 = 12$. Correct.
*   **Step 4 (Overtime Pay):** Calculates $5 \times 12 = 60$. Correct.
*   **Step 5 (Total Earnings):** Calculates $400 + 60 = 460$. Correct.
*   **Conclusion:** States $460. Correct.

**4. Check for Errors:**
*   The logic is sound.
*   The calculations are accurate.
*   The interpretation of ""1.2 times the regular rate"" is correct (some contexts use 1.5, but the problem explicitly states 1.2).
*   The language is Telugu, which is allowed.

**5. Formulate the Output:**
*   Score: 1.0
*   Correct: true
*   Reason: The solution correctly identifies regular hours (40) and overtime hours (5). It correctly calculates the"
Gemma-4-31B,10,P5,"ఎలీజా ప్రతివారం ఆమె పని చేసే మొదటి 40 గంటలకు గంటకు $10 రేటును పొందుతుంది. ఆమె ఓవర్ టైమ్ చెల్లింపును రెగ్యులర్ గంట రేటుకు 1.2 చొప్పున కూడా పొందుతుంది. ఎలీజా ఈ వారం 45 గంటలు పనిచేసినట్లయితే, ఈ వారానికి ఆమె ఎంత సంపాదిస్తుంది?","Carefully solve the following mathematical problem. Provide a step-by-step solution and conclude with the final answer.

Problem:
ఎలీజా ప్రతివారం ఆమె పని చేసే మొదటి 40 గంటలకు గంటకు $10 రేటును పొందుతుంది. ఆమె ఓవర్ టైమ్ చెల్లింపును రెగ్యులర్ గంట రేటుకు 1.2 చొప్పున కూడా పొందుతుంది. ఎలీజా ఈ వారం 45 గంటలు పనిచేసినట్లయితే, ఈ వారానికి ఆమె ఎంత సంపాదిస్తుంది?","*   Regular pay rate: $10 per hour for the first 40 hours.
    *   Overtime rate: 1.2 times the regular hourly rate.
    *   Total hours worked this week: 45 hours.
    *   Goal: Calculate total earnings for the week.

    *   Regular hours = 40 hours.
    *   Regular rate = $10/hour.
    *   Regular pay = Regular hours × Regular rate = 40 * 10 = $400.

    *   Total hours = 45 hours.
    *   Regular hours = 40 hours.
    *   Overtime hours = Total hours - Regular hours = 45 - 40 = 5 hours.

    *   Regular rate = $10/hour.
    *   Overtime multiplier = 1.2.
    *   Overtime rate = Regular rate × Multiplier = 10 * 1.2 = $12/hour.

    *   Overtime pay = Overtime hours × Overtime rate = 5 * 12 = $60.

    *   Total earnings = Regular pay + Overtime pay = 400 + 60 = $460.

    *   Regular hours (40) * $10 = $400.
    *   Overtime hours (45-40=5) * ($10 * 1.2 = $12) = 5 * 12 = $60.
    *   Total = $400 + $60 = $460.

    *   Translate the steps into Telugu as requested.

    *   Step 1: Regular pay calculation (సాధారణ వేతనం).
    *   Step 2: Overtime hours calculation (ఓవర్‌టైమ్ గంటలు).
    *   Step 3: Overtime rate calculation (ఓవర్‌టైమ్ రేటు).
    *   Step 4: Overtime pay calculation (ఓవర్‌టైమ్ వేతనం).
    *   Step 5: Total earnings calculation (మొత్తం సంపాదన).","ఈ సమస్యను దశలవారీగా పరిష్కరిద్దాం:

**1. సాధారణ వేతనం (Regular Pay) గణన:**
ఎలీజా మొదటి 40 గంటలకు గంటకు $10 రేటును పొందుతుంది.
సాధారణ వేతనం = 40 గంటలు $\times$ $10/గంట = $400.

**2. ఓవర్‌టైమ్ గంటల (Overtime Hours) గణన:**
ఆమె ఈ వారం మొత్తం 45 గంటలు పనిచేసింది.
ఓవర్‌టైమ్ గంటలు = మొత్తం గంటలు - సాధారణ గంటలు
ఓవర్‌టైమ్ గంటలు = 45 - 40 = 5 గంటలు.

**3. ఓవర్‌టైమ్ రేటు (Overtime Rate) గణన:**
ఓవర్‌టైమ్ చెల్లింపు సాధారణ రేటుకు 1.2 రెట్లు ఉంటుంది.
ఓవర్‌టైమ్ రేటు = $10 $\times$ 1.2 = $12/గంట.

**4. ఓవర్‌టైమ్ వేతనం (Overtime Pay) గణన:**
ఓవర్‌టైమ్ వేతనం = ఓవర్‌టైమ్ గంటలు $\times$ ఓవర్‌టైమ్ రేటు
ఓవర్‌టైమ్ వేతనం = 5 గంటలు $\times$ $12/గంట = $60.

**5. మొత్తం సంపాదన (Total Earnings) గణన:**
మొత్తం సంపాదన = సాధారణ వేతనం + ఓవర్‌టైమ్ వేతనం
మొత్తం సంపాదన = $400 + $60 = $460.

**ముగింపు:**
ఎలీజా ఈ వారానికి మొత్తం **$460** సంపాదిస్తుంది.",Qwen3.5-27B,1.0,True,"The candidate solution correctly calculates the regular pay ($400), overtime hours (5), overtime rate ($12), overtime pay ($60), and total earnings ($460). All mathematical steps and the final answer are accurate.","{
  ""score"": 1.0,
  ""correct"": true,
  ""reason"": ""The candidate solution correctly calculates the regular pay ($400), overtime hours (5), overtime rate ($12), overtime pay ($60), and total earnings ($460). All mathematical steps and the final answer are accurate.""
}","The user wants me to evaluate a mathematical solution provided in Telugu.

**1. Analyze the Question:**
- **Regular Rate:** $10 per hour for the first 40 hours.
- **Overtime Rate:** 1.2 times the regular rate.
- **Total Hours Worked:** 45 hours.
- **Goal:** Calculate total earnings for the week.

**2. Solve Independently:**
- **Regular Hours:** 40 hours.
- **Regular Pay:** $40 \times 10 = \$400$.
- **Overtime Hours:** $45 - 40 = 5$ hours.
- **Overtime Rate:** $10 \times 1.2 = \$12$ per hour.
- **Overtime Pay:** $5 \times 12 = \$60$.
- **Total Earnings:** $400 + 60 = \$460$.

**3. Evaluate the Candidate Solution:**
- **Step 1 (Regular Pay):** Calculates $40 \times 10 = 400$. Correct.
- **Step 2 (Overtime Hours):** Calculates $45 - 40 = 5$. Correct.
- **Step 3 (Overtime Rate):** Calculates $10 \times 1.2 = 12$. Correct.
- **Step 4 (Overtime Pay):** Calculates $5 \times 12 = 60$. Correct.
- **Step 5 (Total Earnings):** Calculates $400 + 60 = 460$. Correct.
- **Conclusion:** States $460. Correct.

**4. Check for Errors:**
- The logic is sound.
- The calculations are accurate.
- The language is Telugu, which matches the question.
- No mathematical errors found.

**5. Formulate Output:**
- Score: 1.0
- Correct: true
- Reason: The solution correctly calculates regular pay, overtime hours, overtime rate, overtime pay, and total earnings. All steps and calculations are mathematically valid.

**6. JSON Structure:**
- Must be valid JSON.
- Fields: ""score"", ""correct"", ""reason"".

Let's draft the reason.
""The candidate solution correctly identifies"
